Reset succeeded: [0. 0. 0. 0. 0. 0.]
    max|Quu|=1.001e+01, cond(Quu)=1.001e+05
    max|Quu|=1.314e+01, cond(Quu)=1.201e+05
    max|Quu|=1.552e+01, cond(Quu)=1.315e+05
    max|Quu|=1.669e+01, cond(Quu)=1.337e+05
    max|Quu|=1.714e+01, cond(Quu)=1.324e+05
    max|Quu|=1.730e+01, cond(Quu)=1.307e+05
    max|Quu|=1.735e+01, cond(Quu)=1.294e+05
    max|Quu|=1.737e+01, cond(Quu)=1.285e+05
    max|Quu|=1.738e+01, cond(Quu)=1.280e+05
    max|Quu|=1.738e+01, cond(Quu)=1.276e+05
    max|Quu|=1.738e+01, cond(Quu)=1.273e+05
    max|Quu|=1.738e+01, cond(Quu)=1.271e+05
    max|Quu|=1.738e+01, cond(Quu)=1.269e+05
    max|Quu|=1.738e+01, cond(Quu)=1.268e+05
    max|Quu|=1.738e+01, cond(Quu)=1.266e+05
    max|Quu|=1.738e+01, cond(Quu)=1.265e+05
    max|Quu|=1.738e+01, cond(Quu)=1.263e+05
    max|Quu|=1.738e+01, cond(Quu)=1.261e+05
    max|Quu|=1.739e+01, cond(Quu)=1.259e+05
    max|Quu|=1.739e+01, cond(Quu)=1.258e+05
    max|Quu|=1.739e+01, cond(Quu)=1.256e+05
    max|Quu|=1.739e+01, cond(Quu)=1.254e+05
    max|Quu|=1.739e+01, cond(Quu)=1.252e+05
    max|Quu|=1.739e+01, cond(Quu)=1.250e+05
    max|Quu|=1.739e+01, cond(Quu)=1.248e+05
    max|Quu|=1.740e+01, cond(Quu)=1.247e+05
    max|Quu|=1.740e+01, cond(Quu)=1.245e+05
    max|Quu|=1.740e+01, cond(Quu)=1.243e+05
    max|Quu|=1.740e+01, cond(Quu)=1.241e+05
    max|Quu|=1.740e+01, cond(Quu)=1.239e+05
    max|Quu|=1.741e+01, cond(Quu)=1.238e+05
    max|Quu|=1.741e+01, cond(Quu)=1.236e+05
    max|Quu|=1.741e+01, cond(Quu)=1.235e+05
    max|Quu|=1.742e+01, cond(Quu)=1.233e+05
    max|Quu|=1.742e+01, cond(Quu)=1.232e+05
    max|Quu|=1.742e+01, cond(Quu)=1.230e+05
    max|Quu|=1.743e+01, cond(Quu)=1.229e+05
    max|Quu|=1.743e+01, cond(Quu)=1.228e+05
    max|Quu|=1.744e+01, cond(Quu)=1.227e+05
    max|Quu|=1.744e+01, cond(Quu)=1.226e+05
    max|Quu|=1.745e+01, cond(Quu)=1.225e+05
    max|Quu|=1.745e+01, cond(Quu)=1.225e+05
    max|Quu|=1.746e+01, cond(Quu)=1.224e+05
    max|Quu|=1.747e+01, cond(Quu)=1.223e+05
    max|Quu|=1.747e+01, cond(Quu)=1.223e+05
    max|Quu|=1.748e+01, cond(Quu)=1.222e+05
    max|Quu|=1.749e+01, cond(Quu)=1.222e+05
    max|Quu|=1.750e+01, cond(Quu)=1.222e+05
    max|Quu|=1.750e+01, cond(Quu)=1.222e+05
    max|Quu|=1.751e+01, cond(Quu)=1.222e+05
    max|Quu|=1.752e+01, cond(Quu)=1.222e+05
    max|Quu|=1.753e+01, cond(Quu)=1.222e+05
    max|Quu|=1.754e+01, cond(Quu)=1.222e+05
    max|Quu|=1.755e+01, cond(Quu)=1.222e+05
    max|Quu|=1.757e+01, cond(Quu)=1.223e+05
    max|Quu|=1.758e+01, cond(Quu)=1.223e+05
    max|Quu|=1.759e+01, cond(Quu)=1.224e+05
    max|Quu|=1.760e+01, cond(Quu)=1.224e+05
    max|Quu|=1.762e+01, cond(Quu)=1.225e+05
    max|Quu|=1.763e+01, cond(Quu)=1.225e+05
    max|Quu|=1.764e+01, cond(Quu)=1.226e+05
    max|Quu|=1.766e+01, cond(Quu)=1.227e+05
    max|Quu|=1.767e+01, cond(Quu)=1.227e+05
    max|Quu|=1.768e+01, cond(Quu)=1.228e+05
    max|Quu|=1.770e+01, cond(Quu)=1.229e+05
    max|Quu|=1.771e+01, cond(Quu)=1.230e+05
    max|Quu|=1.773e+01, cond(Quu)=1.231e+05
    max|Quu|=1.774e+01, cond(Quu)=1.232e+05
    max|Quu|=1.776e+01, cond(Quu)=1.233e+05
    max|Quu|=1.777e+01, cond(Quu)=1.233e+05
    max|Quu|=1.778e+01, cond(Quu)=1.234e+05
    max|Quu|=1.780e+01, cond(Quu)=1.235e+05
    max|Quu|=1.781e+01, cond(Quu)=1.236e+05
    max|Quu|=1.782e+01, cond(Quu)=1.237e+05
    max|Quu|=1.784e+01, cond(Quu)=1.238e+05
    max|Quu|=1.785e+01, cond(Quu)=1.238e+05
    max|Quu|=1.786e+01, cond(Quu)=1.239e+05
    max|Quu|=1.787e+01, cond(Quu)=1.240e+05
    max|Quu|=1.788e+01, cond(Quu)=1.240e+05
    max|Quu|=1.789e+01, cond(Quu)=1.241e+05
    max|Quu|=1.790e+01, cond(Quu)=1.242e+05
    max|Quu|=1.791e+01, cond(Quu)=1.242e+05
    max|Quu|=1.792e+01, cond(Quu)=1.243e+05
    max|Quu|=1.793e+01, cond(Quu)=1.243e+05
    max|Quu|=1.793e+01, cond(Quu)=1.244e+05
    max|Quu|=1.794e+01, cond(Quu)=1.244e+05
    max|Quu|=1.794e+01, cond(Quu)=1.244e+05
    max|Quu|=1.794e+01, cond(Quu)=1.244e+05
    max|Quu|=1.794e+01, cond(Quu)=1.244e+05
    max|Quu|=1.795e+01, cond(Quu)=1.244e+05
    max|Quu|=1.795e+01, cond(Quu)=1.245e+05
    max|Quu|=1.796e+01, cond(Quu)=1.245e+05
    max|Quu|=1.795e+01, cond(Quu)=1.245e+05
    max|Quu|=1.795e+01, cond(Quu)=1.244e+05
    max|Quu|=1.795e+01, cond(Quu)=1.244e+05
    max|Quu|=1.795e+01, cond(Quu)=1.244e+05
    max|Quu|=1.795e+01, cond(Quu)=1.244e+05
    max|Quu|=1.795e+01, cond(Quu)=1.243e+05
    max|Quu|=1.794e+01, cond(Quu)=1.243e+05
    max|Quu|=1.793e+01, cond(Quu)=1.242e+05
    max|Quu|=1.792e+01, cond(Quu)=1.241e+05
    max|Quu|=1.792e+01, cond(Quu)=1.241e+05
    max|Quu|=1.791e+01, cond(Quu)=1.240e+05
    max|Quu|=1.791e+01, cond(Quu)=1.240e+05
    max|Quu|=1.790e+01, cond(Quu)=1.239e+05
    max|Quu|=1.789e+01, cond(Quu)=1.238e+05
    max|Quu|=1.788e+01, cond(Quu)=1.237e+05
    max|Quu|=1.787e+01, cond(Quu)=1.236e+05
    max|Quu|=1.785e+01, cond(Quu)=1.235e+05
    max|Quu|=1.784e+01, cond(Quu)=1.234e+05
    max|Quu|=1.783e+01, cond(Quu)=1.234e+05
    max|Quu|=1.783e+01, cond(Quu)=1.234e+05
    max|Quu|=1.783e+01, cond(Quu)=1.234e+05
    max|Quu|=1.783e+01, cond(Quu)=1.234e+05
    max|Quu|=1.782e+01, cond(Quu)=1.233e+05
    max|Quu|=1.781e+01, cond(Quu)=1.233e+05
    max|Quu|=1.780e+01, cond(Quu)=1.232e+05
    max|Quu|=1.778e+01, cond(Quu)=1.232e+05
    max|Quu|=1.777e+01, cond(Quu)=1.231e+05
    max|Quu|=1.776e+01, cond(Quu)=1.231e+05
    max|Quu|=1.776e+01, cond(Quu)=1.232e+05
    max|Quu|=1.776e+01, cond(Quu)=1.233e+05
    max|Quu|=1.776e+01, cond(Quu)=1.233e+05
    max|Quu|=1.776e+01, cond(Quu)=1.234e+05
    max|Quu|=1.776e+01, cond(Quu)=1.235e+05
    max|Quu|=1.775e+01, cond(Quu)=1.235e+05
    max|Quu|=1.774e+01, cond(Quu)=1.235e+05
    max|Quu|=1.774e+01, cond(Quu)=1.235e+05
    max|Quu|=1.774e+01, cond(Quu)=1.236e+05
    max|Quu|=1.774e+01, cond(Quu)=1.237e+05
    max|Quu|=1.774e+01, cond(Quu)=1.237e+05
    max|Quu|=1.774e+01, cond(Quu)=1.237e+05
    max|Quu|=1.773e+01, cond(Quu)=1.238e+05
    max|Quu|=1.773e+01, cond(Quu)=1.237e+05
    max|Quu|=1.773e+01, cond(Quu)=1.238e+05
    max|Quu|=1.773e+01, cond(Quu)=1.238e+05
    max|Quu|=1.773e+01, cond(Quu)=1.238e+05
    max|Quu|=1.773e+01, cond(Quu)=1.238e+05
    max|Quu|=1.773e+01, cond(Quu)=1.239e+05
    max|Quu|=1.773e+01, cond(Quu)=1.239e+05
    max|Quu|=1.773e+01, cond(Quu)=1.239e+05
    max|Quu|=1.773e+01, cond(Quu)=1.239e+05
    max|Quu|=1.774e+01, cond(Quu)=1.239e+05
    max|Quu|=1.774e+01, cond(Quu)=1.239e+05
    max|Quu|=1.774e+01, cond(Quu)=1.239e+05
    max|Quu|=1.774e+01, cond(Quu)=1.239e+05
    max|Quu|=1.774e+01, cond(Quu)=1.238e+05
    max|Quu|=1.774e+01, cond(Quu)=1.238e+05
    max|Quu|=1.774e+01, cond(Quu)=1.238e+05
    max|Quu|=1.774e+01, cond(Quu)=1.238e+05
    max|Quu|=1.774e+01, cond(Quu)=1.238e+05
    max|Quu|=1.775e+01, cond(Quu)=1.238e+05
    max|Quu|=1.775e+01, cond(Quu)=1.238e+05
    max|Quu|=1.776e+01, cond(Quu)=1.238e+05
    max|Quu|=1.776e+01, cond(Quu)=1.238e+05
    max|Quu|=1.777e+01, cond(Quu)=1.238e+05
    max|Quu|=1.777e+01, cond(Quu)=1.238e+05
    max|Quu|=1.778e+01, cond(Quu)=1.238e+05
    max|Quu|=1.778e+01, cond(Quu)=1.238e+05
    max|Quu|=1.779e+01, cond(Quu)=1.238e+05
    max|Quu|=1.779e+01, cond(Quu)=1.238e+05
    max|Quu|=1.780e+01, cond(Quu)=1.238e+05
    max|Quu|=1.780e+01, cond(Quu)=1.238e+05
    max|Quu|=1.781e+01, cond(Quu)=1.238e+05
    max|Quu|=1.781e+01, cond(Quu)=1.239e+05
    max|Quu|=1.782e+01, cond(Quu)=1.239e+05
    max|Quu|=1.782e+01, cond(Quu)=1.239e+05
    max|Quu|=1.783e+01, cond(Quu)=1.239e+05
    max|Quu|=1.783e+01, cond(Quu)=1.239e+05
    max|Quu|=1.784e+01, cond(Quu)=1.239e+05
    max|Quu|=1.784e+01, cond(Quu)=1.239e+05
    max|Quu|=1.785e+01, cond(Quu)=1.240e+05
    max|Quu|=1.785e+01, cond(Quu)=1.240e+05
    max|Quu|=1.786e+01, cond(Quu)=1.240e+05
    max|Quu|=1.786e+01, cond(Quu)=1.240e+05
    max|Quu|=1.786e+01, cond(Quu)=1.240e+05
    max|Quu|=1.787e+01, cond(Quu)=1.241e+05
    max|Quu|=1.787e+01, cond(Quu)=1.241e+05
    max|Quu|=1.787e+01, cond(Quu)=1.241e+05
    max|Quu|=1.788e+01, cond(Quu)=1.241e+05
    max|Quu|=1.788e+01, cond(Quu)=1.241e+05
    max|Quu|=1.789e+01, cond(Quu)=1.242e+05
    max|Quu|=1.790e+01, cond(Quu)=1.242e+05
    max|Quu|=1.790e+01, cond(Quu)=1.243e+05
    max|Quu|=1.790e+01, cond(Quu)=1.243e+05
    max|Quu|=1.791e+01, cond(Quu)=1.243e+05
    max|Quu|=1.791e+01, cond(Quu)=1.243e+05
    max|Quu|=1.791e+01, cond(Quu)=1.243e+05
    max|Quu|=1.791e+01, cond(Quu)=1.243e+05
    max|Quu|=1.791e+01, cond(Quu)=1.243e+05
    max|Quu|=1.790e+01, cond(Quu)=1.243e+05
    max|Quu|=1.790e+01, cond(Quu)=1.243e+05
    max|Quu|=1.790e+01, cond(Quu)=1.243e+05
    max|Quu|=1.790e+01, cond(Quu)=1.242e+05
    max|Quu|=1.790e+01, cond(Quu)=1.242e+05
    max|Quu|=1.789e+01, cond(Quu)=1.242e+05
    max|Quu|=1.790e+01, cond(Quu)=1.243e+05
    max|Quu|=1.790e+01, cond(Quu)=1.243e+05
    max|Quu|=1.790e+01, cond(Quu)=1.243e+05
    max|Quu|=1.790e+01, cond(Quu)=1.243e+05
    max|Quu|=1.790e+01, cond(Quu)=1.243e+05
    max|Quu|=1.789e+01, cond(Quu)=1.242e+05
    max|Quu|=1.789e+01, cond(Quu)=1.242e+05
    max|Quu|=1.788e+01, cond(Quu)=1.242e+05
    max|Quu|=1.787e+01, cond(Quu)=1.241e+05
    max|Quu|=1.787e+01, cond(Quu)=1.241e+05
    max|Quu|=1.786e+01, cond(Quu)=1.240e+05
    max|Quu|=1.786e+01, cond(Quu)=1.240e+05
    max|Quu|=1.785e+01, cond(Quu)=1.240e+05
    max|Quu|=1.784e+01, cond(Quu)=1.240e+05
    max|Quu|=1.784e+01, cond(Quu)=1.239e+05
    max|Quu|=1.784e+01, cond(Quu)=1.239e+05
    max|Quu|=1.783e+01, cond(Quu)=1.239e+05
    max|Quu|=1.783e+01, cond(Quu)=1.239e+05
    max|Quu|=1.783e+01, cond(Quu)=1.239e+05
    max|Quu|=1.783e+01, cond(Quu)=1.239e+05
    max|Quu|=1.783e+01, cond(Quu)=1.240e+05
    max|Quu|=1.783e+01, cond(Quu)=1.240e+05
    max|Quu|=1.782e+01, cond(Quu)=1.240e+05
    max|Quu|=1.782e+01, cond(Quu)=1.240e+05
    max|Quu|=1.782e+01, cond(Quu)=1.240e+05
    max|Quu|=1.782e+01, cond(Quu)=1.240e+05
    max|Quu|=1.782e+01, cond(Quu)=1.241e+05
    max|Quu|=1.782e+01, cond(Quu)=1.241e+05
    max|Quu|=1.782e+01, cond(Quu)=1.240e+05
    max|Quu|=1.781e+01, cond(Quu)=1.240e+05
    max|Quu|=1.780e+01, cond(Quu)=1.239e+05
    max|Quu|=1.779e+01, cond(Quu)=1.239e+05
    max|Quu|=1.778e+01, cond(Quu)=1.238e+05
    max|Quu|=1.777e+01, cond(Quu)=1.238e+05
    max|Quu|=1.776e+01, cond(Quu)=1.237e+05
    max|Quu|=1.774e+01, cond(Quu)=1.235e+05
    max|Quu|=1.772e+01, cond(Quu)=1.233e+05
    max|Quu|=1.768e+01, cond(Quu)=1.230e+05
    max|Quu|=1.763e+01, cond(Quu)=1.225e+05
    max|Quu|=1.755e+01, cond(Quu)=1.218e+05
    max|Quu|=1.744e+01, cond(Quu)=1.208e+05
    max|Quu|=1.726e+01, cond(Quu)=1.193e+05
    max|Quu|=1.700e+01, cond(Quu)=1.169e+05
    max|Quu|=1.660e+01, cond(Quu)=1.132e+05
    max|Quu|=1.597e+01, cond(Quu)=1.071e+05
    max|Quu|=1.493e+01, cond(Quu)=9.610e+04
    max|Quu|=1.313e+01, cond(Quu)=7.500e+04
    max|Quu|=9.835e+00, cond(Quu)=3.607e+04
    max|Quu|=4.509e+00, cond(Quu)=3.320e+03
    max|Quu|=1.870e+00, cond(Quu)=1.284e+02
    max|Quu|=2.808e+00, cond(Quu)=6.273e+01
    max|Quu|=2.858e+00, cond(Quu)=1.564e+01
    max|Quu|=2.884e+00, cond(Quu)=4.854e+00
    max|Quu|=3.516e+00, cond(Quu)=2.246e+00
    max|Quu|=7.485e+00, cond(Quu)=1.480e+00
    max|Quu|=1.592e+01, cond(Quu)=1.206e+00
    max|Quu|=3.381e+01, cond(Quu)=1.094e+00
    max|Quu|=7.173e+01, cond(Quu)=1.044e+00
    max|Quu|=1.520e+02, cond(Quu)=1.021e+00
    max|Quu|=3.219e+02, cond(Quu)=1.010e+00
    max|Quu|=6.807e+02, cond(Quu)=1.005e+00
    max|Quu|=1.438e+03, cond(Quu)=1.002e+00
    max|Quu|=3.036e+03, cond(Quu)=1.001e+00
    max|Quu|=6.402e+03, cond(Quu)=1.001e+00
    max|Quu|=1.349e+04, cond(Quu)=1.000e+00
    max|Quu|=2.840e+04, cond(Quu)=1.000e+00
    max|Quu|=5.973e+04, cond(Quu)=1.000e+00
    max|Quu|=1.255e+05, cond(Quu)=1.000e+00
    max|Quu|=2.636e+05, cond(Quu)=1.000e+00
    max|Quu|=5.531e+05, cond(Quu)=1.000e+00
    max|Quu|=1.160e+06, cond(Quu)=1.000e+00
    max|Quu|=2.430e+06, cond(Quu)=1.000e+00
    max|Quu|=5.088e+06, cond(Quu)=1.000e+00
    max|Quu|=1.065e+07, cond(Quu)=1.000e+00
    max|Quu|=2.226e+07, cond(Quu)=1.000e+00
    max|Quu|=4.651e+07, cond(Quu)=1.000e+00
    max|Quu|=9.711e+07, cond(Quu)=1.000e+00
    max|Quu|=2.026e+08, cond(Quu)=1.000e+00
    max|Quu|=4.226e+08, cond(Quu)=1.000e+00
    max|Quu|=8.808e+08, cond(Quu)=1.000e+00
    max|Quu|=1.835e+09, cond(Quu)=1.000e+00
    max|Quu|=3.820e+09, cond(Quu)=1.000e+00
    max|Quu|=7.949e+09, cond(Quu)=1.000e+00
    max|Quu|=1.653e+10, cond(Quu)=1.000e+00
    max|Quu|=3.437e+10, cond(Quu)=1.000e+00
    max|Quu|=7.141e+10, cond(Quu)=1.000e+00
    max|Quu|=1.483e+11, cond(Quu)=1.000e+00
    max|Quu|=3.078e+11, cond(Quu)=1.000e+00
    max|Quu|=6.385e+11, cond(Quu)=1.000e+00
    max|Quu|=1.324e+12, cond(Quu)=1.000e+00
    max|Quu|=2.743e+12, cond(Quu)=1.000e+00
    max|Quu|=5.681e+12, cond(Quu)=1.000e+00
    max|Quu|=1.176e+13, cond(Quu)=1.000e+00
    max|Quu|=2.434e+13, cond(Quu)=1.000e+00
    max|Quu|=5.035e+13, cond(Quu)=1.000e+00
    max|Quu|=1.041e+14, cond(Quu)=1.000e+00
    max|Quu|=2.151e+14, cond(Quu)=1.000e+00
    max|Quu|=4.444e+14, cond(Quu)=1.000e+00
    max|Quu|=9.174e+14, cond(Quu)=1.000e+00
    max|Quu|=1.893e+15, cond(Quu)=1.000e+00
    max|Quu|=3.905e+15, cond(Quu)=1.000e+00
    max|Quu|=8.053e+15, cond(Quu)=1.000e+00
    max|Quu|=1.660e+16, cond(Quu)=1.000e+00
    max|Quu|=3.419e+16, cond(Quu)=1.000e+00
    max|Quu|=7.038e+16, cond(Quu)=1.000e+00
    max|Quu|=1.448e+17, cond(Quu)=1.000e+00
    max|Quu|=2.979e+17, cond(Quu)=1.000e+00
    max|Quu|=6.124e+17, cond(Quu)=1.000e+00
    max|Quu|=1.259e+18, cond(Quu)=1.000e+00
    max|Quu|=2.586e+18, cond(Quu)=1.000e+00
    max|Quu|=5.310e+18, cond(Quu)=1.000e+00
    max|Quu|=1.090e+19, cond(Quu)=1.000e+00
    max|Quu|=2.236e+19, cond(Quu)=1.000e+00
    max|Quu|=4.586e+19, cond(Quu)=1.000e+00
    max|Quu|=9.399e+19, cond(Quu)=1.000e+00
    max|Quu|=1.925e+20, cond(Quu)=1.000e+00
    max|Quu|=3.942e+20, cond(Quu)=1.000e+00
    max|Quu|=8.068e+20, cond(Quu)=1.000e+00
    max|Quu|=1.650e+21, cond(Quu)=1.000e+00
    max|Quu|=3.375e+21, cond(Quu)=1.000e+00
    max|Quu|=6.898e+21, cond(Quu)=1.000e+00
    max|Quu|=1.409e+22, cond(Quu)=1.000e+00
    max|Quu|=2.879e+22, cond(Quu)=1.000e+00
    max|Quu|=5.877e+22, cond(Quu)=1.000e+00
    max|Quu|=1.199e+23, cond(Quu)=1.000e+00
    max|Quu|=2.446e+23, cond(Quu)=1.000e+00
    max|Quu|=4.987e+23, cond(Quu)=1.000e+00
    max|Quu|=1.016e+24, cond(Quu)=1.000e+00
    max|Quu|=2.071e+24, cond(Quu)=1.000e+00
    max|Quu|=4.218e+24, cond(Quu)=1.000e+00
    max|Quu|=8.586e+24, cond(Quu)=1.000e+00
    max|Quu|=1.747e+25, cond(Quu)=1.000e+00
    max|Quu|=3.554e+25, cond(Quu)=1.000e+00
    max|Quu|=7.227e+25, cond(Quu)=1.000e+00
    max|Quu|=1.469e+26, cond(Quu)=1.000e+00
    max|Quu|=2.985e+26, cond(Quu)=1.000e+00
    max|Quu|=6.064e+26, cond(Quu)=1.000e+00
    max|Quu|=1.231e+27, cond(Quu)=1.000e+00
    max|Quu|=2.500e+27, cond(Quu)=1.000e+00
    max|Quu|=5.072e+27, cond(Quu)=1.000e+00
    max|Quu|=1.029e+28, cond(Quu)=1.000e+00
    max|Quu|=2.086e+28, cond(Quu)=1.000e+00
    max|Quu|=4.228e+28, cond(Quu)=1.000e+00
    max|Quu|=8.567e+28, cond(Quu)=1.000e+00
    max|Quu|=1.735e+29, cond(Quu)=1.000e+00
    max|Quu|=3.514e+29, cond(Quu)=1.000e+00
    max|Quu|=7.113e+29, cond(Quu)=1.000e+00
    max|Quu|=1.439e+30, cond(Quu)=1.000e+00
    max|Quu|=2.911e+30, cond(Quu)=1.000e+00
    max|Quu|=5.887e+30, cond(Quu)=1.000e+00
    max|Quu|=1.190e+31, cond(Quu)=1.000e+00
    max|Quu|=2.404e+31, cond(Quu)=1.000e+00
    max|Quu|=4.857e+31, cond(Quu)=1.000e+00
    max|Quu|=9.807e+31, cond(Quu)=1.000e+00
    max|Quu|=1.980e+32, cond(Quu)=1.000e+00
    max|Quu|=3.995e+32, cond(Quu)=1.000e+00
    max|Quu|=8.059e+32, cond(Quu)=1.000e+00
    max|Quu|=1.625e+33, cond(Quu)=1.000e+00
    max|Quu|=3.276e+33, cond(Quu)=1.000e+00
    max|Quu|=6.602e+33, cond(Quu)=1.000e+00
    max|Quu|=1.330e+34, cond(Quu)=1.000e+00
    max|Quu|=2.679e+34, cond(Quu)=1.000e+00
    max|Quu|=5.392e+34, cond(Quu)=1.000e+00
    max|Quu|=1.085e+35, cond(Quu)=1.000e+00
    max|Quu|=2.183e+35, cond(Quu)=1.000e+00
    max|Quu|=4.391e+35, cond(Quu)=1.000e+00
    max|Quu|=8.827e+35, cond(Quu)=1.000e+00
    max|Quu|=1.774e+36, cond(Quu)=1.000e+00
    max|Quu|=3.564e+36, cond(Quu)=1.000e+00
    max|Quu|=7.156e+36, cond(Quu)=1.000e+00
    max|Quu|=1.437e+37, cond(Quu)=1.000e+00
    max|Quu|=2.883e+37, cond(Quu)=1.000e+00
    max|Quu|=5.783e+37, cond(Quu)=1.000e+00
    max|Quu|=1.160e+38, cond(Quu)=1.000e+00
    max|Quu|=2.325e+38, cond(Quu)=1.000e+00
    max|Quu|=4.658e+38, cond(Quu)=1.000e+00
    max|Quu|=9.330e+38, cond(Quu)=1.000e+00
    max|Quu|=1.868e+39, cond(Quu)=1.000e+00
    max|Quu|=3.739e+39, cond(Quu)=1.000e+00
    max|Quu|=7.481e+39, cond(Quu)=1.000e+00
    max|Quu|=1.496e+40, cond(Quu)=1.000e+00
    max|Quu|=2.991e+40, cond(Quu)=1.000e+00
    max|Quu|=5.978e+40, cond(Quu)=1.000e+00
    max|Quu|=1.194e+41, cond(Quu)=1.000e+00
    max|Quu|=2.384e+41, cond(Quu)=1.000e+00
    max|Quu|=4.759e+41, cond(Quu)=1.000e+00
    max|Quu|=9.494e+41, cond(Quu)=1.000e+00
    max|Quu|=1.893e+42, cond(Quu)=1.000e+00
    max|Quu|=3.774e+42, cond(Quu)=1.000e+00
    max|Quu|=7.519e+42, cond(Quu)=1.000e+00
    max|Quu|=1.497e+43, cond(Quu)=1.000e+00
    max|Quu|=2.980e+43, cond(Quu)=1.000e+00
    max|Quu|=5.930e+43, cond(Quu)=1.000e+00
    max|Quu|=1.179e+44, cond(Quu)=1.000e+00
    max|Quu|=2.344e+44, cond(Quu)=1.000e+00
    max|Quu|=4.655e+44, cond(Quu)=1.000e+00
    max|Quu|=9.241e+44, cond(Quu)=1.000e+00
    max|Quu|=1.834e+45, cond(Quu)=1.000e+00
    max|Quu|=3.636e+45, cond(Quu)=1.000e+00
    max|Quu|=7.204e+45, cond(Quu)=1.000e+00
    max|Quu|=1.427e+46, cond(Quu)=1.000e+00
    max|Quu|=2.823e+46, cond(Quu)=1.000e+00
    max|Quu|=5.583e+46, cond(Quu)=1.000e+00
    max|Quu|=1.103e+47, cond(Quu)=1.000e+00
    max|Quu|=2.179e+47, cond(Quu)=1.000e+00
    max|Quu|=4.299e+47, cond(Quu)=1.000e+00
    max|Quu|=8.475e+47, cond(Quu)=1.000e+00
    max|Quu|=1.669e+48, cond(Quu)=1.000e+00
    max|Quu|=3.285e+48, cond(Quu)=1.000e+00
    max|Quu|=6.460e+48, cond(Quu)=1.000e+00
    max|Quu|=1.269e+49, cond(Quu)=1.000e+00
    max|Quu|=2.490e+49, cond(Quu)=1.000e+00
    max|Quu|=4.880e+49, cond(Quu)=1.000e+00
    max|Quu|=9.553e+49, cond(Quu)=1.000e+00
    max|Quu|=1.868e+50, cond(Quu)=1.000e+00
    max|Quu|=3.648e+50, cond(Quu)=1.000e+00
    max|Quu|=7.113e+50, cond(Quu)=1.000e+00
    max|Quu|=1.385e+51, cond(Quu)=1.000e+00
    max|Quu|=2.692e+51, cond(Quu)=1.000e+00
    max|Quu|=5.224e+51, cond(Quu)=1.000e+00
    max|Quu|=1.012e+52, cond(Quu)=1.000e+00
    max|Quu|=1.956e+52, cond(Quu)=1.000e+00
    max|Quu|=3.773e+52, cond(Quu)=1.000e+00
    max|Quu|=7.259e+52, cond(Quu)=1.000e+00
    max|Quu|=1.393e+53, cond(Quu)=1.000e+00
    max|Quu|=2.665e+53, cond(Quu)=1.000e+00
    max|Quu|=5.083e+53, cond(Quu)=1.000e+00
    max|Quu|=9.658e+53, cond(Quu)=1.000e+00
    max|Quu|=1.827e+54, cond(Quu)=1.000e+00
    max|Quu|=3.440e+54, cond(Quu)=1.000e+00
    max|Quu|=6.439e+54, cond(Quu)=1.000e+00
    max|Quu|=1.198e+55, cond(Quu)=1.000e+00
    max|Quu|=2.210e+55, cond(Quu)=1.000e+00
    max|Quu|=4.042e+55, cond(Quu)=1.000e+00
    max|Quu|=7.309e+55, cond(Quu)=1.000e+00
    max|Quu|=1.303e+56, cond(Quu)=1.000e+00
    max|Quu|=2.283e+56, cond(Quu)=1.000e+00
    max|Quu|=3.906e+56, cond(Quu)=1.000e+00
    max|Quu|=6.464e+56, cond(Quu)=1.000e+00
    max|Quu|=1.018e+57, cond(Quu)=1.000e+00
    max|Quu|=1.474e+57, cond(Quu)=1.000e+00
    max|Quu|=1.804e+57, cond(Quu)=1.000e+00
    max|Quu|=1.275e+57, cond(Quu)=1.000e+00
    max|Quu|=2.214e+57, cond(Quu)=1.000e+00
    max|Quu|=1.417e+58, cond(Quu)=1.000e+00
    max|Quu|=4.830e+58, cond(Quu)=1.000e+00
    max|Quu|=1.372e+59, cond(Quu)=1.000e+00
    max|Quu|=3.571e+59, cond(Quu)=1.000e+00
    max|Quu|=8.823e+59, cond(Quu)=1.000e+00
    max|Quu|=2.106e+60, cond(Quu)=1.000e+00
    max|Quu|=4.907e+60, cond(Quu)=1.000e+00
    max|Quu|=1.123e+61, cond(Quu)=1.000e+00
    max|Quu|=2.533e+61, cond(Quu)=1.000e+00
    max|Quu|=5.653e+61, cond(Quu)=1.000e+00
    max|Quu|=1.251e+62, cond(Quu)=1.000e+00
    max|Quu|=2.745e+62, cond(Quu)=1.000e+00
    max|Quu|=5.983e+62, cond(Quu)=1.000e+00
    max|Quu|=1.297e+63, cond(Quu)=1.000e+00
    max|Quu|=2.796e+63, cond(Quu)=1.000e+00
    max|Quu|=6.004e+63, cond(Quu)=1.000e+00
    max|Quu|=1.285e+64, cond(Quu)=1.000e+00
    max|Quu|=2.741e+64, cond(Quu)=1.000e+00
    max|Quu|=5.829e+64, cond(Quu)=1.000e+00
    max|Quu|=1.236e+65, cond(Quu)=1.000e+00
    max|Quu|=2.614e+65, cond(Quu)=1.000e+00
    max|Quu|=5.516e+65, cond(Quu)=1.000e+00
    max|Quu|=1.162e+66, cond(Quu)=1.000e+00
    max|Quu|=2.443e+66, cond(Quu)=1.000e+00
    max|Quu|=5.127e+66, cond(Quu)=1.000e+00
    max|Quu|=1.074e+67, cond(Quu)=1.000e+00
    max|Quu|=2.247e+67, cond(Quu)=1.000e+00
    max|Quu|=4.691e+67, cond(Quu)=1.000e+00
    max|Quu|=9.783e+67, cond(Quu)=1.000e+00
    max|Quu|=2.037e+68, cond(Quu)=1.000e+00
    max|Quu|=4.239e+68, cond(Quu)=1.000e+00
    max|Quu|=8.812e+68, cond(Quu)=1.000e+00
    max|Quu|=1.831e+69, cond(Quu)=1.000e+00
    max|Quu|=3.800e+69, cond(Quu)=1.000e+00
    max|Quu|=7.878e+69, cond(Quu)=1.000e+00
    max|Quu|=1.632e+70, cond(Quu)=1.000e+00
    max|Quu|=3.378e+70, cond(Quu)=1.000e+00
    max|Quu|=6.987e+70, cond(Quu)=1.000e+00
    max|Quu|=1.443e+71, cond(Quu)=1.000e+00
    max|Quu|=2.979e+71, cond(Quu)=1.000e+00
    max|Quu|=6.146e+71, cond(Quu)=1.000e+00
    max|Quu|=1.267e+72, cond(Quu)=1.000e+00
    max|Quu|=2.612e+72, cond(Quu)=1.000e+00
    max|Quu|=5.382e+72, cond(Quu)=1.000e+00
    max|Quu|=1.108e+73, cond(Quu)=1.000e+00
    max|Quu|=2.281e+73, cond(Quu)=1.000e+00
    max|Quu|=4.692e+73, cond(Quu)=1.000e+00
    max|Quu|=9.646e+73, cond(Quu)=1.000e+00
    max|Quu|=1.982e+74, cond(Quu)=1.000e+00
    max|Quu|=4.072e+74, cond(Quu)=1.000e+00
    max|Quu|=8.363e+74, cond(Quu)=1.000e+00
    max|Quu|=1.717e+75, cond(Quu)=1.000e+00
    max|Quu|=3.523e+75, cond(Quu)=1.000e+00
    max|Quu|=7.225e+75, cond(Quu)=1.000e+00
    max|Quu|=1.481e+76, cond(Quu)=1.000e+00
    max|Quu|=3.035e+76, cond(Quu)=1.000e+00
    max|Quu|=6.216e+76, cond(Quu)=1.000e+00
    max|Quu|=1.273e+77, cond(Quu)=1.000e+00
    max|Quu|=2.606e+77, cond(Quu)=1.000e+00
    max|Quu|=5.332e+77, cond(Quu)=1.000e+00
    max|Quu|=1.091e+78, cond(Quu)=1.000e+00
    max|Quu|=2.231e+78, cond(Quu)=1.000e+00
    max|Quu|=4.560e+78, cond(Quu)=1.000e+00
    max|Quu|=9.320e+78, cond(Quu)=1.000e+00
    max|Quu|=1.904e+79, cond(Quu)=1.000e+00
    max|Quu|=3.888e+79, cond(Quu)=1.000e+00
    max|Quu|=7.937e+79, cond(Quu)=1.000e+00
    max|Quu|=1.620e+80, cond(Quu)=1.000e+00
    max|Quu|=3.304e+80, cond(Quu)=1.000e+00
    max|Quu|=6.739e+80, cond(Quu)=1.000e+00
    max|Quu|=1.374e+81, cond(Quu)=1.000e+00
    max|Quu|=2.801e+81, cond(Quu)=1.000e+00
    max|Quu|=5.708e+81, cond(Quu)=1.000e+00
    max|Quu|=1.163e+82, cond(Quu)=1.000e+00
    max|Quu|=2.369e+82, cond(Quu)=1.000e+00
    max|Quu|=4.824e+82, cond(Quu)=1.000e+00
    max|Quu|=9.821e+82, cond(Quu)=1.000e+00
    max|Quu|=1.999e+83, cond(Quu)=1.000e+00
    max|Quu|=4.068e+83, cond(Quu)=1.000e+00
    max|Quu|=8.276e+83, cond(Quu)=1.000e+00
    max|Quu|=1.683e+84, cond(Quu)=1.000e+00
    max|Quu|=3.423e+84, cond(Quu)=1.000e+00
    max|Quu|=6.960e+84, cond(Quu)=1.000e+00
    max|Quu|=1.415e+85, cond(Quu)=1.000e+00
    max|Quu|=2.875e+85, cond(Quu)=1.000e+00
    max|Quu|=5.842e+85, cond(Quu)=1.000e+00
    max|Quu|=1.187e+86, cond(Quu)=1.000e+00
    max|Quu|=2.411e+86, cond(Quu)=1.000e+00
    max|Quu|=4.895e+86, cond(Quu)=1.000e+00
    max|Quu|=9.939e+86, cond(Quu)=1.000e+00
    max|Quu|=2.018e+87, cond(Quu)=1.000e+00
    max|Quu|=4.095e+87, cond(Quu)=1.000e+00
    max|Quu|=8.310e+87, cond(Quu)=1.000e+00
    max|Quu|=1.686e+88, cond(Quu)=1.000e+00
    max|Quu|=3.420e+88, cond(Quu)=1.000e+00
    max|Quu|=6.937e+88, cond(Quu)=1.000e+00
    max|Quu|=1.407e+89, cond(Quu)=1.000e+00
    max|Quu|=2.852e+89, cond(Quu)=1.000e+00
    max|Quu|=5.782e+89, cond(Quu)=1.000e+00
    max|Quu|=1.172e+90, cond(Quu)=1.000e+00
    max|Quu|=2.375e+90, cond(Quu)=1.000e+00
    max|Quu|=4.813e+90, cond(Quu)=1.000e+00
    max|Quu|=9.751e+90, cond(Quu)=1.000e+00
    max|Quu|=1.975e+91, cond(Quu)=1.000e+00
    max|Quu|=4.002e+91, cond(Quu)=1.000e+00
    max|Quu|=8.106e+91, cond(Quu)=1.000e+00
    max|Quu|=1.642e+92, cond(Quu)=1.000e+00
    max|Quu|=3.324e+92, cond(Quu)=1.000e+00
    max|Quu|=6.731e+92, cond(Quu)=1.000e+00
    max|Quu|=1.363e+93, cond(Quu)=1.000e+00
    max|Quu|=2.758e+93, cond(Quu)=1.000e+00
    max|Quu|=5.582e+93, cond(Quu)=1.000e+00
    max|Quu|=1.130e+94, cond(Quu)=1.000e+00
    max|Quu|=2.286e+94, cond(Quu)=1.000e+00
    max|Quu|=4.624e+94, cond(Quu)=1.000e+00
    max|Quu|=9.354e+94, cond(Quu)=1.000e+00
    max|Quu|=1.892e+95, cond(Quu)=1.000e+00
    max|Quu|=3.826e+95, cond(Quu)=1.000e+00
    max|Quu|=7.739e+95, cond(Quu)=1.000e+00
    max|Quu|=1.565e+96, cond(Quu)=1.000e+00
    max|Quu|=3.164e+96, cond(Quu)=1.000e+00
    max|Quu|=6.398e+96, cond(Quu)=1.000e+00
    max|Quu|=1.293e+97, cond(Quu)=1.000e+00
    max|Quu|=2.614e+97, cond(Quu)=1.000e+00
    max|Quu|=5.284e+97, cond(Quu)=1.000e+00
    max|Quu|=1.068e+98, cond(Quu)=1.000e+00
    max|Quu|=2.158e+98, cond(Quu)=1.000e+00
    max|Quu|=4.359e+98, cond(Quu)=1.000e+00
    max|Quu|=8.806e+98, cond(Quu)=1.000e+00
    max|Quu|=1.779e+99, cond(Quu)=1.000e+00
    max|Quu|=3.593e+99, cond(Quu)=1.000e+00
    max|Quu|=7.257e+99, cond(Quu)=1.000e+00
    max|Quu|=1.466e+100, cond(Quu)=1.000e+00
    max|Quu|=2.960e+100, cond(Quu)=1.000e+00
    max|Quu|=5.977e+100, cond(Quu)=1.000e+00
    max|Quu|=1.207e+101, cond(Quu)=1.000e+00
    max|Quu|=2.437e+101, cond(Quu)=1.000e+00
    max|Quu|=4.920e+101, cond(Quu)=1.000e+00
    max|Quu|=9.935e+101, cond(Quu)=1.000e+00
    max|Quu|=2.006e+102, cond(Quu)=1.000e+00
    max|Quu|=4.050e+102, cond(Quu)=1.000e+00
    max|Quu|=8.177e+102, cond(Quu)=1.000e+00
    max|Quu|=1.651e+103, cond(Quu)=1.000e+00
    max|Quu|=3.333e+103, cond(Quu)=1.000e+00
    max|Quu|=6.729e+103, cond(Quu)=1.000e+00
    max|Quu|=1.358e+104, cond(Quu)=1.000e+00
    max|Quu|=2.742e+104, cond(Quu)=1.000e+00
    max|Quu|=5.535e+104, cond(Quu)=1.000e+00
    max|Quu|=1.117e+105, cond(Quu)=1.000e+00
    max|Quu|=2.255e+105, cond(Quu)=1.000e+00
    max|Quu|=4.551e+105, cond(Quu)=1.000e+00
    max|Quu|=9.186e+105, cond(Quu)=1.000e+00
    max|Quu|=1.854e+106, cond(Quu)=1.000e+00
    max|Quu|=3.742e+106, cond(Quu)=1.000e+00
    max|Quu|=7.552e+106, cond(Quu)=1.000e+00
    max|Quu|=1.524e+107, cond(Quu)=1.000e+00
    max|Quu|=3.076e+107, cond(Quu)=1.000e+00
    max|Quu|=6.208e+107, cond(Quu)=1.000e+00
    max|Quu|=1.253e+108, cond(Quu)=1.000e+00
    max|Quu|=2.528e+108, cond(Quu)=1.000e+00
    max|Quu|=5.102e+108, cond(Quu)=1.000e+00
    max|Quu|=1.030e+109, cond(Quu)=1.000e+00
    max|Quu|=2.077e+109, cond(Quu)=1.000e+00
    max|Quu|=4.191e+109, cond(Quu)=1.000e+00
    max|Quu|=8.456e+109, cond(Quu)=1.000e+00
    max|Quu|=1.706e+110, cond(Quu)=1.000e+00
    max|Quu|=3.442e+110, cond(Quu)=1.000e+00
    max|Quu|=6.944e+110, cond(Quu)=1.000e+00
    max|Quu|=1.401e+111, cond(Quu)=1.000e+00
    max|Quu|=2.826e+111, cond(Quu)=1.000e+00
    max|Quu|=5.701e+111, cond(Quu)=1.000e+00
    max|Quu|=1.150e+112, cond(Quu)=1.000e+00
    max|Quu|=2.320e+112, cond(Quu)=1.000e+00
    max|Quu|=4.680e+112, cond(Quu)=1.000e+00
    max|Quu|=9.441e+112, cond(Quu)=1.000e+00
    max|Quu|=1.904e+113, cond(Quu)=1.000e+00
    max|Quu|=3.841e+113, cond(Quu)=1.000e+00
    max|Quu|=7.748e+113, cond(Quu)=1.000e+00
    max|Quu|=1.563e+114, cond(Quu)=1.000e+00
    max|Quu|=3.152e+114, cond(Quu)=1.000e+00
    max|Quu|=6.357e+114, cond(Quu)=1.000e+00
    max|Quu|=1.282e+115, cond(Quu)=1.000e+00
    max|Quu|=2.586e+115, cond(Quu)=1.000e+00
    max|Quu|=5.214e+115, cond(Quu)=1.000e+00
    max|Quu|=1.052e+116, cond(Quu)=1.000e+00
    max|Quu|=2.121e+116, cond(Quu)=1.000e+00
    max|Quu|=4.276e+116, cond(Quu)=1.000e+00
    max|Quu|=8.622e+116, cond(Quu)=1.000e+00
    max|Quu|=1.739e+117, cond(Quu)=1.000e+00
    max|Quu|=3.506e+117, cond(Quu)=1.000e+00
    max|Quu|=7.068e+117, cond(Quu)=1.000e+00
    max|Quu|=1.425e+118, cond(Quu)=1.000e+00
    max|Quu|=2.873e+118, cond(Quu)=1.000e+00
    max|Quu|=5.792e+118, cond(Quu)=1.000e+00
    max|Quu|=1.168e+119, cond(Quu)=1.000e+00
    max|Quu|=2.354e+119, cond(Quu)=1.000e+00
    max|Quu|=4.745e+119, cond(Quu)=1.000e+00
    max|Quu|=9.564e+119, cond(Quu)=1.000e+00
    max|Quu|=1.928e+120, cond(Quu)=1.000e+00
    max|Quu|=3.886e+120, cond(Quu)=1.000e+00
    max|Quu|=7.832e+120, cond(Quu)=1.000e+00
    max|Quu|=1.579e+121, cond(Quu)=1.000e+00
    max|Quu|=3.181e+121, cond(Quu)=1.000e+00
    max|Quu|=6.412e+121, cond(Quu)=1.000e+00
    max|Quu|=1.292e+122, cond(Quu)=1.000e+00
    max|Quu|=2.604e+122, cond(Quu)=1.000e+00
    max|Quu|=5.246e+122, cond(Quu)=1.000e+00
    max|Quu|=1.057e+123, cond(Quu)=1.000e+00
    max|Quu|=2.130e+123, cond(Quu)=1.000e+00
    max|Quu|=4.290e+123, cond(Quu)=1.000e+00
    max|Quu|=8.643e+123, cond(Quu)=1.000e+00
    max|Quu|=1.741e+124, cond(Quu)=1.000e+00
    max|Quu|=3.507e+124, cond(Quu)=1.000e+00
    max|Quu|=7.064e+124, cond(Quu)=1.000e+00
    max|Quu|=1.423e+125, cond(Quu)=1.000e+00
    max|Quu|=2.865e+125, cond(Quu)=1.000e+00
    max|Quu|=5.770e+125, cond(Quu)=1.000e+00
    max|Quu|=1.162e+126, cond(Quu)=1.000e+00
    max|Quu|=2.339e+126, cond(Quu)=1.000e+00
    max|Quu|=4.710e+126, cond(Quu)=1.000e+00
    max|Quu|=9.481e+126, cond(Quu)=1.000e+00
    max|Quu|=1.908e+127, cond(Quu)=1.000e+00
    max|Quu|=3.841e+127, cond(Quu)=1.000e+00
    max|Quu|=7.729e+127, cond(Quu)=1.000e+00
    max|Quu|=1.555e+128, cond(Quu)=1.000e+00
    max|Quu|=3.130e+128, cond(Quu)=1.000e+00
    max|Quu|=6.298e+128, cond(Quu)=1.000e+00
    max|Quu|=1.267e+129, cond(Quu)=1.000e+00
    max|Quu|=2.549e+129, cond(Quu)=1.000e+00
    max|Quu|=5.129e+129, cond(Quu)=1.000e+00
    max|Quu|=1.032e+130, cond(Quu)=1.000e+00
    max|Quu|=2.075e+130, cond(Quu)=1.000e+00
    max|Quu|=4.174e+130, cond(Quu)=1.000e+00
    max|Quu|=8.394e+130, cond(Quu)=1.000e+00
    max|Quu|=1.688e+131, cond(Quu)=1.000e+00
    max|Quu|=3.395e+131, cond(Quu)=1.000e+00
    max|Quu|=6.827e+131, cond(Quu)=1.000e+00
    max|Quu|=1.373e+132, cond(Quu)=1.000e+00
    max|Quu|=2.761e+132, cond(Quu)=1.000e+00
    max|Quu|=5.553e+132, cond(Quu)=1.000e+00
    max|Quu|=1.117e+133, cond(Quu)=1.000e+00
    max|Quu|=2.245e+133, cond(Quu)=1.000e+00
    max|Quu|=4.515e+133, cond(Quu)=1.000e+00
    max|Quu|=9.079e+133, cond(Quu)=1.000e+00
    max|Quu|=1.826e+134, cond(Quu)=1.000e+00
    max|Quu|=3.671e+134, cond(Quu)=1.000e+00
    max|Quu|=7.382e+134, cond(Quu)=1.000e+00
    max|Quu|=1.484e+135, cond(Quu)=1.000e+00
    max|Quu|=2.985e+135, cond(Quu)=1.000e+00
    max|Quu|=6.001e+135, cond(Quu)=1.000e+00
    max|Quu|=1.207e+136, cond(Quu)=1.000e+00
    max|Quu|=2.426e+136, cond(Quu)=1.000e+00
    max|Quu|=4.879e+136, cond(Quu)=1.000e+00
    max|Quu|=9.811e+136, cond(Quu)=1.000e+00
    max|Quu|=1.973e+137, cond(Quu)=1.000e+00
    max|Quu|=3.966e+137, cond(Quu)=1.000e+00
    max|Quu|=7.974e+137, cond(Quu)=1.000e+00
    max|Quu|=1.603e+138, cond(Quu)=1.000e+00
    max|Quu|=3.224e+138, cond(Quu)=1.000e+00
    max|Quu|=6.481e+138, cond(Quu)=1.000e+00
    max|Quu|=1.303e+139, cond(Quu)=1.000e+00
    max|Quu|=2.620e+139, cond(Quu)=1.000e+00
    max|Quu|=5.268e+139, cond(Quu)=1.000e+00
    max|Quu|=1.059e+140, cond(Quu)=1.000e+00
    max|Quu|=2.129e+140, cond(Quu)=1.000e+00
    max|Quu|=4.280e+140, cond(Quu)=1.000e+00
    max|Quu|=8.604e+140, cond(Quu)=1.000e+00
    max|Quu|=1.730e+141, cond(Quu)=1.000e+00
    max|Quu|=3.477e+141, cond(Quu)=1.000e+00
    max|Quu|=6.990e+141, cond(Quu)=1.000e+00
    max|Quu|=1.405e+142, cond(Quu)=1.000e+00
    max|Quu|=2.824e+142, cond(Quu)=1.000e+00
    max|Quu|=5.677e+142, cond(Quu)=1.000e+00
    max|Quu|=1.141e+143, cond(Quu)=1.000e+00
    max|Quu|=2.294e+143, cond(Quu)=1.000e+00
    max|Quu|=4.610e+143, cond(Quu)=1.000e+00
    max|Quu|=9.266e+143, cond(Quu)=1.000e+00
    max|Quu|=1.862e+144, cond(Quu)=1.000e+00
    max|Quu|=3.743e+144, cond(Quu)=1.000e+00
    max|Quu|=7.521e+144, cond(Quu)=1.000e+00
    max|Quu|=1.511e+145, cond(Quu)=1.000e+00
    max|Quu|=3.037e+145, cond(Quu)=1.000e+00
    max|Quu|=6.103e+145, cond(Quu)=1.000e+00
    max|Quu|=1.226e+146, cond(Quu)=1.000e+00
    max|Quu|=2.464e+146, cond(Quu)=1.000e+00
    max|Quu|=4.951e+146, cond(Quu)=1.000e+00
    max|Quu|=9.947e+146, cond(Quu)=1.000e+00
    max|Quu|=1.998e+147, cond(Quu)=1.000e+00
    max|Quu|=4.015e+147, cond(Quu)=1.000e+00
    max|Quu|=8.065e+147, cond(Quu)=1.000e+00
    max|Quu|=1.620e+148, cond(Quu)=1.000e+00
    max|Quu|=3.255e+148, cond(Quu)=1.000e+00
    max|Quu|=6.538e+148, cond(Quu)=1.000e+00
    max|Quu|=1.313e+149, cond(Quu)=1.000e+00
    max|Quu|=2.638e+149, cond(Quu)=1.000e+00
    max|Quu|=5.299e+149, cond(Quu)=1.000e+00
    max|Quu|=1.064e+150, cond(Quu)=1.000e+00
    max|Quu|=2.138e+150, cond(Quu)=1.000e+00
    max|Quu|=4.293e+150, cond(Quu)=1.000e+00
    max|Quu|=8.622e+150, cond(Quu)=1.000e+00
    max|Quu|=1.732e+151, cond(Quu)=1.000e+00
    max|Quu|=3.477e+151, cond(Quu)=1.000e+00
    max|Quu|=6.983e+151, cond(Quu)=1.000e+00
    max|Quu|=1.402e+152, cond(Quu)=1.000e+00
    max|Quu|=2.816e+152, cond(Quu)=1.000e+00
    max|Quu|=5.654e+152, cond(Quu)=1.000e+00
    max|Quu|=1.135e+153, cond(Quu)=1.000e+00
    max|Quu|=2.280e+153, cond(Quu)=1.000e+00
    max|Quu|=4.577e+153, cond(Quu)=1.000e+00
    max|Quu|=9.190e+153, cond(Quu)=1.000e+00
    max|Quu|=1.845e+154, cond(Quu)=1.000e+00
    max|Quu|=3.704e+154, cond(Quu)=1.000e+00
    max|Quu|=7.438e+154, cond(Quu)=1.000e+00
    max|Quu|=1.493e+155, cond(Quu)=1.000e+00
    max|Quu|=2.998e+155, cond(Quu)=1.000e+00
    max|Quu|=6.019e+155, cond(Quu)=1.000e+00
    max|Quu|=1.208e+156, cond(Quu)=1.000e+00
    max|Quu|=2.426e+156, cond(Quu)=1.000e+00
    max|Quu|=4.870e+156, cond(Quu)=1.000e+00
    max|Quu|=9.777e+156, cond(Quu)=1.000e+00
    max|Quu|=1.963e+157, cond(Quu)=1.000e+00
    max|Quu|=3.940e+157, cond(Quu)=1.000e+00
    max|Quu|=7.910e+157, cond(Quu)=1.000e+00
    max|Quu|=1.588e+158, cond(Quu)=1.000e+00
    max|Quu|=3.187e+158, cond(Quu)=1.000e+00
    max|Quu|=6.398e+158, cond(Quu)=1.000e+00
    max|Quu|=1.284e+159, cond(Quu)=1.000e+00
    max|Quu|=2.578e+159, cond(Quu)=1.000e+00
    max|Quu|=5.176e+159, cond(Quu)=1.000e+00
    max|Quu|=1.039e+160, cond(Quu)=1.000e+00
    max|Quu|=2.085e+160, cond(Quu)=1.000e+00
    max|Quu|=4.186e+160, cond(Quu)=1.000e+00
    max|Quu|=8.403e+160, cond(Quu)=1.000e+00
    max|Quu|=1.687e+161, cond(Quu)=1.000e+00
    max|Quu|=3.385e+161, cond(Quu)=1.000e+00
    max|Quu|=6.795e+161, cond(Quu)=1.000e+00
    max|Quu|=1.364e+162, cond(Quu)=1.000e+00
    max|Quu|=2.738e+162, cond(Quu)=1.000e+00
    max|Quu|=5.495e+162, cond(Quu)=1.000e+00
    max|Quu|=1.103e+163, cond(Quu)=1.000e+00
    max|Quu|=2.214e+163, cond(Quu)=1.000e+00
    max|Quu|=4.444e+163, cond(Quu)=1.000e+00
    max|Quu|=8.919e+163, cond(Quu)=1.000e+00
Measured previous rollout {"cost": 64517.449067782305, "position_rmse": 3.973016335124109}
Defect construction {"mean_absolute": 0.017720805730839107, "max_absolute": 0.5546928255204372, "max_timestep": 3, "max_state_dimension": 6, "max_state_name": "wheel_speed", "per_state_max_absolute": [0.013554834970313845, 0.013247891919008659, 0.009316302745613125, 0.02826710197597654, 0.05897296703153099, 0.10800720865822905, 0.5546928255204372, 3.552713678800501e-15, 8.326672684688674e-17]}
Defect reconstruction {"mean_absolute": 1.6954525916792673e-16, "max_absolute": 3.552713678800501e-15, "max_timestep": 776, "max_state_dimension": 1, "max_state_name": "y", "per_state_max_absolute": [1.7763568394002505e-15, 3.552713678800501e-15, 5.551115123125783e-16, 8.673617379884035e-19, 1.6263032587282567e-19, 1.3877787807814457e-17, 1.1102230246251565e-16, 0.0, 0.0]}
alpha=0 max |U_forward - U_old|: 2.909006369122835e-12
Unchanged control baseline {"unchanged_defect": {"cost": 64517.44906778232, "position_rmse": 3.9730163351241092}, "unchanged_nominal": {"cost": 5770.913946339862, "position_rmse": 1.182684947989056}}
Alpha candidate {"alpha": 0.5, "defect": {"cost": 18685.10997591583, "position_rmse": 2.1332322512365947}, "nominal": {"cost": 5015.586521854359, "position_rmse": 1.0569954865028408}, "defect_improvement": 45832.33909186649, "nominal_improvement": 755.3274244855038}
Final selection {"status": "ACCEPT", "alpha": 0.5, "cost": 18685.10997591583, "reason": "Strictly lower defect-aware cost than unchanged-control prediction"}
STOP: candidate prepared; no actual rollout executed.
TRIAL {"trial": 0, "cost": 64517.449067782305, "position_rmse": 3.973016335124109, "lateness_max": 0.002112464000674663, "rate_hz": 39.99997516318017, "period_ms_min": 23.561483998491894, "period_ms_max": 26.648275001207367, "selection": "ACCEPT", "update_seconds": 3.5477030649999506, "retries": 0}
Reset succeeded: [0. 0. 0. 0. 0. 0.]
    max|Quu|=1.000e+01, cond(Quu)=1.000e+05
    max|Quu|=1.313e+01, cond(Quu)=1.200e+05
    max|Quu|=1.551e+01, cond(Quu)=1.314e+05
    max|Quu|=1.668e+01, cond(Quu)=1.336e+05
    max|Quu|=1.713e+01, cond(Quu)=1.323e+05
    max|Quu|=1.729e+01, cond(Quu)=1.305e+05
    max|Quu|=1.735e+01, cond(Quu)=1.292e+05
    max|Quu|=1.736e+01, cond(Quu)=1.283e+05
    max|Quu|=1.737e+01, cond(Quu)=1.277e+05
    max|Quu|=1.737e+01, cond(Quu)=1.273e+05
    max|Quu|=1.737e+01, cond(Quu)=1.270e+05
    max|Quu|=1.737e+01, cond(Quu)=1.268e+05
    max|Quu|=1.737e+01, cond(Quu)=1.266e+05
    max|Quu|=1.737e+01, cond(Quu)=1.264e+05
    max|Quu|=1.737e+01, cond(Quu)=1.262e+05
    max|Quu|=1.737e+01, cond(Quu)=1.260e+05
    max|Quu|=1.737e+01, cond(Quu)=1.258e+05
    max|Quu|=1.737e+01, cond(Quu)=1.256e+05
    max|Quu|=1.737e+01, cond(Quu)=1.253e+05
    max|Quu|=1.737e+01, cond(Quu)=1.251e+05
    max|Quu|=1.737e+01, cond(Quu)=1.249e+05
    max|Quu|=1.737e+01, cond(Quu)=1.247e+05
    max|Quu|=1.737e+01, cond(Quu)=1.245e+05
    max|Quu|=1.737e+01, cond(Quu)=1.242e+05
    max|Quu|=1.737e+01, cond(Quu)=1.240e+05
    max|Quu|=1.737e+01, cond(Quu)=1.238e+05
    max|Quu|=1.737e+01, cond(Quu)=1.236e+05
    max|Quu|=1.737e+01, cond(Quu)=1.234e+05
    max|Quu|=1.737e+01, cond(Quu)=1.232e+05
    max|Quu|=1.737e+01, cond(Quu)=1.230e+05
    max|Quu|=1.737e+01, cond(Quu)=1.228e+05
    max|Quu|=1.738e+01, cond(Quu)=1.226e+05
    max|Quu|=1.738e+01, cond(Quu)=1.225e+05
    max|Quu|=1.738e+01, cond(Quu)=1.223e+05
    max|Quu|=1.738e+01, cond(Quu)=1.222e+05
    max|Quu|=1.738e+01, cond(Quu)=1.220e+05
    max|Quu|=1.738e+01, cond(Quu)=1.219e+05
    max|Quu|=1.738e+01, cond(Quu)=1.218e+05
    max|Quu|=1.738e+01, cond(Quu)=1.217e+05
    max|Quu|=1.738e+01, cond(Quu)=1.217e+05
    max|Quu|=1.738e+01, cond(Quu)=1.216e+05
    max|Quu|=1.738e+01, cond(Quu)=1.215e+05
    max|Quu|=1.739e+01, cond(Quu)=1.215e+05
    max|Quu|=1.739e+01, cond(Quu)=1.214e+05
    max|Quu|=1.739e+01, cond(Quu)=1.214e+05
    max|Quu|=1.739e+01, cond(Quu)=1.213e+05
    max|Quu|=1.739e+01, cond(Quu)=1.213e+05
    max|Quu|=1.739e+01, cond(Quu)=1.213e+05
    max|Quu|=1.740e+01, cond(Quu)=1.212e+05
    max|Quu|=1.740e+01, cond(Quu)=1.212e+05
    max|Quu|=1.740e+01, cond(Quu)=1.212e+05
    max|Quu|=1.740e+01, cond(Quu)=1.212e+05
    max|Quu|=1.741e+01, cond(Quu)=1.212e+05
    max|Quu|=1.741e+01, cond(Quu)=1.211e+05
    max|Quu|=1.741e+01, cond(Quu)=1.211e+05
    max|Quu|=1.742e+01, cond(Quu)=1.211e+05
    max|Quu|=1.742e+01, cond(Quu)=1.211e+05
    max|Quu|=1.742e+01, cond(Quu)=1.211e+05
    max|Quu|=1.743e+01, cond(Quu)=1.211e+05
    max|Quu|=1.743e+01, cond(Quu)=1.211e+05
    max|Quu|=1.744e+01, cond(Quu)=1.212e+05
    max|Quu|=1.744e+01, cond(Quu)=1.212e+05
    max|Quu|=1.744e+01, cond(Quu)=1.212e+05
    max|Quu|=1.745e+01, cond(Quu)=1.212e+05
    max|Quu|=1.745e+01, cond(Quu)=1.212e+05
    max|Quu|=1.746e+01, cond(Quu)=1.212e+05
    max|Quu|=1.746e+01, cond(Quu)=1.212e+05
    max|Quu|=1.747e+01, cond(Quu)=1.213e+05
    max|Quu|=1.747e+01, cond(Quu)=1.213e+05
    max|Quu|=1.748e+01, cond(Quu)=1.213e+05
    max|Quu|=1.748e+01, cond(Quu)=1.213e+05
    max|Quu|=1.749e+01, cond(Quu)=1.214e+05
    max|Quu|=1.749e+01, cond(Quu)=1.214e+05
    max|Quu|=1.750e+01, cond(Quu)=1.214e+05
    max|Quu|=1.750e+01, cond(Quu)=1.215e+05
    max|Quu|=1.751e+01, cond(Quu)=1.215e+05
    max|Quu|=1.752e+01, cond(Quu)=1.215e+05
    max|Quu|=1.752e+01, cond(Quu)=1.216e+05
    max|Quu|=1.753e+01, cond(Quu)=1.216e+05
    max|Quu|=1.754e+01, cond(Quu)=1.216e+05
    max|Quu|=1.754e+01, cond(Quu)=1.217e+05
    max|Quu|=1.755e+01, cond(Quu)=1.217e+05
    max|Quu|=1.755e+01, cond(Quu)=1.217e+05
    max|Quu|=1.756e+01, cond(Quu)=1.218e+05
    max|Quu|=1.757e+01, cond(Quu)=1.218e+05
    max|Quu|=1.757e+01, cond(Quu)=1.218e+05
    max|Quu|=1.758e+01, cond(Quu)=1.219e+05
    max|Quu|=1.759e+01, cond(Quu)=1.219e+05
    max|Quu|=1.760e+01, cond(Quu)=1.220e+05
    max|Quu|=1.760e+01, cond(Quu)=1.220e+05
    max|Quu|=1.761e+01, cond(Quu)=1.220e+05
    max|Quu|=1.761e+01, cond(Quu)=1.220e+05
    max|Quu|=1.762e+01, cond(Quu)=1.221e+05
    max|Quu|=1.763e+01, cond(Quu)=1.221e+05
    max|Quu|=1.763e+01, cond(Quu)=1.221e+05
    max|Quu|=1.764e+01, cond(Quu)=1.221e+05
    max|Quu|=1.764e+01, cond(Quu)=1.221e+05
    max|Quu|=1.765e+01, cond(Quu)=1.221e+05
    max|Quu|=1.765e+01, cond(Quu)=1.221e+05
    max|Quu|=1.765e+01, cond(Quu)=1.221e+05
    max|Quu|=1.766e+01, cond(Quu)=1.221e+05
    max|Quu|=1.766e+01, cond(Quu)=1.221e+05
    max|Quu|=1.767e+01, cond(Quu)=1.221e+05
    max|Quu|=1.767e+01, cond(Quu)=1.221e+05
    max|Quu|=1.767e+01, cond(Quu)=1.220e+05
    max|Quu|=1.767e+01, cond(Quu)=1.220e+05
    max|Quu|=1.767e+01, cond(Quu)=1.220e+05
    max|Quu|=1.767e+01, cond(Quu)=1.219e+05
    max|Quu|=1.768e+01, cond(Quu)=1.219e+05
    max|Quu|=1.768e+01, cond(Quu)=1.219e+05
    max|Quu|=1.768e+01, cond(Quu)=1.219e+05
    max|Quu|=1.767e+01, cond(Quu)=1.218e+05
    max|Quu|=1.767e+01, cond(Quu)=1.218e+05
    max|Quu|=1.767e+01, cond(Quu)=1.218e+05
    max|Quu|=1.767e+01, cond(Quu)=1.217e+05
    max|Quu|=1.767e+01, cond(Quu)=1.217e+05
    max|Quu|=1.767e+01, cond(Quu)=1.217e+05
    max|Quu|=1.766e+01, cond(Quu)=1.217e+05
    max|Quu|=1.766e+01, cond(Quu)=1.217e+05
    max|Quu|=1.765e+01, cond(Quu)=1.218e+05
    max|Quu|=1.765e+01, cond(Quu)=1.218e+05
    max|Quu|=1.766e+01, cond(Quu)=1.219e+05
    max|Quu|=1.766e+01, cond(Quu)=1.220e+05
    max|Quu|=1.766e+01, cond(Quu)=1.221e+05
    max|Quu|=1.766e+01, cond(Quu)=1.221e+05
    max|Quu|=1.766e+01, cond(Quu)=1.222e+05
    max|Quu|=1.766e+01, cond(Quu)=1.223e+05
    max|Quu|=1.766e+01, cond(Quu)=1.224e+05
    max|Quu|=1.766e+01, cond(Quu)=1.225e+05
    max|Quu|=1.766e+01, cond(Quu)=1.226e+05
    max|Quu|=1.766e+01, cond(Quu)=1.226e+05
    max|Quu|=1.766e+01, cond(Quu)=1.227e+05
    max|Quu|=1.766e+01, cond(Quu)=1.227e+05
    max|Quu|=1.766e+01, cond(Quu)=1.228e+05
    max|Quu|=1.766e+01, cond(Quu)=1.228e+05
    max|Quu|=1.766e+01, cond(Quu)=1.229e+05
    max|Quu|=1.766e+01, cond(Quu)=1.229e+05
    max|Quu|=1.766e+01, cond(Quu)=1.229e+05
    max|Quu|=1.766e+01, cond(Quu)=1.230e+05
    max|Quu|=1.766e+01, cond(Quu)=1.230e+05
    max|Quu|=1.766e+01, cond(Quu)=1.230e+05
    max|Quu|=1.766e+01, cond(Quu)=1.230e+05
    max|Quu|=1.766e+01, cond(Quu)=1.230e+05
    max|Quu|=1.766e+01, cond(Quu)=1.230e+05
    max|Quu|=1.766e+01, cond(Quu)=1.230e+05
    max|Quu|=1.766e+01, cond(Quu)=1.229e+05
    max|Quu|=1.766e+01, cond(Quu)=1.229e+05
    max|Quu|=1.767e+01, cond(Quu)=1.229e+05
    max|Quu|=1.767e+01, cond(Quu)=1.229e+05
    max|Quu|=1.767e+01, cond(Quu)=1.229e+05
    max|Quu|=1.767e+01, cond(Quu)=1.229e+05
    max|Quu|=1.768e+01, cond(Quu)=1.229e+05
    max|Quu|=1.768e+01, cond(Quu)=1.229e+05
    max|Quu|=1.768e+01, cond(Quu)=1.229e+05
    max|Quu|=1.768e+01, cond(Quu)=1.228e+05
    max|Quu|=1.769e+01, cond(Quu)=1.228e+05
    max|Quu|=1.769e+01, cond(Quu)=1.228e+05
    max|Quu|=1.769e+01, cond(Quu)=1.228e+05
    max|Quu|=1.769e+01, cond(Quu)=1.228e+05
    max|Quu|=1.770e+01, cond(Quu)=1.228e+05
    max|Quu|=1.770e+01, cond(Quu)=1.228e+05
    max|Quu|=1.770e+01, cond(Quu)=1.228e+05
    max|Quu|=1.771e+01, cond(Quu)=1.228e+05
    max|Quu|=1.771e+01, cond(Quu)=1.228e+05
    max|Quu|=1.771e+01, cond(Quu)=1.228e+05
    max|Quu|=1.772e+01, cond(Quu)=1.228e+05
    max|Quu|=1.772e+01, cond(Quu)=1.228e+05
    max|Quu|=1.773e+01, cond(Quu)=1.228e+05
    max|Quu|=1.773e+01, cond(Quu)=1.229e+05
    max|Quu|=1.773e+01, cond(Quu)=1.229e+05
    max|Quu|=1.774e+01, cond(Quu)=1.229e+05
    max|Quu|=1.774e+01, cond(Quu)=1.229e+05
    max|Quu|=1.775e+01, cond(Quu)=1.229e+05
    max|Quu|=1.775e+01, cond(Quu)=1.230e+05
    max|Quu|=1.775e+01, cond(Quu)=1.230e+05
    max|Quu|=1.776e+01, cond(Quu)=1.230e+05
    max|Quu|=1.776e+01, cond(Quu)=1.230e+05
    max|Quu|=1.777e+01, cond(Quu)=1.231e+05
    max|Quu|=1.777e+01, cond(Quu)=1.231e+05
    max|Quu|=1.777e+01, cond(Quu)=1.231e+05
    max|Quu|=1.778e+01, cond(Quu)=1.232e+05
    max|Quu|=1.778e+01, cond(Quu)=1.232e+05
    max|Quu|=1.778e+01, cond(Quu)=1.232e+05
    max|Quu|=1.779e+01, cond(Quu)=1.233e+05
    max|Quu|=1.779e+01, cond(Quu)=1.233e+05
    max|Quu|=1.779e+01, cond(Quu)=1.233e+05
    max|Quu|=1.780e+01, cond(Quu)=1.233e+05
    max|Quu|=1.780e+01, cond(Quu)=1.234e+05
    max|Quu|=1.781e+01, cond(Quu)=1.234e+05
    max|Quu|=1.781e+01, cond(Quu)=1.235e+05
    max|Quu|=1.782e+01, cond(Quu)=1.235e+05
    max|Quu|=1.782e+01, cond(Quu)=1.235e+05
    max|Quu|=1.782e+01, cond(Quu)=1.235e+05
    max|Quu|=1.782e+01, cond(Quu)=1.235e+05
    max|Quu|=1.782e+01, cond(Quu)=1.236e+05
    max|Quu|=1.782e+01, cond(Quu)=1.236e+05
    max|Quu|=1.782e+01, cond(Quu)=1.236e+05
    max|Quu|=1.782e+01, cond(Quu)=1.236e+05
    max|Quu|=1.782e+01, cond(Quu)=1.236e+05
    max|Quu|=1.782e+01, cond(Quu)=1.236e+05
    max|Quu|=1.782e+01, cond(Quu)=1.236e+05
    max|Quu|=1.782e+01, cond(Quu)=1.236e+05
    max|Quu|=1.783e+01, cond(Quu)=1.236e+05
    max|Quu|=1.783e+01, cond(Quu)=1.236e+05
    max|Quu|=1.782e+01, cond(Quu)=1.236e+05
    max|Quu|=1.782e+01, cond(Quu)=1.236e+05
    max|Quu|=1.782e+01, cond(Quu)=1.236e+05
    max|Quu|=1.782e+01, cond(Quu)=1.236e+05
    max|Quu|=1.781e+01, cond(Quu)=1.236e+05
    max|Quu|=1.781e+01, cond(Quu)=1.235e+05
    max|Quu|=1.781e+01, cond(Quu)=1.235e+05
    max|Quu|=1.780e+01, cond(Quu)=1.235e+05
    max|Quu|=1.780e+01, cond(Quu)=1.235e+05
    max|Quu|=1.780e+01, cond(Quu)=1.235e+05
    max|Quu|=1.780e+01, cond(Quu)=1.235e+05
    max|Quu|=1.780e+01, cond(Quu)=1.235e+05
    max|Quu|=1.780e+01, cond(Quu)=1.235e+05
    max|Quu|=1.780e+01, cond(Quu)=1.235e+05
    max|Quu|=1.780e+01, cond(Quu)=1.236e+05
    max|Quu|=1.779e+01, cond(Quu)=1.236e+05
    max|Quu|=1.779e+01, cond(Quu)=1.235e+05
    max|Quu|=1.778e+01, cond(Quu)=1.235e+05
    max|Quu|=1.778e+01, cond(Quu)=1.235e+05
    max|Quu|=1.778e+01, cond(Quu)=1.235e+05
    max|Quu|=1.777e+01, cond(Quu)=1.235e+05
    max|Quu|=1.777e+01, cond(Quu)=1.235e+05
    max|Quu|=1.777e+01, cond(Quu)=1.236e+05
    max|Quu|=1.777e+01, cond(Quu)=1.236e+05
    max|Quu|=1.777e+01, cond(Quu)=1.236e+05
    max|Quu|=1.777e+01, cond(Quu)=1.236e+05
    max|Quu|=1.777e+01, cond(Quu)=1.236e+05
    max|Quu|=1.777e+01, cond(Quu)=1.236e+05
    max|Quu|=1.777e+01, cond(Quu)=1.236e+05
    max|Quu|=1.776e+01, cond(Quu)=1.236e+05
    max|Quu|=1.776e+01, cond(Quu)=1.236e+05
    max|Quu|=1.776e+01, cond(Quu)=1.236e+05
    max|Quu|=1.776e+01, cond(Quu)=1.236e+05
    max|Quu|=1.776e+01, cond(Quu)=1.235e+05
    max|Quu|=1.776e+01, cond(Quu)=1.235e+05
    max|Quu|=1.776e+01, cond(Quu)=1.235e+05
    max|Quu|=1.776e+01, cond(Quu)=1.235e+05
    max|Quu|=1.775e+01, cond(Quu)=1.235e+05
    max|Quu|=1.775e+01, cond(Quu)=1.234e+05
    max|Quu|=1.775e+01, cond(Quu)=1.234e+05
    max|Quu|=1.774e+01, cond(Quu)=1.234e+05
    max|Quu|=1.774e+01, cond(Quu)=1.234e+05
    max|Quu|=1.774e+01, cond(Quu)=1.234e+05
    max|Quu|=1.775e+01, cond(Quu)=1.234e+05
    max|Quu|=1.775e+01, cond(Quu)=1.234e+05
    max|Quu|=1.775e+01, cond(Quu)=1.233e+05
    max|Quu|=1.775e+01, cond(Quu)=1.233e+05
    max|Quu|=1.774e+01, cond(Quu)=1.233e+05
    max|Quu|=1.774e+01, cond(Quu)=1.233e+05
    max|Quu|=1.774e+01, cond(Quu)=1.232e+05
    max|Quu|=1.774e+01, cond(Quu)=1.232e+05
    max|Quu|=1.773e+01, cond(Quu)=1.231e+05
    max|Quu|=1.772e+01, cond(Quu)=1.230e+05
    max|Quu|=1.770e+01, cond(Quu)=1.228e+05
    max|Quu|=1.767e+01, cond(Quu)=1.226e+05
    max|Quu|=1.764e+01, cond(Quu)=1.223e+05
    max|Quu|=1.758e+01, cond(Quu)=1.218e+05
    max|Quu|=1.749e+01, cond(Quu)=1.210e+05
    max|Quu|=1.736e+01, cond(Quu)=1.199e+05
    max|Quu|=1.717e+01, cond(Quu)=1.182e+05
    max|Quu|=1.687e+01, cond(Quu)=1.155e+05
    max|Quu|=1.640e+01, cond(Quu)=1.111e+05
    max|Quu|=1.564e+01, cond(Quu)=1.036e+05
    max|Quu|=1.436e+01, cond(Quu)=8.963e+04
    max|Quu|=1.208e+01, cond(Quu)=6.187e+04
    max|Quu|=7.881e+00, cond(Quu)=1.852e+04
    max|Quu|=2.567e+00, cond(Quu)=5.961e+02
    max|Quu|=2.277e+00, cond(Quu)=9.982e+01
    max|Quu|=2.869e+00, cond(Quu)=3.534e+01
    max|Quu|=2.862e+00, cond(Quu)=9.118e+00
    max|Quu|=2.900e+00, cond(Quu)=3.322e+00
    max|Quu|=4.861e+00, cond(Quu)=1.811e+00
    max|Quu|=1.036e+01, cond(Quu)=1.329e+00
    max|Quu|=2.207e+01, cond(Quu)=1.144e+00
    max|Quu|=4.696e+01, cond(Quu)=1.066e+00
    max|Quu|=9.978e+01, cond(Quu)=1.031e+00
    max|Quu|=2.118e+02, cond(Quu)=1.015e+00
    max|Quu|=4.489e+02, cond(Quu)=1.007e+00
    max|Quu|=9.505e+02, cond(Quu)=1.003e+00
    max|Quu|=2.010e+03, cond(Quu)=1.002e+00
    max|Quu|=4.248e+03, cond(Quu)=1.001e+00
    max|Quu|=8.967e+03, cond(Quu)=1.000e+00
    max|Quu|=1.891e+04, cond(Quu)=1.000e+00
    max|Quu|=3.984e+04, cond(Quu)=1.000e+00
    max|Quu|=8.388e+04, cond(Quu)=1.000e+00
    max|Quu|=1.765e+05, cond(Quu)=1.000e+00
    max|Quu|=3.709e+05, cond(Quu)=1.000e+00
    max|Quu|=7.787e+05, cond(Quu)=1.000e+00
    max|Quu|=1.634e+06, cond(Quu)=1.000e+00
    max|Quu|=3.425e+06, cond(Quu)=1.000e+00
    max|Quu|=7.173e+06, cond(Quu)=1.000e+00
    max|Quu|=1.501e+07, cond(Quu)=1.000e+00
    max|Quu|=3.140e+07, cond(Quu)=1.000e+00
    max|Quu|=6.563e+07, cond(Quu)=1.000e+00
    max|Quu|=1.370e+08, cond(Quu)=1.000e+00
    max|Quu|=2.859e+08, cond(Quu)=1.000e+00
    max|Quu|=5.962e+08, cond(Quu)=1.000e+00
    max|Quu|=1.242e+09, cond(Quu)=1.000e+00
    max|Quu|=2.586e+09, cond(Quu)=1.000e+00
    max|Quu|=5.382e+09, cond(Quu)=1.000e+00
    max|Quu|=1.119e+10, cond(Quu)=1.000e+00
    max|Quu|=2.326e+10, cond(Quu)=1.000e+00
    max|Quu|=4.829e+10, cond(Quu)=1.000e+00
    max|Quu|=1.002e+11, cond(Quu)=1.000e+00
    max|Quu|=2.078e+11, cond(Quu)=1.000e+00
    max|Quu|=4.306e+11, cond(Quu)=1.000e+00
    max|Quu|=8.918e+11, cond(Quu)=1.000e+00
    max|Quu|=1.846e+12, cond(Quu)=1.000e+00
    max|Quu|=3.817e+12, cond(Quu)=1.000e+00
    max|Quu|=7.889e+12, cond(Quu)=1.000e+00
    max|Quu|=1.629e+13, cond(Quu)=1.000e+00
    max|Quu|=3.364e+13, cond(Quu)=1.000e+00
    max|Quu|=6.941e+13, cond(Quu)=1.000e+00
    max|Quu|=1.431e+14, cond(Quu)=1.000e+00
    max|Quu|=2.951e+14, cond(Quu)=1.000e+00
    max|Quu|=6.079e+14, cond(Quu)=1.000e+00
    max|Quu|=1.252e+15, cond(Quu)=1.000e+00
    max|Quu|=2.576e+15, cond(Quu)=1.000e+00
    max|Quu|=5.299e+15, cond(Quu)=1.000e+00
    max|Quu|=1.089e+16, cond(Quu)=1.000e+00
    max|Quu|=2.239e+16, cond(Quu)=1.000e+00
    max|Quu|=4.599e+16, cond(Quu)=1.000e+00
    max|Quu|=9.442e+16, cond(Quu)=1.000e+00
    max|Quu|=1.937e+17, cond(Quu)=1.000e+00
    max|Quu|=3.974e+17, cond(Quu)=1.000e+00
    max|Quu|=8.146e+17, cond(Quu)=1.000e+00
    max|Quu|=1.669e+18, cond(Quu)=1.000e+00
    max|Quu|=3.420e+18, cond(Quu)=1.000e+00
    max|Quu|=7.002e+18, cond(Quu)=1.000e+00
    max|Quu|=1.433e+19, cond(Quu)=1.000e+00
    max|Quu|=2.932e+19, cond(Quu)=1.000e+00
    max|Quu|=5.995e+19, cond(Quu)=1.000e+00
    max|Quu|=1.225e+20, cond(Quu)=1.000e+00
    max|Quu|=2.504e+20, cond(Quu)=1.000e+00
    max|Quu|=5.113e+20, cond(Quu)=1.000e+00
    max|Quu|=1.044e+21, cond(Quu)=1.000e+00
    max|Quu|=2.130e+21, cond(Quu)=1.000e+00
    max|Quu|=4.345e+21, cond(Quu)=1.000e+00
    max|Quu|=8.860e+21, cond(Quu)=1.000e+00
    max|Quu|=1.806e+22, cond(Quu)=1.000e+00
    max|Quu|=3.680e+22, cond(Quu)=1.000e+00
    max|Quu|=7.495e+22, cond(Quu)=1.000e+00
    max|Quu|=1.526e+23, cond(Quu)=1.000e+00
    max|Quu|=3.105e+23, cond(Quu)=1.000e+00
    max|Quu|=6.317e+23, cond(Quu)=1.000e+00
    max|Quu|=1.285e+24, cond(Quu)=1.000e+00
    max|Quu|=2.612e+24, cond(Quu)=1.000e+00
    max|Quu|=5.308e+24, cond(Quu)=1.000e+00
    max|Quu|=1.078e+25, cond(Quu)=1.000e+00
    max|Quu|=2.190e+25, cond(Quu)=1.000e+00
    max|Quu|=4.445e+25, cond(Quu)=1.000e+00
    max|Quu|=9.021e+25, cond(Quu)=1.000e+00
    max|Quu|=1.830e+26, cond(Quu)=1.000e+00
    max|Quu|=3.711e+26, cond(Quu)=1.000e+00
    max|Quu|=7.524e+26, cond(Quu)=1.000e+00
    max|Quu|=1.525e+27, cond(Quu)=1.000e+00
    max|Quu|=3.090e+27, cond(Quu)=1.000e+00
    max|Quu|=6.258e+27, cond(Quu)=1.000e+00
    max|Quu|=1.267e+28, cond(Quu)=1.000e+00
    max|Quu|=2.565e+28, cond(Quu)=1.000e+00
    max|Quu|=5.189e+28, cond(Quu)=1.000e+00
    max|Quu|=1.050e+29, cond(Quu)=1.000e+00
    max|Quu|=2.122e+29, cond(Quu)=1.000e+00
    max|Quu|=4.290e+29, cond(Quu)=1.000e+00
    max|Quu|=8.669e+29, cond(Quu)=1.000e+00
    max|Quu|=1.751e+30, cond(Quu)=1.000e+00
    max|Quu|=3.537e+30, cond(Quu)=1.000e+00
    max|Quu|=7.141e+30, cond(Quu)=1.000e+00
    max|Quu|=1.441e+31, cond(Quu)=1.000e+00
    max|Quu|=2.908e+31, cond(Quu)=1.000e+00
    max|Quu|=5.865e+31, cond(Quu)=1.000e+00
    max|Quu|=1.183e+32, cond(Quu)=1.000e+00
    max|Quu|=2.384e+32, cond(Quu)=1.000e+00
    max|Quu|=4.804e+32, cond(Quu)=1.000e+00
    max|Quu|=9.679e+32, cond(Quu)=1.000e+00
    max|Quu|=1.949e+33, cond(Quu)=1.000e+00
    max|Quu|=3.925e+33, cond(Quu)=1.000e+00
    max|Quu|=7.901e+33, cond(Quu)=1.000e+00
    max|Quu|=1.590e+34, cond(Quu)=1.000e+00
    max|Quu|=3.198e+34, cond(Quu)=1.000e+00
    max|Quu|=6.432e+34, cond(Quu)=1.000e+00
    max|Quu|=1.293e+35, cond(Quu)=1.000e+00
    max|Quu|=2.599e+35, cond(Quu)=1.000e+00
    max|Quu|=5.223e+35, cond(Quu)=1.000e+00
    max|Quu|=1.049e+36, cond(Quu)=1.000e+00
    max|Quu|=2.107e+36, cond(Quu)=1.000e+00
    max|Quu|=4.229e+36, cond(Quu)=1.000e+00
    max|Quu|=8.488e+36, cond(Quu)=1.000e+00
    max|Quu|=1.703e+37, cond(Quu)=1.000e+00
    max|Quu|=3.416e+37, cond(Quu)=1.000e+00
    max|Quu|=6.850e+37, cond(Quu)=1.000e+00
    max|Quu|=1.373e+38, cond(Quu)=1.000e+00
    max|Quu|=2.752e+38, cond(Quu)=1.000e+00
    max|Quu|=5.513e+38, cond(Quu)=1.000e+00
    max|Quu|=1.104e+39, cond(Quu)=1.000e+00
    max|Quu|=2.211e+39, cond(Quu)=1.000e+00
    max|Quu|=4.425e+39, cond(Quu)=1.000e+00
    max|Quu|=8.852e+39, cond(Quu)=1.000e+00
    max|Quu|=1.771e+40, cond(Quu)=1.000e+00
    max|Quu|=3.540e+40, cond(Quu)=1.000e+00
    max|Quu|=7.076e+40, cond(Quu)=1.000e+00
    max|Quu|=1.414e+41, cond(Quu)=1.000e+00
    max|Quu|=2.824e+41, cond(Quu)=1.000e+00
    max|Quu|=5.638e+41, cond(Quu)=1.000e+00
    max|Quu|=1.125e+42, cond(Quu)=1.000e+00
    max|Quu|=2.245e+42, cond(Quu)=1.000e+00
    max|Quu|=4.477e+42, cond(Quu)=1.000e+00
    max|Quu|=8.926e+42, cond(Quu)=1.000e+00
    max|Quu|=1.779e+43, cond(Quu)=1.000e+00
    max|Quu|=3.544e+43, cond(Quu)=1.000e+00
    max|Quu|=7.057e+43, cond(Quu)=1.000e+00
    max|Quu|=1.405e+44, cond(Quu)=1.000e+00
    max|Quu|=2.795e+44, cond(Quu)=1.000e+00
    max|Quu|=5.559e+44, cond(Quu)=1.000e+00
    max|Quu|=1.105e+45, cond(Quu)=1.000e+00
    max|Quu|=2.196e+45, cond(Quu)=1.000e+00
    max|Quu|=4.363e+45, cond(Quu)=1.000e+00
    max|Quu|=8.662e+45, cond(Quu)=1.000e+00
    max|Quu|=1.719e+46, cond(Quu)=1.000e+00
    max|Quu|=3.410e+46, cond(Quu)=1.000e+00
    max|Quu|=6.761e+46, cond(Quu)=1.000e+00
    max|Quu|=1.340e+47, cond(Quu)=1.000e+00
    max|Quu|=2.653e+47, cond(Quu)=1.000e+00
    max|Quu|=5.252e+47, cond(Quu)=1.000e+00
    max|Quu|=1.039e+48, cond(Quu)=1.000e+00
    max|Quu|=2.054e+48, cond(Quu)=1.000e+00
    max|Quu|=4.059e+48, cond(Quu)=1.000e+00
    max|Quu|=8.015e+48, cond(Quu)=1.000e+00
    max|Quu|=1.581e+49, cond(Quu)=1.000e+00
    max|Quu|=3.118e+49, cond(Quu)=1.000e+00
    max|Quu|=6.144e+49, cond(Quu)=1.000e+00
    max|Quu|=1.210e+50, cond(Quu)=1.000e+00
    max|Quu|=2.380e+50, cond(Quu)=1.000e+00
    max|Quu|=4.678e+50, cond(Quu)=1.000e+00
    max|Quu|=9.187e+50, cond(Quu)=1.000e+00
    max|Quu|=1.803e+51, cond(Quu)=1.000e+00
    max|Quu|=3.533e+51, cond(Quu)=1.000e+00
    max|Quu|=6.918e+51, cond(Quu)=1.000e+00
    max|Quu|=1.353e+52, cond(Quu)=1.000e+00
    max|Quu|=2.643e+52, cond(Quu)=1.000e+00
    max|Quu|=5.155e+52, cond(Quu)=1.000e+00
    max|Quu|=1.004e+53, cond(Quu)=1.000e+00
    max|Quu|=1.954e+53, cond(Quu)=1.000e+00
    max|Quu|=3.795e+53, cond(Quu)=1.000e+00
    max|Quu|=7.359e+53, cond(Quu)=1.000e+00
    max|Quu|=1.424e+54, cond(Quu)=1.000e+00
    max|Quu|=2.750e+54, cond(Quu)=1.000e+00
    max|Quu|=5.299e+54, cond(Quu)=1.000e+00
    max|Quu|=1.018e+55, cond(Quu)=1.000e+00
    max|Quu|=1.952e+55, cond(Quu)=1.000e+00
    max|Quu|=3.732e+55, cond(Quu)=1.000e+00
    max|Quu|=7.110e+55, cond(Quu)=1.000e+00
    max|Quu|=1.350e+56, cond(Quu)=1.000e+00
    max|Quu|=2.551e+56, cond(Quu)=1.000e+00
    max|Quu|=4.795e+56, cond(Quu)=1.000e+00
    max|Quu|=8.965e+56, cond(Quu)=1.000e+00
    max|Quu|=1.666e+57, cond(Quu)=1.000e+00
    max|Quu|=3.072e+57, cond(Quu)=1.000e+00
    max|Quu|=5.613e+57, cond(Quu)=1.000e+00
    max|Quu|=1.014e+58, cond(Quu)=1.000e+00
    max|Quu|=1.803e+58, cond(Quu)=1.000e+00
    max|Quu|=3.149e+58, cond(Quu)=1.000e+00
    max|Quu|=5.370e+58, cond(Quu)=1.000e+00
    max|Quu|=8.852e+58, cond(Quu)=1.000e+00
    max|Quu|=1.387e+59, cond(Quu)=1.000e+00
    max|Quu|=1.994e+59, cond(Quu)=1.000e+00
    max|Quu|=2.405e+59, cond(Quu)=1.000e+00
    max|Quu|=1.598e+59, cond(Quu)=1.000e+00
    max|Quu|=3.319e+59, cond(Quu)=1.000e+00
    max|Quu|=1.985e+60, cond(Quu)=1.000e+00
    max|Quu|=6.652e+60, cond(Quu)=1.000e+00
    max|Quu|=1.874e+61, cond(Quu)=1.000e+00
    max|Quu|=4.851e+61, cond(Quu)=1.000e+00
    max|Quu|=1.194e+62, cond(Quu)=1.000e+00
    max|Quu|=2.841e+62, cond(Quu)=1.000e+00
    max|Quu|=6.602e+62, cond(Quu)=1.000e+00
    max|Quu|=1.507e+63, cond(Quu)=1.000e+00
    max|Quu|=3.393e+63, cond(Quu)=1.000e+00
    max|Quu|=7.554e+63, cond(Quu)=1.000e+00
    max|Quu|=1.666e+64, cond(Quu)=1.000e+00
    max|Quu|=3.646e+64, cond(Quu)=1.000e+00
    max|Quu|=7.921e+64, cond(Quu)=1.000e+00
    max|Quu|=1.711e+65, cond(Quu)=1.000e+00
    max|Quu|=3.677e+65, cond(Quu)=1.000e+00
    max|Quu|=7.869e+65, cond(Quu)=1.000e+00
    max|Quu|=1.678e+66, cond(Quu)=1.000e+00
    max|Quu|=3.565e+66, cond(Quu)=1.000e+00
    max|Quu|=7.550e+66, cond(Quu)=1.000e+00
    max|Quu|=1.594e+67, cond(Quu)=1.000e+00
    max|Quu|=3.356e+67, cond(Quu)=1.000e+00
    max|Quu|=7.049e+67, cond(Quu)=1.000e+00
    max|Quu|=1.478e+68, cond(Quu)=1.000e+00
    max|Quu|=3.092e+68, cond(Quu)=1.000e+00
    max|Quu|=6.456e+68, cond(Quu)=1.000e+00
    max|Quu|=1.346e+69, cond(Quu)=1.000e+00
    max|Quu|=2.802e+69, cond(Quu)=1.000e+00
    max|Quu|=5.824e+69, cond(Quu)=1.000e+00
    max|Quu|=1.209e+70, cond(Quu)=1.000e+00
    max|Quu|=2.506e+70, cond(Quu)=1.000e+00
    max|Quu|=5.187e+70, cond(Quu)=1.000e+00
    max|Quu|=1.072e+71, cond(Quu)=1.000e+00
    max|Quu|=2.214e+71, cond(Quu)=1.000e+00
    max|Quu|=4.567e+71, cond(Quu)=1.000e+00
    max|Quu|=9.412e+71, cond(Quu)=1.000e+00
    max|Quu|=1.938e+72, cond(Quu)=1.000e+00
    max|Quu|=3.986e+72, cond(Quu)=1.000e+00
    max|Quu|=8.194e+72, cond(Quu)=1.000e+00
    max|Quu|=1.683e+73, cond(Quu)=1.000e+00
    max|Quu|=3.453e+73, cond(Quu)=1.000e+00
    max|Quu|=7.082e+73, cond(Quu)=1.000e+00
    max|Quu|=1.451e+74, cond(Quu)=1.000e+00
    max|Quu|=2.973e+74, cond(Quu)=1.000e+00
    max|Quu|=6.084e+74, cond(Quu)=1.000e+00
    max|Quu|=1.245e+75, cond(Quu)=1.000e+00
    max|Quu|=2.544e+75, cond(Quu)=1.000e+00
    max|Quu|=5.199e+75, cond(Quu)=1.000e+00
    max|Quu|=1.062e+76, cond(Quu)=1.000e+00
    max|Quu|=2.167e+76, cond(Quu)=1.000e+00
    max|Quu|=4.422e+76, cond(Quu)=1.000e+00
    max|Quu|=9.017e+76, cond(Quu)=1.000e+00
    max|Quu|=1.838e+77, cond(Quu)=1.000e+00
    max|Quu|=3.745e+77, cond(Quu)=1.000e+00
    max|Quu|=7.627e+77, cond(Quu)=1.000e+00
    max|Quu|=1.553e+78, cond(Quu)=1.000e+00
    max|Quu|=3.160e+78, cond(Quu)=1.000e+00
    max|Quu|=6.429e+78, cond(Quu)=1.000e+00
    max|Quu|=1.308e+79, cond(Quu)=1.000e+00
    max|Quu|=2.658e+79, cond(Quu)=1.000e+00
    max|Quu|=5.402e+79, cond(Quu)=1.000e+00
    max|Quu|=1.098e+80, cond(Quu)=1.000e+00
    max|Quu|=2.229e+80, cond(Quu)=1.000e+00
    max|Quu|=4.527e+80, cond(Quu)=1.000e+00
    max|Quu|=9.189e+80, cond(Quu)=1.000e+00
    max|Quu|=1.865e+81, cond(Quu)=1.000e+00
    max|Quu|=3.783e+81, cond(Quu)=1.000e+00
    max|Quu|=7.674e+81, cond(Quu)=1.000e+00
    max|Quu|=1.556e+82, cond(Quu)=1.000e+00
    max|Quu|=3.155e+82, cond(Quu)=1.000e+00
    max|Quu|=6.394e+82, cond(Quu)=1.000e+00
    max|Quu|=1.296e+83, cond(Quu)=1.000e+00
    max|Quu|=2.625e+83, cond(Quu)=1.000e+00
    max|Quu|=5.319e+83, cond(Quu)=1.000e+00
    max|Quu|=1.077e+84, cond(Quu)=1.000e+00
    max|Quu|=2.182e+84, cond(Quu)=1.000e+00
    max|Quu|=4.419e+84, cond(Quu)=1.000e+00
    max|Quu|=8.946e+84, cond(Quu)=1.000e+00
    max|Quu|=1.811e+85, cond(Quu)=1.000e+00
    max|Quu|=3.665e+85, cond(Quu)=1.000e+00
    max|Quu|=7.417e+85, cond(Quu)=1.000e+00
    max|Quu|=1.501e+86, cond(Quu)=1.000e+00
    max|Quu|=3.036e+86, cond(Quu)=1.000e+00
    max|Quu|=6.141e+86, cond(Quu)=1.000e+00
    max|Quu|=1.242e+87, cond(Quu)=1.000e+00
    max|Quu|=2.512e+87, cond(Quu)=1.000e+00
    max|Quu|=5.079e+87, cond(Quu)=1.000e+00
    max|Quu|=1.027e+88, cond(Quu)=1.000e+00
    max|Quu|=2.077e+88, cond(Quu)=1.000e+00
    max|Quu|=4.199e+88, cond(Quu)=1.000e+00
    max|Quu|=8.489e+88, cond(Quu)=1.000e+00
    max|Quu|=1.716e+89, cond(Quu)=1.000e+00
    max|Quu|=3.468e+89, cond(Quu)=1.000e+00
    max|Quu|=7.009e+89, cond(Quu)=1.000e+00
    max|Quu|=1.417e+90, cond(Quu)=1.000e+00
    max|Quu|=2.862e+90, cond(Quu)=1.000e+00
    max|Quu|=5.784e+90, cond(Quu)=1.000e+00
    max|Quu|=1.169e+91, cond(Quu)=1.000e+00
    max|Quu|=2.361e+91, cond(Quu)=1.000e+00
    max|Quu|=4.770e+91, cond(Quu)=1.000e+00
    max|Quu|=9.637e+91, cond(Quu)=1.000e+00
    max|Quu|=1.947e+92, cond(Quu)=1.000e+00
    max|Quu|=3.933e+92, cond(Quu)=1.000e+00
    max|Quu|=7.946e+92, cond(Quu)=1.000e+00
    max|Quu|=1.605e+93, cond(Quu)=1.000e+00
    max|Quu|=3.243e+93, cond(Quu)=1.000e+00
    max|Quu|=6.553e+93, cond(Quu)=1.000e+00
    max|Quu|=1.324e+94, cond(Quu)=1.000e+00
    max|Quu|=2.675e+94, cond(Quu)=1.000e+00
    max|Quu|=5.405e+94, cond(Quu)=1.000e+00
    max|Quu|=1.092e+95, cond(Quu)=1.000e+00
    max|Quu|=2.207e+95, cond(Quu)=1.000e+00
    max|Quu|=4.459e+95, cond(Quu)=1.000e+00
    max|Quu|=9.010e+95, cond(Quu)=1.000e+00
    max|Quu|=1.821e+96, cond(Quu)=1.000e+00
    max|Quu|=3.679e+96, cond(Quu)=1.000e+00
    max|Quu|=7.434e+96, cond(Quu)=1.000e+00
    max|Quu|=1.502e+97, cond(Quu)=1.000e+00
    max|Quu|=3.036e+97, cond(Quu)=1.000e+00
    max|Quu|=6.137e+97, cond(Quu)=1.000e+00
    max|Quu|=1.240e+98, cond(Quu)=1.000e+00
    max|Quu|=2.507e+98, cond(Quu)=1.000e+00
    max|Quu|=5.068e+98, cond(Quu)=1.000e+00
    max|Quu|=1.025e+99, cond(Quu)=1.000e+00
    max|Quu|=2.071e+99, cond(Quu)=1.000e+00
    max|Quu|=4.188e+99, cond(Quu)=1.000e+00
    max|Quu|=8.468e+99, cond(Quu)=1.000e+00
    max|Quu|=1.712e+100, cond(Quu)=1.000e+00
    max|Quu|=3.462e+100, cond(Quu)=1.000e+00
    max|Quu|=6.999e+100, cond(Quu)=1.000e+00
    max|Quu|=1.415e+101, cond(Quu)=1.000e+00
    max|Quu|=2.862e+101, cond(Quu)=1.000e+00
    max|Quu|=5.787e+101, cond(Quu)=1.000e+00
    max|Quu|=1.170e+102, cond(Quu)=1.000e+00
    max|Quu|=2.367e+102, cond(Quu)=1.000e+00
    max|Quu|=4.787e+102, cond(Quu)=1.000e+00
    max|Quu|=9.683e+102, cond(Quu)=1.000e+00
    max|Quu|=1.959e+103, cond(Quu)=1.000e+00
    max|Quu|=3.962e+103, cond(Quu)=1.000e+00
    max|Quu|=8.015e+103, cond(Quu)=1.000e+00
    max|Quu|=1.621e+104, cond(Quu)=1.000e+00
    max|Quu|=3.280e+104, cond(Quu)=1.000e+00
    max|Quu|=6.637e+104, cond(Quu)=1.000e+00
    max|Quu|=1.343e+105, cond(Quu)=1.000e+00
    max|Quu|=2.717e+105, cond(Quu)=1.000e+00
    max|Quu|=5.497e+105, cond(Quu)=1.000e+00
    max|Quu|=1.112e+106, cond(Quu)=1.000e+00
    max|Quu|=2.251e+106, cond(Quu)=1.000e+00
    max|Quu|=4.555e+106, cond(Quu)=1.000e+00
    max|Quu|=9.218e+106, cond(Quu)=1.000e+00
    max|Quu|=1.866e+107, cond(Quu)=1.000e+00
    max|Quu|=3.775e+107, cond(Quu)=1.000e+00
    max|Quu|=7.641e+107, cond(Quu)=1.000e+00
    max|Quu|=1.546e+108, cond(Quu)=1.000e+00
    max|Quu|=3.130e+108, cond(Quu)=1.000e+00
    max|Quu|=6.334e+108, cond(Quu)=1.000e+00
    max|Quu|=1.282e+109, cond(Quu)=1.000e+00
    max|Quu|=2.595e+109, cond(Quu)=1.000e+00
    max|Quu|=5.252e+109, cond(Quu)=1.000e+00
    max|Quu|=1.063e+110, cond(Quu)=1.000e+00
    max|Quu|=2.152e+110, cond(Quu)=1.000e+00
    max|Quu|=4.355e+110, cond(Quu)=1.000e+00
    max|Quu|=8.814e+110, cond(Quu)=1.000e+00
    max|Quu|=1.784e+111, cond(Quu)=1.000e+00
    max|Quu|=3.611e+111, cond(Quu)=1.000e+00
    max|Quu|=7.308e+111, cond(Quu)=1.000e+00
    max|Quu|=1.479e+112, cond(Quu)=1.000e+00
    max|Quu|=2.994e+112, cond(Quu)=1.000e+00
    max|Quu|=6.059e+112, cond(Quu)=1.000e+00
    max|Quu|=1.226e+113, cond(Quu)=1.000e+00
    max|Quu|=2.482e+113, cond(Quu)=1.000e+00
    max|Quu|=5.024e+113, cond(Quu)=1.000e+00
    max|Quu|=1.017e+114, cond(Quu)=1.000e+00
    max|Quu|=2.057e+114, cond(Quu)=1.000e+00
    max|Quu|=4.163e+114, cond(Quu)=1.000e+00
    max|Quu|=8.425e+114, cond(Quu)=1.000e+00
    max|Quu|=1.705e+115, cond(Quu)=1.000e+00
    max|Quu|=3.449e+115, cond(Quu)=1.000e+00
    max|Quu|=6.977e+115, cond(Quu)=1.000e+00
    max|Quu|=1.412e+116, cond(Quu)=1.000e+00
    max|Quu|=2.856e+116, cond(Quu)=1.000e+00
    max|Quu|=5.776e+116, cond(Quu)=1.000e+00
    max|Quu|=1.168e+117, cond(Quu)=1.000e+00
    max|Quu|=2.363e+117, cond(Quu)=1.000e+00
    max|Quu|=4.778e+117, cond(Quu)=1.000e+00
    max|Quu|=9.661e+117, cond(Quu)=1.000e+00
    max|Quu|=1.953e+118, cond(Quu)=1.000e+00
    max|Quu|=3.949e+118, cond(Quu)=1.000e+00
    max|Quu|=7.982e+118, cond(Quu)=1.000e+00
    max|Quu|=1.613e+119, cond(Quu)=1.000e+00
    max|Quu|=3.260e+119, cond(Quu)=1.000e+00
    max|Quu|=6.586e+119, cond(Quu)=1.000e+00
    max|Quu|=1.330e+120, cond(Quu)=1.000e+00
    max|Quu|=2.687e+120, cond(Quu)=1.000e+00
    max|Quu|=5.428e+120, cond(Quu)=1.000e+00
    max|Quu|=1.096e+121, cond(Quu)=1.000e+00
    max|Quu|=2.214e+121, cond(Quu)=1.000e+00
    max|Quu|=4.470e+121, cond(Quu)=1.000e+00
    max|Quu|=9.023e+121, cond(Quu)=1.000e+00
    max|Quu|=1.821e+122, cond(Quu)=1.000e+00
    max|Quu|=3.676e+122, cond(Quu)=1.000e+00
    max|Quu|=7.418e+122, cond(Quu)=1.000e+00
    max|Quu|=1.497e+123, cond(Quu)=1.000e+00
    max|Quu|=3.021e+123, cond(Quu)=1.000e+00
    max|Quu|=6.095e+123, cond(Quu)=1.000e+00
    max|Quu|=1.230e+124, cond(Quu)=1.000e+00
    max|Quu|=2.481e+124, cond(Quu)=1.000e+00
    max|Quu|=5.006e+124, cond(Quu)=1.000e+00
    max|Quu|=1.010e+125, cond(Quu)=1.000e+00
    max|Quu|=2.037e+125, cond(Quu)=1.000e+00
    max|Quu|=4.108e+125, cond(Quu)=1.000e+00
    max|Quu|=8.285e+125, cond(Quu)=1.000e+00
    max|Quu|=1.671e+126, cond(Quu)=1.000e+00
    max|Quu|=3.370e+126, cond(Quu)=1.000e+00
    max|Quu|=6.795e+126, cond(Quu)=1.000e+00
    max|Quu|=1.370e+127, cond(Quu)=1.000e+00
    max|Quu|=2.762e+127, cond(Quu)=1.000e+00
    max|Quu|=5.570e+127, cond(Quu)=1.000e+00
    max|Quu|=1.123e+128, cond(Quu)=1.000e+00
    max|Quu|=2.264e+128, cond(Quu)=1.000e+00
    max|Quu|=4.564e+128, cond(Quu)=1.000e+00
    max|Quu|=9.200e+128, cond(Quu)=1.000e+00
    max|Quu|=1.854e+129, cond(Quu)=1.000e+00
    max|Quu|=3.738e+129, cond(Quu)=1.000e+00
    max|Quu|=7.533e+129, cond(Quu)=1.000e+00
    max|Quu|=1.518e+130, cond(Quu)=1.000e+00
    max|Quu|=3.060e+130, cond(Quu)=1.000e+00
    max|Quu|=6.166e+130, cond(Quu)=1.000e+00
    max|Quu|=1.243e+131, cond(Quu)=1.000e+00
    max|Quu|=2.504e+131, cond(Quu)=1.000e+00
    max|Quu|=5.045e+131, cond(Quu)=1.000e+00
    max|Quu|=1.016e+132, cond(Quu)=1.000e+00
    max|Quu|=2.048e+132, cond(Quu)=1.000e+00
    max|Quu|=4.125e+132, cond(Quu)=1.000e+00
    max|Quu|=8.309e+132, cond(Quu)=1.000e+00
    max|Quu|=1.674e+133, cond(Quu)=1.000e+00
    max|Quu|=3.371e+133, cond(Quu)=1.000e+00
    max|Quu|=6.789e+133, cond(Quu)=1.000e+00
    max|Quu|=1.367e+134, cond(Quu)=1.000e+00
    max|Quu|=2.753e+134, cond(Quu)=1.000e+00
    max|Quu|=5.544e+134, cond(Quu)=1.000e+00
    max|Quu|=1.116e+135, cond(Quu)=1.000e+00
    max|Quu|=2.248e+135, cond(Quu)=1.000e+00
    max|Quu|=4.525e+135, cond(Quu)=1.000e+00
    max|Quu|=9.110e+135, cond(Quu)=1.000e+00
    max|Quu|=1.834e+136, cond(Quu)=1.000e+00
    max|Quu|=3.691e+136, cond(Quu)=1.000e+00
    max|Quu|=7.430e+136, cond(Quu)=1.000e+00
    max|Quu|=1.495e+137, cond(Quu)=1.000e+00
    max|Quu|=3.009e+137, cond(Quu)=1.000e+00
    max|Quu|=6.055e+137, cond(Quu)=1.000e+00
    max|Quu|=1.218e+138, cond(Quu)=1.000e+00
    max|Quu|=2.452e+138, cond(Quu)=1.000e+00
    max|Quu|=4.933e+138, cond(Quu)=1.000e+00
    max|Quu|=9.924e+138, cond(Quu)=1.000e+00
    max|Quu|=1.997e+139, cond(Quu)=1.000e+00
    max|Quu|=4.016e+139, cond(Quu)=1.000e+00
    max|Quu|=8.079e+139, cond(Quu)=1.000e+00
    max|Quu|=1.625e+140, cond(Quu)=1.000e+00
    max|Quu|=3.268e+140, cond(Quu)=1.000e+00
    max|Quu|=6.574e+140, cond(Quu)=1.000e+00
    max|Quu|=1.322e+141, cond(Quu)=1.000e+00
    max|Quu|=2.659e+141, cond(Quu)=1.000e+00
    max|Quu|=5.346e+141, cond(Quu)=1.000e+00
    max|Quu|=1.075e+142, cond(Quu)=1.000e+00
    max|Quu|=2.162e+142, cond(Quu)=1.000e+00
    max|Quu|=4.346e+142, cond(Quu)=1.000e+00
    max|Quu|=8.739e+142, cond(Quu)=1.000e+00
    max|Quu|=1.757e+143, cond(Quu)=1.000e+00
    max|Quu|=3.532e+143, cond(Quu)=1.000e+00
    max|Quu|=7.101e+143, cond(Quu)=1.000e+00
    max|Quu|=1.427e+144, cond(Quu)=1.000e+00
    max|Quu|=2.869e+144, cond(Quu)=1.000e+00
    max|Quu|=5.768e+144, cond(Quu)=1.000e+00
    max|Quu|=1.159e+145, cond(Quu)=1.000e+00
    max|Quu|=2.331e+145, cond(Quu)=1.000e+00
    max|Quu|=4.684e+145, cond(Quu)=1.000e+00
    max|Quu|=9.416e+145, cond(Quu)=1.000e+00
    max|Quu|=1.892e+146, cond(Quu)=1.000e+00
    max|Quu|=3.804e+146, cond(Quu)=1.000e+00
    max|Quu|=7.645e+146, cond(Quu)=1.000e+00
    max|Quu|=1.536e+147, cond(Quu)=1.000e+00
    max|Quu|=3.088e+147, cond(Quu)=1.000e+00
    max|Quu|=6.206e+147, cond(Quu)=1.000e+00
    max|Quu|=1.247e+148, cond(Quu)=1.000e+00
    max|Quu|=2.507e+148, cond(Quu)=1.000e+00
    max|Quu|=5.037e+148, cond(Quu)=1.000e+00
    max|Quu|=1.012e+149, cond(Quu)=1.000e+00
    max|Quu|=2.034e+149, cond(Quu)=1.000e+00
    max|Quu|=4.088e+149, cond(Quu)=1.000e+00
    max|Quu|=8.215e+149, cond(Quu)=1.000e+00
    max|Quu|=1.651e+150, cond(Quu)=1.000e+00
    max|Quu|=3.317e+150, cond(Quu)=1.000e+00
    max|Quu|=6.666e+150, cond(Quu)=1.000e+00
    max|Quu|=1.339e+151, cond(Quu)=1.000e+00
    max|Quu|=2.692e+151, cond(Quu)=1.000e+00
    max|Quu|=5.408e+151, cond(Quu)=1.000e+00
    max|Quu|=1.087e+152, cond(Quu)=1.000e+00
    max|Quu|=2.184e+152, cond(Quu)=1.000e+00
    max|Quu|=4.388e+152, cond(Quu)=1.000e+00
    max|Quu|=8.816e+152, cond(Quu)=1.000e+00
    max|Quu|=1.771e+153, cond(Quu)=1.000e+00
    max|Quu|=3.559e+153, cond(Quu)=1.000e+00
    max|Quu|=7.151e+153, cond(Quu)=1.000e+00
    max|Quu|=1.437e+154, cond(Quu)=1.000e+00
    max|Quu|=2.887e+154, cond(Quu)=1.000e+00
    max|Quu|=5.801e+154, cond(Quu)=1.000e+00
    max|Quu|=1.165e+155, cond(Quu)=1.000e+00
    max|Quu|=2.342e+155, cond(Quu)=1.000e+00
    max|Quu|=4.705e+155, cond(Quu)=1.000e+00
    max|Quu|=9.452e+155, cond(Quu)=1.000e+00
Measured previous rollout {"cost": 10052.462418193152, "position_rmse": 1.5715184387487222}
Defect construction {"mean_absolute": 0.017392483101692988, "max_absolute": 0.5964042157582765, "max_timestep": 2, "max_state_dimension": 6, "max_state_name": "wheel_speed", "per_state_max_absolute": [0.011580764286706291, 0.011825585989810428, 0.008181131755960802, 0.030397278644300266, 0.0692235233702913, 0.10400297420525662, 0.5964042157582765, 3.552713678800501e-15, 5.551115123125783e-17]}
Defect reconstruction {"mean_absolute": 4.3883511806304177e-16, "max_absolute": 8.1601392309949e-15, "max_timestep": 722, "max_state_dimension": 0, "max_state_name": "x", "per_state_max_absolute": [8.1601392309949e-15, 5.773159728050814e-15, 1.2212453270876722e-15, 6.505213034913027e-19, 4.336808689942018e-19, 1.3877787807814457e-17, 2.7755575615628914e-17, 0.0, 0.0]}
alpha=0 max |U_forward - U_old|: 9.192535621593834e-12
Unchanged control baseline {"unchanged_defect": {"cost": 10052.462418193194, "position_rmse": 1.5715184387487258}, "unchanged_nominal": {"cost": 5015.586521854359, "position_rmse": 1.0569954865028408}}
Alpha candidate {"alpha": 0.5, "defect": {"cost": 3760.479750739721, "position_rmse": 0.9408634623014583}, "nominal": {"cost": 11704.666789537097, "position_rmse": 1.654789423290509}, "defect_improvement": 6291.9826674534725, "nominal_improvement": -6689.080267682739}
Final selection {"status": "ACCEPT", "alpha": 0.5, "cost": 3760.479750739721, "reason": "Strictly lower defect-aware cost than unchanged-control prediction"}
STOP: candidate prepared; no actual rollout executed.
TRIAL {"trial": 1, "cost": 10052.462418193152, "position_rmse": 1.5715184387487222, "lateness_max": 0.0020500350001384504, "rate_hz": 40.00063044062586, "period_ms_min": 23.473043998819776, "period_ms_max": 26.74304799802485, "selection": "ACCEPT", "update_seconds": 3.583975413999724, "retries": 0}
Reset succeeded: [0. 0. 0. 0. 0. 0.]
    max|Quu|=1.000e+01, cond(Quu)=1.000e+05
    max|Quu|=1.313e+01, cond(Quu)=1.200e+05
    max|Quu|=1.551e+01, cond(Quu)=1.314e+05
    max|Quu|=1.668e+01, cond(Quu)=1.336e+05
    max|Quu|=1.713e+01, cond(Quu)=1.323e+05
    max|Quu|=1.729e+01, cond(Quu)=1.305e+05
    max|Quu|=1.734e+01, cond(Quu)=1.292e+05
    max|Quu|=1.736e+01, cond(Quu)=1.283e+05
    max|Quu|=1.737e+01, cond(Quu)=1.277e+05
    max|Quu|=1.737e+01, cond(Quu)=1.273e+05
    max|Quu|=1.737e+01, cond(Quu)=1.270e+05
    max|Quu|=1.737e+01, cond(Quu)=1.268e+05
    max|Quu|=1.737e+01, cond(Quu)=1.266e+05
    max|Quu|=1.737e+01, cond(Quu)=1.264e+05
    max|Quu|=1.737e+01, cond(Quu)=1.262e+05
    max|Quu|=1.737e+01, cond(Quu)=1.260e+05
    max|Quu|=1.737e+01, cond(Quu)=1.258e+05
    max|Quu|=1.737e+01, cond(Quu)=1.256e+05
    max|Quu|=1.737e+01, cond(Quu)=1.253e+05
    max|Quu|=1.737e+01, cond(Quu)=1.251e+05
    max|Quu|=1.737e+01, cond(Quu)=1.249e+05
    max|Quu|=1.737e+01, cond(Quu)=1.247e+05
    max|Quu|=1.737e+01, cond(Quu)=1.245e+05
    max|Quu|=1.737e+01, cond(Quu)=1.242e+05
    max|Quu|=1.737e+01, cond(Quu)=1.240e+05
    max|Quu|=1.737e+01, cond(Quu)=1.238e+05
    max|Quu|=1.737e+01, cond(Quu)=1.236e+05
    max|Quu|=1.737e+01, cond(Quu)=1.234e+05
    max|Quu|=1.737e+01, cond(Quu)=1.231e+05
    max|Quu|=1.737e+01, cond(Quu)=1.229e+05
    max|Quu|=1.737e+01, cond(Quu)=1.228e+05
    max|Quu|=1.737e+01, cond(Quu)=1.226e+05
    max|Quu|=1.738e+01, cond(Quu)=1.224e+05
    max|Quu|=1.738e+01, cond(Quu)=1.223e+05
    max|Quu|=1.738e+01, cond(Quu)=1.221e+05
    max|Quu|=1.738e+01, cond(Quu)=1.220e+05
    max|Quu|=1.738e+01, cond(Quu)=1.219e+05
    max|Quu|=1.738e+01, cond(Quu)=1.218e+05
    max|Quu|=1.738e+01, cond(Quu)=1.217e+05
    max|Quu|=1.738e+01, cond(Quu)=1.216e+05
    max|Quu|=1.738e+01, cond(Quu)=1.216e+05
    max|Quu|=1.738e+01, cond(Quu)=1.215e+05
    max|Quu|=1.739e+01, cond(Quu)=1.214e+05
    max|Quu|=1.739e+01, cond(Quu)=1.214e+05
    max|Quu|=1.739e+01, cond(Quu)=1.214e+05
    max|Quu|=1.739e+01, cond(Quu)=1.213e+05
    max|Quu|=1.739e+01, cond(Quu)=1.213e+05
    max|Quu|=1.740e+01, cond(Quu)=1.213e+05
    max|Quu|=1.740e+01, cond(Quu)=1.212e+05
    max|Quu|=1.740e+01, cond(Quu)=1.212e+05
    max|Quu|=1.740e+01, cond(Quu)=1.212e+05
    max|Quu|=1.741e+01, cond(Quu)=1.212e+05
    max|Quu|=1.741e+01, cond(Quu)=1.212e+05
    max|Quu|=1.741e+01, cond(Quu)=1.212e+05
    max|Quu|=1.742e+01, cond(Quu)=1.212e+05
    max|Quu|=1.742e+01, cond(Quu)=1.212e+05
    max|Quu|=1.742e+01, cond(Quu)=1.212e+05
    max|Quu|=1.743e+01, cond(Quu)=1.212e+05
    max|Quu|=1.743e+01, cond(Quu)=1.212e+05
    max|Quu|=1.744e+01, cond(Quu)=1.212e+05
    max|Quu|=1.744e+01, cond(Quu)=1.212e+05
    max|Quu|=1.744e+01, cond(Quu)=1.212e+05
    max|Quu|=1.745e+01, cond(Quu)=1.212e+05
    max|Quu|=1.745e+01, cond(Quu)=1.212e+05
    max|Quu|=1.746e+01, cond(Quu)=1.213e+05
    max|Quu|=1.746e+01, cond(Quu)=1.213e+05
    max|Quu|=1.747e+01, cond(Quu)=1.213e+05
    max|Quu|=1.747e+01, cond(Quu)=1.213e+05
    max|Quu|=1.748e+01, cond(Quu)=1.213e+05
    max|Quu|=1.748e+01, cond(Quu)=1.214e+05
    max|Quu|=1.749e+01, cond(Quu)=1.214e+05
    max|Quu|=1.749e+01, cond(Quu)=1.214e+05
    max|Quu|=1.750e+01, cond(Quu)=1.214e+05
    max|Quu|=1.750e+01, cond(Quu)=1.215e+05
    max|Quu|=1.751e+01, cond(Quu)=1.215e+05
    max|Quu|=1.751e+01, cond(Quu)=1.215e+05
    max|Quu|=1.752e+01, cond(Quu)=1.215e+05
    max|Quu|=1.752e+01, cond(Quu)=1.216e+05
    max|Quu|=1.753e+01, cond(Quu)=1.216e+05
    max|Quu|=1.754e+01, cond(Quu)=1.216e+05
    max|Quu|=1.754e+01, cond(Quu)=1.217e+05
    max|Quu|=1.755e+01, cond(Quu)=1.217e+05
    max|Quu|=1.755e+01, cond(Quu)=1.217e+05
    max|Quu|=1.756e+01, cond(Quu)=1.217e+05
    max|Quu|=1.756e+01, cond(Quu)=1.218e+05
    max|Quu|=1.757e+01, cond(Quu)=1.218e+05
    max|Quu|=1.757e+01, cond(Quu)=1.218e+05
    max|Quu|=1.758e+01, cond(Quu)=1.218e+05
    max|Quu|=1.759e+01, cond(Quu)=1.219e+05
    max|Quu|=1.759e+01, cond(Quu)=1.219e+05
    max|Quu|=1.760e+01, cond(Quu)=1.219e+05
    max|Quu|=1.760e+01, cond(Quu)=1.219e+05
    max|Quu|=1.760e+01, cond(Quu)=1.219e+05
    max|Quu|=1.761e+01, cond(Quu)=1.219e+05
    max|Quu|=1.761e+01, cond(Quu)=1.220e+05
    max|Quu|=1.762e+01, cond(Quu)=1.220e+05
    max|Quu|=1.762e+01, cond(Quu)=1.220e+05
    max|Quu|=1.763e+01, cond(Quu)=1.220e+05
    max|Quu|=1.763e+01, cond(Quu)=1.220e+05
    max|Quu|=1.763e+01, cond(Quu)=1.219e+05
    max|Quu|=1.763e+01, cond(Quu)=1.219e+05
    max|Quu|=1.764e+01, cond(Quu)=1.219e+05
    max|Quu|=1.764e+01, cond(Quu)=1.219e+05
    max|Quu|=1.764e+01, cond(Quu)=1.218e+05
    max|Quu|=1.764e+01, cond(Quu)=1.218e+05
    max|Quu|=1.764e+01, cond(Quu)=1.217e+05
    max|Quu|=1.764e+01, cond(Quu)=1.217e+05
    max|Quu|=1.764e+01, cond(Quu)=1.217e+05
    max|Quu|=1.764e+01, cond(Quu)=1.217e+05
    max|Quu|=1.764e+01, cond(Quu)=1.216e+05
    max|Quu|=1.764e+01, cond(Quu)=1.216e+05
    max|Quu|=1.764e+01, cond(Quu)=1.215e+05
    max|Quu|=1.764e+01, cond(Quu)=1.215e+05
    max|Quu|=1.764e+01, cond(Quu)=1.214e+05
    max|Quu|=1.764e+01, cond(Quu)=1.214e+05
    max|Quu|=1.764e+01, cond(Quu)=1.214e+05
    max|Quu|=1.764e+01, cond(Quu)=1.214e+05
    max|Quu|=1.763e+01, cond(Quu)=1.214e+05
    max|Quu|=1.763e+01, cond(Quu)=1.214e+05
    max|Quu|=1.763e+01, cond(Quu)=1.214e+05
    max|Quu|=1.763e+01, cond(Quu)=1.215e+05
    max|Quu|=1.763e+01, cond(Quu)=1.215e+05
    max|Quu|=1.763e+01, cond(Quu)=1.216e+05
    max|Quu|=1.763e+01, cond(Quu)=1.217e+05
    max|Quu|=1.763e+01, cond(Quu)=1.218e+05
    max|Quu|=1.763e+01, cond(Quu)=1.219e+05
    max|Quu|=1.763e+01, cond(Quu)=1.220e+05
    max|Quu|=1.763e+01, cond(Quu)=1.221e+05
    max|Quu|=1.763e+01, cond(Quu)=1.222e+05
    max|Quu|=1.764e+01, cond(Quu)=1.222e+05
    max|Quu|=1.763e+01, cond(Quu)=1.223e+05
    max|Quu|=1.763e+01, cond(Quu)=1.223e+05
    max|Quu|=1.763e+01, cond(Quu)=1.224e+05
    max|Quu|=1.763e+01, cond(Quu)=1.225e+05
    max|Quu|=1.763e+01, cond(Quu)=1.225e+05
    max|Quu|=1.764e+01, cond(Quu)=1.226e+05
    max|Quu|=1.764e+01, cond(Quu)=1.226e+05
    max|Quu|=1.764e+01, cond(Quu)=1.227e+05
    max|Quu|=1.764e+01, cond(Quu)=1.227e+05
    max|Quu|=1.764e+01, cond(Quu)=1.227e+05
    max|Quu|=1.764e+01, cond(Quu)=1.227e+05
    max|Quu|=1.764e+01, cond(Quu)=1.227e+05
    max|Quu|=1.764e+01, cond(Quu)=1.227e+05
    max|Quu|=1.764e+01, cond(Quu)=1.227e+05
    max|Quu|=1.764e+01, cond(Quu)=1.227e+05
    max|Quu|=1.764e+01, cond(Quu)=1.227e+05
    max|Quu|=1.765e+01, cond(Quu)=1.227e+05
    max|Quu|=1.765e+01, cond(Quu)=1.227e+05
    max|Quu|=1.765e+01, cond(Quu)=1.227e+05
    max|Quu|=1.765e+01, cond(Quu)=1.227e+05
    max|Quu|=1.765e+01, cond(Quu)=1.227e+05
    max|Quu|=1.765e+01, cond(Quu)=1.227e+05
    max|Quu|=1.766e+01, cond(Quu)=1.226e+05
    max|Quu|=1.766e+01, cond(Quu)=1.226e+05
    max|Quu|=1.766e+01, cond(Quu)=1.226e+05
    max|Quu|=1.766e+01, cond(Quu)=1.226e+05
    max|Quu|=1.767e+01, cond(Quu)=1.226e+05
    max|Quu|=1.767e+01, cond(Quu)=1.226e+05
    max|Quu|=1.767e+01, cond(Quu)=1.226e+05
    max|Quu|=1.767e+01, cond(Quu)=1.226e+05
    max|Quu|=1.768e+01, cond(Quu)=1.225e+05
    max|Quu|=1.768e+01, cond(Quu)=1.225e+05
    max|Quu|=1.768e+01, cond(Quu)=1.225e+05
    max|Quu|=1.768e+01, cond(Quu)=1.225e+05
    max|Quu|=1.769e+01, cond(Quu)=1.225e+05
    max|Quu|=1.769e+01, cond(Quu)=1.226e+05
    max|Quu|=1.769e+01, cond(Quu)=1.226e+05
    max|Quu|=1.769e+01, cond(Quu)=1.226e+05
    max|Quu|=1.770e+01, cond(Quu)=1.226e+05
    max|Quu|=1.770e+01, cond(Quu)=1.226e+05
    max|Quu|=1.770e+01, cond(Quu)=1.226e+05
    max|Quu|=1.771e+01, cond(Quu)=1.226e+05
    max|Quu|=1.771e+01, cond(Quu)=1.226e+05
    max|Quu|=1.771e+01, cond(Quu)=1.227e+05
    max|Quu|=1.772e+01, cond(Quu)=1.227e+05
    max|Quu|=1.772e+01, cond(Quu)=1.227e+05
    max|Quu|=1.772e+01, cond(Quu)=1.227e+05
    max|Quu|=1.773e+01, cond(Quu)=1.227e+05
    max|Quu|=1.773e+01, cond(Quu)=1.228e+05
    max|Quu|=1.773e+01, cond(Quu)=1.228e+05
    max|Quu|=1.773e+01, cond(Quu)=1.228e+05
    max|Quu|=1.774e+01, cond(Quu)=1.228e+05
    max|Quu|=1.774e+01, cond(Quu)=1.229e+05
    max|Quu|=1.774e+01, cond(Quu)=1.229e+05
    max|Quu|=1.775e+01, cond(Quu)=1.229e+05
    max|Quu|=1.775e+01, cond(Quu)=1.229e+05
    max|Quu|=1.775e+01, cond(Quu)=1.230e+05
    max|Quu|=1.775e+01, cond(Quu)=1.230e+05
    max|Quu|=1.776e+01, cond(Quu)=1.230e+05
    max|Quu|=1.776e+01, cond(Quu)=1.231e+05
    max|Quu|=1.777e+01, cond(Quu)=1.231e+05
    max|Quu|=1.777e+01, cond(Quu)=1.231e+05
    max|Quu|=1.777e+01, cond(Quu)=1.232e+05
    max|Quu|=1.777e+01, cond(Quu)=1.232e+05
    max|Quu|=1.777e+01, cond(Quu)=1.232e+05
    max|Quu|=1.777e+01, cond(Quu)=1.232e+05
    max|Quu|=1.777e+01, cond(Quu)=1.232e+05
    max|Quu|=1.777e+01, cond(Quu)=1.232e+05
    max|Quu|=1.777e+01, cond(Quu)=1.232e+05
    max|Quu|=1.777e+01, cond(Quu)=1.232e+05
    max|Quu|=1.777e+01, cond(Quu)=1.232e+05
    max|Quu|=1.778e+01, cond(Quu)=1.232e+05
    max|Quu|=1.778e+01, cond(Quu)=1.233e+05
    max|Quu|=1.778e+01, cond(Quu)=1.233e+05
    max|Quu|=1.778e+01, cond(Quu)=1.233e+05
    max|Quu|=1.778e+01, cond(Quu)=1.233e+05
    max|Quu|=1.778e+01, cond(Quu)=1.233e+05
    max|Quu|=1.778e+01, cond(Quu)=1.233e+05
    max|Quu|=1.778e+01, cond(Quu)=1.233e+05
    max|Quu|=1.778e+01, cond(Quu)=1.233e+05
    max|Quu|=1.778e+01, cond(Quu)=1.232e+05
    max|Quu|=1.778e+01, cond(Quu)=1.232e+05
    max|Quu|=1.778e+01, cond(Quu)=1.233e+05
    max|Quu|=1.778e+01, cond(Quu)=1.233e+05
    max|Quu|=1.778e+01, cond(Quu)=1.233e+05
    max|Quu|=1.778e+01, cond(Quu)=1.233e+05
    max|Quu|=1.778e+01, cond(Quu)=1.233e+05
    max|Quu|=1.778e+01, cond(Quu)=1.233e+05
    max|Quu|=1.778e+01, cond(Quu)=1.233e+05
    max|Quu|=1.777e+01, cond(Quu)=1.233e+05
    max|Quu|=1.777e+01, cond(Quu)=1.233e+05
    max|Quu|=1.777e+01, cond(Quu)=1.234e+05
    max|Quu|=1.777e+01, cond(Quu)=1.234e+05
    max|Quu|=1.777e+01, cond(Quu)=1.234e+05
    max|Quu|=1.777e+01, cond(Quu)=1.235e+05
    max|Quu|=1.777e+01, cond(Quu)=1.235e+05
    max|Quu|=1.777e+01, cond(Quu)=1.235e+05
    max|Quu|=1.777e+01, cond(Quu)=1.235e+05
    max|Quu|=1.777e+01, cond(Quu)=1.235e+05
    max|Quu|=1.777e+01, cond(Quu)=1.236e+05
    max|Quu|=1.777e+01, cond(Quu)=1.236e+05
    max|Quu|=1.777e+01, cond(Quu)=1.236e+05
    max|Quu|=1.777e+01, cond(Quu)=1.236e+05
    max|Quu|=1.777e+01, cond(Quu)=1.236e+05
    max|Quu|=1.777e+01, cond(Quu)=1.235e+05
    max|Quu|=1.776e+01, cond(Quu)=1.235e+05
    max|Quu|=1.776e+01, cond(Quu)=1.235e+05
    max|Quu|=1.776e+01, cond(Quu)=1.235e+05
    max|Quu|=1.776e+01, cond(Quu)=1.235e+05
    max|Quu|=1.776e+01, cond(Quu)=1.235e+05
    max|Quu|=1.776e+01, cond(Quu)=1.235e+05
    max|Quu|=1.776e+01, cond(Quu)=1.235e+05
    max|Quu|=1.777e+01, cond(Quu)=1.235e+05
    max|Quu|=1.777e+01, cond(Quu)=1.235e+05
    max|Quu|=1.777e+01, cond(Quu)=1.235e+05
    max|Quu|=1.777e+01, cond(Quu)=1.235e+05
    max|Quu|=1.777e+01, cond(Quu)=1.234e+05
    max|Quu|=1.777e+01, cond(Quu)=1.234e+05
    max|Quu|=1.777e+01, cond(Quu)=1.234e+05
    max|Quu|=1.777e+01, cond(Quu)=1.234e+05
    max|Quu|=1.777e+01, cond(Quu)=1.234e+05
    max|Quu|=1.777e+01, cond(Quu)=1.234e+05
    max|Quu|=1.777e+01, cond(Quu)=1.234e+05
    max|Quu|=1.777e+01, cond(Quu)=1.234e+05
    max|Quu|=1.777e+01, cond(Quu)=1.233e+05
    max|Quu|=1.777e+01, cond(Quu)=1.233e+05
    max|Quu|=1.776e+01, cond(Quu)=1.233e+05
    max|Quu|=1.776e+01, cond(Quu)=1.232e+05
    max|Quu|=1.776e+01, cond(Quu)=1.232e+05
    max|Quu|=1.775e+01, cond(Quu)=1.231e+05
    max|Quu|=1.774e+01, cond(Quu)=1.230e+05
    max|Quu|=1.772e+01, cond(Quu)=1.229e+05
    max|Quu|=1.770e+01, cond(Quu)=1.227e+05
    max|Quu|=1.766e+01, cond(Quu)=1.224e+05
    max|Quu|=1.761e+01, cond(Quu)=1.219e+05
    max|Quu|=1.753e+01, cond(Quu)=1.212e+05
    max|Quu|=1.741e+01, cond(Quu)=1.202e+05
    max|Quu|=1.723e+01, cond(Quu)=1.186e+05
    max|Quu|=1.695e+01, cond(Quu)=1.161e+05
    max|Quu|=1.651e+01, cond(Quu)=1.121e+05
    max|Quu|=1.582e+01, cond(Quu)=1.053e+05
    max|Quu|=1.466e+01, cond(Quu)=9.288e+04
    max|Quu|=1.260e+01, cond(Quu)=6.825e+04
    max|Quu|=8.803e+00, cond(Quu)=2.586e+04
    max|Quu|=3.282e+00, cond(Quu)=1.266e+03
    max|Quu|=2.023e+00, cond(Quu)=1.033e+02
    max|Quu|=2.822e+00, cond(Quu)=4.401e+01
    max|Quu|=2.824e+00, cond(Quu)=1.104e+01
    max|Quu|=2.859e+00, cond(Quu)=3.776e+00
    max|Quu|=4.279e+00, cond(Quu)=1.941e+00
    max|Quu|=9.134e+00, cond(Quu)=1.374e+00
    max|Quu|=1.947e+01, cond(Quu)=1.163e+00
    max|Quu|=4.145e+01, cond(Quu)=1.074e+00
    max|Quu|=8.813e+01, cond(Quu)=1.035e+00
    max|Quu|=1.871e+02, cond(Quu)=1.016e+00
    max|Quu|=3.969e+02, cond(Quu)=1.008e+00
    max|Quu|=8.409e+02, cond(Quu)=1.004e+00
    max|Quu|=1.780e+03, cond(Quu)=1.002e+00
    max|Quu|=3.763e+03, cond(Quu)=1.001e+00
    max|Quu|=7.949e+03, cond(Quu)=1.000e+00
    max|Quu|=1.677e+04, cond(Quu)=1.000e+00
    max|Quu|=3.536e+04, cond(Quu)=1.000e+00
    max|Quu|=7.445e+04, cond(Quu)=1.000e+00
    max|Quu|=1.566e+05, cond(Quu)=1.000e+00
    max|Quu|=3.292e+05, cond(Quu)=1.000e+00
    max|Quu|=6.912e+05, cond(Quu)=1.000e+00
    max|Quu|=1.451e+06, cond(Quu)=1.000e+00
    max|Quu|=3.041e+06, cond(Quu)=1.000e+00
    max|Quu|=6.370e+06, cond(Quu)=1.000e+00
    max|Quu|=1.333e+07, cond(Quu)=1.000e+00
    max|Quu|=2.787e+07, cond(Quu)=1.000e+00
    max|Quu|=5.823e+07, cond(Quu)=1.000e+00
    max|Quu|=1.216e+08, cond(Quu)=1.000e+00
    max|Quu|=2.537e+08, cond(Quu)=1.000e+00
    max|Quu|=5.288e+08, cond(Quu)=1.000e+00
    max|Quu|=1.102e+09, cond(Quu)=1.000e+00
    max|Quu|=2.293e+09, cond(Quu)=1.000e+00
    max|Quu|=4.769e+09, cond(Quu)=1.000e+00
    max|Quu|=9.913e+09, cond(Quu)=1.000e+00
    max|Quu|=2.059e+10, cond(Quu)=1.000e+00
    max|Quu|=4.274e+10, cond(Quu)=1.000e+00
    max|Quu|=8.865e+10, cond(Quu)=1.000e+00
    max|Quu|=1.838e+11, cond(Quu)=1.000e+00
    max|Quu|=3.806e+11, cond(Quu)=1.000e+00
    max|Quu|=7.876e+11, cond(Quu)=1.000e+00
    max|Quu|=1.629e+12, cond(Quu)=1.000e+00
    max|Quu|=3.368e+12, cond(Quu)=1.000e+00
    max|Quu|=6.959e+12, cond(Quu)=1.000e+00
    max|Quu|=1.437e+13, cond(Quu)=1.000e+00
    max|Quu|=2.966e+13, cond(Quu)=1.000e+00
    max|Quu|=6.119e+13, cond(Quu)=1.000e+00
    max|Quu|=1.262e+14, cond(Quu)=1.000e+00
    max|Quu|=2.599e+14, cond(Quu)=1.000e+00
    max|Quu|=5.353e+14, cond(Quu)=1.000e+00
    max|Quu|=1.102e+15, cond(Quu)=1.000e+00
    max|Quu|=2.267e+15, cond(Quu)=1.000e+00
    max|Quu|=4.662e+15, cond(Quu)=1.000e+00
    max|Quu|=9.582e+15, cond(Quu)=1.000e+00
    max|Quu|=1.968e+16, cond(Quu)=1.000e+00
    max|Quu|=4.041e+16, cond(Quu)=1.000e+00
    max|Quu|=8.294e+16, cond(Quu)=1.000e+00
    max|Quu|=1.701e+17, cond(Quu)=1.000e+00
    max|Quu|=3.489e+17, cond(Quu)=1.000e+00
    max|Quu|=7.151e+17, cond(Quu)=1.000e+00
    max|Quu|=1.465e+18, cond(Quu)=1.000e+00
    max|Quu|=3.000e+18, cond(Quu)=1.000e+00
    max|Quu|=6.141e+18, cond(Quu)=1.000e+00
    max|Quu|=1.256e+19, cond(Quu)=1.000e+00
    max|Quu|=2.569e+19, cond(Quu)=1.000e+00
    max|Quu|=5.251e+19, cond(Quu)=1.000e+00
    max|Quu|=1.073e+20, cond(Quu)=1.000e+00
    max|Quu|=2.192e+20, cond(Quu)=1.000e+00
    max|Quu|=4.474e+20, cond(Quu)=1.000e+00
    max|Quu|=9.132e+20, cond(Quu)=1.000e+00
    max|Quu|=1.863e+21, cond(Quu)=1.000e+00
    max|Quu|=3.799e+21, cond(Quu)=1.000e+00
    max|Quu|=7.743e+21, cond(Quu)=1.000e+00
    max|Quu|=1.578e+22, cond(Quu)=1.000e+00
    max|Quu|=3.213e+22, cond(Quu)=1.000e+00
    max|Quu|=6.542e+22, cond(Quu)=1.000e+00
    max|Quu|=1.331e+23, cond(Quu)=1.000e+00
    max|Quu|=2.709e+23, cond(Quu)=1.000e+00
    max|Quu|=5.509e+23, cond(Quu)=1.000e+00
    max|Quu|=1.120e+24, cond(Quu)=1.000e+00
    max|Quu|=2.276e+24, cond(Quu)=1.000e+00
    max|Quu|=4.624e+24, cond(Quu)=1.000e+00
    max|Quu|=9.391e+24, cond(Quu)=1.000e+00
    max|Quu|=1.906e+25, cond(Quu)=1.000e+00
    max|Quu|=3.869e+25, cond(Quu)=1.000e+00
    max|Quu|=7.850e+25, cond(Quu)=1.000e+00
    max|Quu|=1.592e+26, cond(Quu)=1.000e+00
    max|Quu|=3.228e+26, cond(Quu)=1.000e+00
    max|Quu|=6.542e+26, cond(Quu)=1.000e+00
    max|Quu|=1.325e+27, cond(Quu)=1.000e+00
    max|Quu|=2.685e+27, cond(Quu)=1.000e+00
    max|Quu|=5.436e+27, cond(Quu)=1.000e+00
    max|Quu|=1.100e+28, cond(Quu)=1.000e+00
    max|Quu|=2.227e+28, cond(Quu)=1.000e+00
    max|Quu|=4.504e+28, cond(Quu)=1.000e+00
    max|Quu|=9.108e+28, cond(Quu)=1.000e+00
    max|Quu|=1.841e+29, cond(Quu)=1.000e+00
    max|Quu|=3.721e+29, cond(Quu)=1.000e+00
    max|Quu|=7.517e+29, cond(Quu)=1.000e+00
    max|Quu|=1.518e+30, cond(Quu)=1.000e+00
    max|Quu|=3.065e+30, cond(Quu)=1.000e+00
    max|Quu|=6.187e+30, cond(Quu)=1.000e+00
    max|Quu|=1.248e+31, cond(Quu)=1.000e+00
    max|Quu|=2.518e+31, cond(Quu)=1.000e+00
    max|Quu|=5.079e+31, cond(Quu)=1.000e+00
    max|Quu|=1.024e+32, cond(Quu)=1.000e+00
    max|Quu|=2.064e+32, cond(Quu)=1.000e+00
    max|Quu|=4.158e+32, cond(Quu)=1.000e+00
    max|Quu|=8.375e+32, cond(Quu)=1.000e+00
    max|Quu|=1.686e+33, cond(Quu)=1.000e+00
    max|Quu|=3.395e+33, cond(Quu)=1.000e+00
    max|Quu|=6.833e+33, cond(Quu)=1.000e+00
    max|Quu|=1.375e+34, cond(Quu)=1.000e+00
    max|Quu|=2.765e+34, cond(Quu)=1.000e+00
    max|Quu|=5.560e+34, cond(Quu)=1.000e+00
    max|Quu|=1.118e+35, cond(Quu)=1.000e+00
    max|Quu|=2.246e+35, cond(Quu)=1.000e+00
    max|Quu|=4.513e+35, cond(Quu)=1.000e+00
    max|Quu|=9.065e+35, cond(Quu)=1.000e+00
    max|Quu|=1.820e+36, cond(Quu)=1.000e+00
    max|Quu|=3.654e+36, cond(Quu)=1.000e+00
    max|Quu|=7.333e+36, cond(Quu)=1.000e+00
    max|Quu|=1.471e+37, cond(Quu)=1.000e+00
    max|Quu|=2.951e+37, cond(Quu)=1.000e+00
    max|Quu|=5.916e+37, cond(Quu)=1.000e+00
    max|Quu|=1.186e+38, cond(Quu)=1.000e+00
    max|Quu|=2.377e+38, cond(Quu)=1.000e+00
    max|Quu|=4.761e+38, cond(Quu)=1.000e+00
    max|Quu|=9.535e+38, cond(Quu)=1.000e+00
    max|Quu|=1.909e+39, cond(Quu)=1.000e+00
    max|Quu|=3.820e+39, cond(Quu)=1.000e+00
    max|Quu|=7.644e+39, cond(Quu)=1.000e+00
    max|Quu|=1.529e+40, cond(Quu)=1.000e+00
    max|Quu|=3.057e+40, cond(Quu)=1.000e+00
    max|Quu|=6.109e+40, cond(Quu)=1.000e+00
    max|Quu|=1.221e+41, cond(Quu)=1.000e+00
    max|Quu|=2.438e+41, cond(Quu)=1.000e+00
    max|Quu|=4.868e+41, cond(Quu)=1.000e+00
    max|Quu|=9.717e+41, cond(Quu)=1.000e+00
    max|Quu|=1.939e+42, cond(Quu)=1.000e+00
    max|Quu|=3.867e+42, cond(Quu)=1.000e+00
    max|Quu|=7.710e+42, cond(Quu)=1.000e+00
    max|Quu|=1.537e+43, cond(Quu)=1.000e+00
    max|Quu|=3.062e+43, cond(Quu)=1.000e+00
    max|Quu|=6.098e+43, cond(Quu)=1.000e+00
    max|Quu|=1.214e+44, cond(Quu)=1.000e+00
    max|Quu|=2.416e+44, cond(Quu)=1.000e+00
    max|Quu|=4.806e+44, cond(Quu)=1.000e+00
    max|Quu|=9.557e+44, cond(Quu)=1.000e+00
    max|Quu|=1.899e+45, cond(Quu)=1.000e+00
    max|Quu|=3.774e+45, cond(Quu)=1.000e+00
    max|Quu|=7.495e+45, cond(Quu)=1.000e+00
    max|Quu|=1.488e+46, cond(Quu)=1.000e+00
    max|Quu|=2.952e+46, cond(Quu)=1.000e+00
    max|Quu|=5.854e+46, cond(Quu)=1.000e+00
    max|Quu|=1.160e+47, cond(Quu)=1.000e+00
    max|Quu|=2.299e+47, cond(Quu)=1.000e+00
    max|Quu|=4.552e+47, cond(Quu)=1.000e+00
    max|Quu|=9.007e+47, cond(Quu)=1.000e+00
    max|Quu|=1.781e+48, cond(Quu)=1.000e+00
    max|Quu|=3.521e+48, cond(Quu)=1.000e+00
    max|Quu|=6.954e+48, cond(Quu)=1.000e+00
    max|Quu|=1.373e+49, cond(Quu)=1.000e+00
    max|Quu|=2.708e+49, cond(Quu)=1.000e+00
    max|Quu|=5.338e+49, cond(Quu)=1.000e+00
    max|Quu|=1.051e+50, cond(Quu)=1.000e+00
    max|Quu|=2.070e+50, cond(Quu)=1.000e+00
    max|Quu|=4.071e+50, cond(Quu)=1.000e+00
    max|Quu|=7.998e+50, cond(Quu)=1.000e+00
    max|Quu|=1.570e+51, cond(Quu)=1.000e+00
    max|Quu|=3.079e+51, cond(Quu)=1.000e+00
    max|Quu|=6.032e+51, cond(Quu)=1.000e+00
    max|Quu|=1.180e+52, cond(Quu)=1.000e+00
    max|Quu|=2.307e+52, cond(Quu)=1.000e+00
    max|Quu|=4.505e+52, cond(Quu)=1.000e+00
    max|Quu|=8.785e+52, cond(Quu)=1.000e+00
    max|Quu|=1.711e+53, cond(Quu)=1.000e+00
    max|Quu|=3.326e+53, cond(Quu)=1.000e+00
    max|Quu|=6.453e+53, cond(Quu)=1.000e+00
    max|Quu|=1.250e+54, cond(Quu)=1.000e+00
    max|Quu|=2.417e+54, cond(Quu)=1.000e+00
    max|Quu|=4.664e+54, cond(Quu)=1.000e+00
    max|Quu|=8.979e+54, cond(Quu)=1.000e+00
    max|Quu|=1.724e+55, cond(Quu)=1.000e+00
    max|Quu|=3.299e+55, cond(Quu)=1.000e+00
    max|Quu|=6.295e+55, cond(Quu)=1.000e+00
    max|Quu|=1.197e+56, cond(Quu)=1.000e+00
    max|Quu|=2.267e+56, cond(Quu)=1.000e+00
    max|Quu|=4.275e+56, cond(Quu)=1.000e+00
    max|Quu|=8.021e+56, cond(Quu)=1.000e+00
    max|Quu|=1.495e+57, cond(Quu)=1.000e+00
    max|Quu|=2.765e+57, cond(Quu)=1.000e+00
    max|Quu|=5.073e+57, cond(Quu)=1.000e+00
    max|Quu|=9.215e+57, cond(Quu)=1.000e+00
    max|Quu|=1.653e+58, cond(Quu)=1.000e+00
    max|Quu|=2.921e+58, cond(Quu)=1.000e+00
    max|Quu|=5.058e+58, cond(Quu)=1.000e+00
    max|Quu|=8.521e+58, cond(Quu)=1.000e+00
    max|Quu|=1.380e+59, cond(Quu)=1.000e+00
    max|Quu|=2.103e+59, cond(Quu)=1.000e+00
    max|Quu|=2.870e+59, cond(Quu)=1.000e+00
    max|Quu|=3.031e+59, cond(Quu)=1.000e+00
    max|Quu|=5.630e+58, cond(Quu)=1.000e+00
    max|Quu|=1.003e+60, cond(Quu)=1.000e+00
    max|Quu|=4.272e+60, cond(Quu)=1.000e+00
    max|Quu|=1.314e+61, cond(Quu)=1.000e+00
    max|Quu|=3.560e+61, cond(Quu)=1.000e+00
    max|Quu|=9.011e+61, cond(Quu)=1.000e+00
    max|Quu|=2.186e+62, cond(Quu)=1.000e+00
    max|Quu|=5.146e+62, cond(Quu)=1.000e+00
    max|Quu|=1.185e+63, cond(Quu)=1.000e+00
    max|Quu|=2.683e+63, cond(Quu)=1.000e+00
    max|Quu|=5.996e+63, cond(Quu)=1.000e+00
    max|Quu|=1.326e+64, cond(Quu)=1.000e+00
    max|Quu|=2.909e+64, cond(Quu)=1.000e+00
    max|Quu|=6.336e+64, cond(Quu)=1.000e+00
    max|Quu|=1.371e+65, cond(Quu)=1.000e+00
    max|Quu|=2.951e+65, cond(Quu)=1.000e+00
    max|Quu|=6.318e+65, cond(Quu)=1.000e+00
    max|Quu|=1.347e+66, cond(Quu)=1.000e+00
    max|Quu|=2.860e+66, cond(Quu)=1.000e+00
    max|Quu|=6.055e+66, cond(Quu)=1.000e+00
    max|Quu|=1.278e+67, cond(Quu)=1.000e+00
    max|Quu|=2.691e+67, cond(Quu)=1.000e+00
    max|Quu|=5.650e+67, cond(Quu)=1.000e+00
    max|Quu|=1.184e+68, cond(Quu)=1.000e+00
    max|Quu|=2.475e+68, cond(Quu)=1.000e+00
    max|Quu|=5.166e+68, cond(Quu)=1.000e+00
    max|Quu|=1.076e+69, cond(Quu)=1.000e+00
    max|Quu|=2.236e+69, cond(Quu)=1.000e+00
    max|Quu|=4.641e+69, cond(Quu)=1.000e+00
    max|Quu|=9.620e+69, cond(Quu)=1.000e+00
    max|Quu|=1.991e+70, cond(Quu)=1.000e+00
    max|Quu|=4.116e+70, cond(Quu)=1.000e+00
    max|Quu|=8.499e+70, cond(Quu)=1.000e+00
    max|Quu|=1.753e+71, cond(Quu)=1.000e+00
    max|Quu|=3.612e+71, cond(Quu)=1.000e+00
    max|Quu|=7.434e+71, cond(Quu)=1.000e+00
    max|Quu|=1.529e+72, cond(Quu)=1.000e+00
    max|Quu|=3.141e+72, cond(Quu)=1.000e+00
    max|Quu|=6.447e+72, cond(Quu)=1.000e+00
    max|Quu|=1.322e+73, cond(Quu)=1.000e+00
    max|Quu|=2.710e+73, cond(Quu)=1.000e+00
    max|Quu|=5.551e+73, cond(Quu)=1.000e+00
    max|Quu|=1.136e+74, cond(Quu)=1.000e+00
    max|Quu|=2.324e+74, cond(Quu)=1.000e+00
    max|Quu|=4.751e+74, cond(Quu)=1.000e+00
    max|Quu|=9.705e+74, cond(Quu)=1.000e+00
    max|Quu|=1.982e+75, cond(Quu)=1.000e+00
    max|Quu|=4.044e+75, cond(Quu)=1.000e+00
    max|Quu|=8.247e+75, cond(Quu)=1.000e+00
    max|Quu|=1.681e+76, cond(Quu)=1.000e+00
    max|Quu|=3.426e+76, cond(Quu)=1.000e+00
    max|Quu|=6.977e+76, cond(Quu)=1.000e+00
    max|Quu|=1.420e+77, cond(Quu)=1.000e+00
    max|Quu|=2.890e+77, cond(Quu)=1.000e+00
    max|Quu|=5.879e+77, cond(Quu)=1.000e+00
    max|Quu|=1.195e+78, cond(Quu)=1.000e+00
    max|Quu|=2.430e+78, cond(Quu)=1.000e+00
    max|Quu|=4.936e+78, cond(Quu)=1.000e+00
    max|Quu|=1.003e+79, cond(Quu)=1.000e+00
    max|Quu|=2.036e+79, cond(Quu)=1.000e+00
    max|Quu|=4.132e+79, cond(Quu)=1.000e+00
    max|Quu|=8.385e+79, cond(Quu)=1.000e+00
    max|Quu|=1.701e+80, cond(Quu)=1.000e+00
    max|Quu|=3.449e+80, cond(Quu)=1.000e+00
    max|Quu|=6.993e+80, cond(Quu)=1.000e+00
    max|Quu|=1.417e+81, cond(Quu)=1.000e+00
    max|Quu|=2.872e+81, cond(Quu)=1.000e+00
    max|Quu|=5.819e+81, cond(Quu)=1.000e+00
    max|Quu|=1.179e+82, cond(Quu)=1.000e+00
    max|Quu|=2.387e+82, cond(Quu)=1.000e+00
    max|Quu|=4.833e+82, cond(Quu)=1.000e+00
    max|Quu|=9.784e+82, cond(Quu)=1.000e+00
    max|Quu|=1.980e+83, cond(Quu)=1.000e+00
    max|Quu|=4.008e+83, cond(Quu)=1.000e+00
    max|Quu|=8.109e+83, cond(Quu)=1.000e+00
    max|Quu|=1.641e+84, cond(Quu)=1.000e+00
    max|Quu|=3.319e+84, cond(Quu)=1.000e+00
    max|Quu|=6.712e+84, cond(Quu)=1.000e+00
    max|Quu|=1.357e+85, cond(Quu)=1.000e+00
    max|Quu|=2.744e+85, cond(Quu)=1.000e+00
    max|Quu|=5.548e+85, cond(Quu)=1.000e+00
    max|Quu|=1.121e+86, cond(Quu)=1.000e+00
    max|Quu|=2.267e+86, cond(Quu)=1.000e+00
    max|Quu|=4.581e+86, cond(Quu)=1.000e+00
    max|Quu|=9.258e+86, cond(Quu)=1.000e+00
    max|Quu|=1.871e+87, cond(Quu)=1.000e+00
    max|Quu|=3.781e+87, cond(Quu)=1.000e+00
    max|Quu|=7.639e+87, cond(Quu)=1.000e+00
    max|Quu|=1.543e+88, cond(Quu)=1.000e+00
    max|Quu|=3.118e+88, cond(Quu)=1.000e+00
    max|Quu|=6.299e+88, cond(Quu)=1.000e+00
    max|Quu|=1.272e+89, cond(Quu)=1.000e+00
    max|Quu|=2.570e+89, cond(Quu)=1.000e+00
    max|Quu|=5.190e+89, cond(Quu)=1.000e+00
    max|Quu|=1.048e+90, cond(Quu)=1.000e+00
    max|Quu|=2.117e+90, cond(Quu)=1.000e+00
    max|Quu|=4.276e+90, cond(Quu)=1.000e+00
    max|Quu|=8.636e+90, cond(Quu)=1.000e+00
    max|Quu|=1.744e+91, cond(Quu)=1.000e+00
    max|Quu|=3.523e+91, cond(Quu)=1.000e+00
    max|Quu|=7.115e+91, cond(Quu)=1.000e+00
    max|Quu|=1.437e+92, cond(Quu)=1.000e+00
    max|Quu|=2.903e+92, cond(Quu)=1.000e+00
    max|Quu|=5.864e+92, cond(Quu)=1.000e+00
    max|Quu|=1.185e+93, cond(Quu)=1.000e+00
    max|Quu|=2.393e+93, cond(Quu)=1.000e+00
    max|Quu|=4.835e+93, cond(Quu)=1.000e+00
    max|Quu|=9.769e+93, cond(Quu)=1.000e+00
    max|Quu|=1.974e+94, cond(Quu)=1.000e+00
    max|Quu|=3.987e+94, cond(Quu)=1.000e+00
    max|Quu|=8.057e+94, cond(Quu)=1.000e+00
    max|Quu|=1.628e+95, cond(Quu)=1.000e+00
    max|Quu|=3.290e+95, cond(Quu)=1.000e+00
    max|Quu|=6.649e+95, cond(Quu)=1.000e+00
    max|Quu|=1.344e+96, cond(Quu)=1.000e+00
    max|Quu|=2.717e+96, cond(Quu)=1.000e+00
    max|Quu|=5.492e+96, cond(Quu)=1.000e+00
    max|Quu|=1.110e+97, cond(Quu)=1.000e+00
    max|Quu|=2.245e+97, cond(Quu)=1.000e+00
    max|Quu|=4.539e+97, cond(Quu)=1.000e+00
    max|Quu|=9.179e+97, cond(Quu)=1.000e+00
    max|Quu|=1.856e+98, cond(Quu)=1.000e+00
    max|Quu|=3.754e+98, cond(Quu)=1.000e+00
    max|Quu|=7.592e+98, cond(Quu)=1.000e+00
    max|Quu|=1.536e+99, cond(Quu)=1.000e+00
    max|Quu|=3.106e+99, cond(Quu)=1.000e+00
    max|Quu|=6.283e+99, cond(Quu)=1.000e+00
    max|Quu|=1.271e+100, cond(Quu)=1.000e+00
    max|Quu|=2.572e+100, cond(Quu)=1.000e+00
    max|Quu|=5.204e+100, cond(Quu)=1.000e+00
    max|Quu|=1.053e+101, cond(Quu)=1.000e+00
    max|Quu|=2.131e+101, cond(Quu)=1.000e+00
    max|Quu|=4.313e+101, cond(Quu)=1.000e+00
    max|Quu|=8.730e+101, cond(Quu)=1.000e+00
    max|Quu|=1.767e+102, cond(Quu)=1.000e+00
    max|Quu|=3.577e+102, cond(Quu)=1.000e+00
    max|Quu|=7.242e+102, cond(Quu)=1.000e+00
    max|Quu|=1.466e+103, cond(Quu)=1.000e+00
    max|Quu|=2.969e+103, cond(Quu)=1.000e+00
    max|Quu|=6.012e+103, cond(Quu)=1.000e+00
    max|Quu|=1.217e+104, cond(Quu)=1.000e+00
    max|Quu|=2.465e+104, cond(Quu)=1.000e+00
    max|Quu|=4.993e+104, cond(Quu)=1.000e+00
    max|Quu|=1.011e+105, cond(Quu)=1.000e+00
    max|Quu|=2.048e+105, cond(Quu)=1.000e+00
    max|Quu|=4.149e+105, cond(Quu)=1.000e+00
    max|Quu|=8.404e+105, cond(Quu)=1.000e+00
    max|Quu|=1.702e+106, cond(Quu)=1.000e+00
    max|Quu|=3.449e+106, cond(Quu)=1.000e+00
    max|Quu|=6.987e+106, cond(Quu)=1.000e+00
    max|Quu|=1.416e+107, cond(Quu)=1.000e+00
    max|Quu|=2.868e+107, cond(Quu)=1.000e+00
    max|Quu|=5.811e+107, cond(Quu)=1.000e+00
    max|Quu|=1.177e+108, cond(Quu)=1.000e+00
    max|Quu|=2.386e+108, cond(Quu)=1.000e+00
    max|Quu|=4.834e+108, cond(Quu)=1.000e+00
    max|Quu|=9.794e+108, cond(Quu)=1.000e+00
    max|Quu|=1.985e+109, cond(Quu)=1.000e+00
    max|Quu|=4.022e+109, cond(Quu)=1.000e+00
    max|Quu|=8.149e+109, cond(Quu)=1.000e+00
    max|Quu|=1.651e+110, cond(Quu)=1.000e+00
    max|Quu|=3.346e+110, cond(Quu)=1.000e+00
    max|Quu|=6.780e+110, cond(Quu)=1.000e+00
    max|Quu|=1.374e+111, cond(Quu)=1.000e+00
    max|Quu|=2.784e+111, cond(Quu)=1.000e+00
    max|Quu|=5.641e+111, cond(Quu)=1.000e+00
    max|Quu|=1.143e+112, cond(Quu)=1.000e+00
    max|Quu|=2.316e+112, cond(Quu)=1.000e+00
    max|Quu|=4.693e+112, cond(Quu)=1.000e+00
    max|Quu|=9.510e+112, cond(Quu)=1.000e+00
    max|Quu|=1.927e+113, cond(Quu)=1.000e+00
    max|Quu|=3.903e+113, cond(Quu)=1.000e+00
    max|Quu|=7.907e+113, cond(Quu)=1.000e+00
    max|Quu|=1.602e+114, cond(Quu)=1.000e+00
    max|Quu|=3.244e+114, cond(Quu)=1.000e+00
    max|Quu|=6.571e+114, cond(Quu)=1.000e+00
    max|Quu|=1.331e+115, cond(Quu)=1.000e+00
    max|Quu|=2.696e+115, cond(Quu)=1.000e+00
    max|Quu|=5.458e+115, cond(Quu)=1.000e+00
    max|Quu|=1.105e+116, cond(Quu)=1.000e+00
    max|Quu|=2.237e+116, cond(Quu)=1.000e+00
    max|Quu|=4.529e+116, cond(Quu)=1.000e+00
    max|Quu|=9.169e+116, cond(Quu)=1.000e+00
    max|Quu|=1.856e+117, cond(Quu)=1.000e+00
    max|Quu|=3.755e+117, cond(Quu)=1.000e+00
    max|Quu|=7.598e+117, cond(Quu)=1.000e+00
    max|Quu|=1.537e+118, cond(Quu)=1.000e+00
    max|Quu|=3.109e+118, cond(Quu)=1.000e+00
    max|Quu|=6.287e+118, cond(Quu)=1.000e+00
    max|Quu|=1.271e+119, cond(Quu)=1.000e+00
    max|Quu|=2.570e+119, cond(Quu)=1.000e+00
    max|Quu|=5.194e+119, cond(Quu)=1.000e+00
    max|Quu|=1.050e+120, cond(Quu)=1.000e+00
    max|Quu|=2.122e+120, cond(Quu)=1.000e+00
    max|Quu|=4.287e+120, cond(Quu)=1.000e+00
    max|Quu|=8.662e+120, cond(Quu)=1.000e+00
    max|Quu|=1.750e+121, cond(Quu)=1.000e+00
    max|Quu|=3.535e+121, cond(Quu)=1.000e+00
    max|Quu|=7.140e+121, cond(Quu)=1.000e+00
    max|Quu|=1.442e+122, cond(Quu)=1.000e+00
    max|Quu|=2.913e+122, cond(Quu)=1.000e+00
    max|Quu|=5.883e+122, cond(Quu)=1.000e+00
    max|Quu|=1.188e+123, cond(Quu)=1.000e+00
    max|Quu|=2.399e+123, cond(Quu)=1.000e+00
    max|Quu|=4.842e+123, cond(Quu)=1.000e+00
    max|Quu|=9.775e+123, cond(Quu)=1.000e+00
    max|Quu|=1.973e+124, cond(Quu)=1.000e+00
    max|Quu|=3.983e+124, cond(Quu)=1.000e+00
    max|Quu|=8.041e+124, cond(Quu)=1.000e+00
    max|Quu|=1.623e+125, cond(Quu)=1.000e+00
    max|Quu|=3.275e+125, cond(Quu)=1.000e+00
    max|Quu|=6.609e+125, cond(Quu)=1.000e+00
    max|Quu|=1.334e+126, cond(Quu)=1.000e+00
    max|Quu|=2.691e+126, cond(Quu)=1.000e+00
    max|Quu|=5.430e+126, cond(Quu)=1.000e+00
    max|Quu|=1.096e+127, cond(Quu)=1.000e+00
    max|Quu|=2.211e+127, cond(Quu)=1.000e+00
    max|Quu|=4.460e+127, cond(Quu)=1.000e+00
    max|Quu|=8.996e+127, cond(Quu)=1.000e+00
    max|Quu|=1.814e+128, cond(Quu)=1.000e+00
    max|Quu|=3.660e+128, cond(Quu)=1.000e+00
    max|Quu|=7.382e+128, cond(Quu)=1.000e+00
    max|Quu|=1.489e+129, cond(Quu)=1.000e+00
    max|Quu|=3.002e+129, cond(Quu)=1.000e+00
    max|Quu|=6.054e+129, cond(Quu)=1.000e+00
    max|Quu|=1.221e+130, cond(Quu)=1.000e+00
    max|Quu|=2.461e+130, cond(Quu)=1.000e+00
    max|Quu|=4.962e+130, cond(Quu)=1.000e+00
    max|Quu|=1.000e+131, cond(Quu)=1.000e+00
    max|Quu|=2.016e+131, cond(Quu)=1.000e+00
    max|Quu|=4.065e+131, cond(Quu)=1.000e+00
    max|Quu|=8.192e+131, cond(Quu)=1.000e+00
    max|Quu|=1.651e+132, cond(Quu)=1.000e+00
    max|Quu|=3.328e+132, cond(Quu)=1.000e+00
    max|Quu|=6.706e+132, cond(Quu)=1.000e+00
    max|Quu|=1.351e+133, cond(Quu)=1.000e+00
    max|Quu|=2.723e+133, cond(Quu)=1.000e+00
    max|Quu|=5.486e+133, cond(Quu)=1.000e+00
    max|Quu|=1.105e+134, cond(Quu)=1.000e+00
    max|Quu|=2.226e+134, cond(Quu)=1.000e+00
    max|Quu|=4.485e+134, cond(Quu)=1.000e+00
    max|Quu|=9.033e+134, cond(Quu)=1.000e+00
    max|Quu|=1.819e+135, cond(Quu)=1.000e+00
    max|Quu|=3.664e+135, cond(Quu)=1.000e+00
    max|Quu|=7.378e+135, cond(Quu)=1.000e+00
    max|Quu|=1.486e+136, cond(Quu)=1.000e+00
    max|Quu|=2.991e+136, cond(Quu)=1.000e+00
    max|Quu|=6.022e+136, cond(Quu)=1.000e+00
    max|Quu|=1.212e+137, cond(Quu)=1.000e+00
    max|Quu|=2.441e+137, cond(Quu)=1.000e+00
    max|Quu|=4.913e+137, cond(Quu)=1.000e+00
    max|Quu|=9.889e+137, cond(Quu)=1.000e+00
    max|Quu|=1.990e+138, cond(Quu)=1.000e+00
    max|Quu|=4.006e+138, cond(Quu)=1.000e+00
    max|Quu|=8.062e+138, cond(Quu)=1.000e+00
    max|Quu|=1.622e+139, cond(Quu)=1.000e+00
    max|Quu|=3.265e+139, cond(Quu)=1.000e+00
    max|Quu|=6.569e+139, cond(Quu)=1.000e+00
    max|Quu|=1.322e+140, cond(Quu)=1.000e+00
    max|Quu|=2.659e+140, cond(Quu)=1.000e+00
    max|Quu|=5.350e+140, cond(Quu)=1.000e+00
    max|Quu|=1.076e+141, cond(Quu)=1.000e+00
    max|Quu|=2.165e+141, cond(Quu)=1.000e+00
    max|Quu|=4.355e+141, cond(Quu)=1.000e+00
    max|Quu|=8.760e+141, cond(Quu)=1.000e+00
    max|Quu|=1.762e+142, cond(Quu)=1.000e+00
    max|Quu|=3.544e+142, cond(Quu)=1.000e+00
    max|Quu|=7.128e+142, cond(Quu)=1.000e+00
    max|Quu|=1.433e+143, cond(Quu)=1.000e+00
    max|Quu|=2.883e+143, cond(Quu)=1.000e+00
    max|Quu|=5.797e+143, cond(Quu)=1.000e+00
    max|Quu|=1.166e+144, cond(Quu)=1.000e+00
    max|Quu|=2.344e+144, cond(Quu)=1.000e+00
    max|Quu|=4.714e+144, cond(Quu)=1.000e+00
    max|Quu|=9.480e+144, cond(Quu)=1.000e+00
    max|Quu|=1.906e+145, cond(Quu)=1.000e+00
    max|Quu|=3.833e+145, cond(Quu)=1.000e+00
    max|Quu|=7.707e+145, cond(Quu)=1.000e+00
    max|Quu|=1.550e+146, cond(Quu)=1.000e+00
    max|Quu|=3.116e+146, cond(Quu)=1.000e+00
    max|Quu|=6.265e+146, cond(Quu)=1.000e+00
    max|Quu|=1.260e+147, cond(Quu)=1.000e+00
    max|Quu|=2.533e+147, cond(Quu)=1.000e+00
    max|Quu|=5.092e+147, cond(Quu)=1.000e+00
    max|Quu|=1.024e+148, cond(Quu)=1.000e+00
    max|Quu|=2.058e+148, cond(Quu)=1.000e+00
    max|Quu|=4.138e+148, cond(Quu)=1.000e+00
    max|Quu|=8.320e+148, cond(Quu)=1.000e+00
    max|Quu|=1.673e+149, cond(Quu)=1.000e+00
    max|Quu|=3.363e+149, cond(Quu)=1.000e+00
    max|Quu|=6.760e+149, cond(Quu)=1.000e+00
    max|Quu|=1.359e+150, cond(Quu)=1.000e+00
    max|Quu|=2.732e+150, cond(Quu)=1.000e+00
    max|Quu|=5.493e+150, cond(Quu)=1.000e+00
    max|Quu|=1.104e+151, cond(Quu)=1.000e+00
    max|Quu|=2.220e+151, cond(Quu)=1.000e+00
    max|Quu|=4.463e+151, cond(Quu)=1.000e+00
    max|Quu|=8.971e+151, cond(Quu)=1.000e+00
    max|Quu|=1.803e+152, cond(Quu)=1.000e+00
    max|Quu|=3.625e+152, cond(Quu)=1.000e+00
    max|Quu|=7.288e+152, cond(Quu)=1.000e+00
    max|Quu|=1.465e+153, cond(Quu)=1.000e+00
    max|Quu|=2.945e+153, cond(Quu)=1.000e+00
    max|Quu|=5.920e+153, cond(Quu)=1.000e+00
    max|Quu|=1.190e+154, cond(Quu)=1.000e+00
    max|Quu|=2.392e+154, cond(Quu)=1.000e+00
    max|Quu|=4.809e+154, cond(Quu)=1.000e+00
Measured previous rollout {"cost": 4310.479119287717, "position_rmse": 1.0140706108174198}
Defect construction {"mean_absolute": 0.0168433877590061, "max_absolute": 0.5966418942935672, "max_timestep": 2, "max_state_dimension": 6, "max_state_name": "wheel_speed", "per_state_max_absolute": [0.011630837327428978, 0.011854324822904605, 0.00805270281472703, 0.030409367574943447, 0.07267304229915797, 0.1082248757068579, 0.5966418942935672, 3.552713678800501e-15, 5.551115123125783e-17]}
Defect reconstruction {"mean_absolute": 2.7266363269313717e-16, "max_absolute": 3.608224830031759e-15, "max_timestep": 542, "max_state_dimension": 0, "max_state_name": "x", "per_state_max_absolute": [3.608224830031759e-15, 2.275957200481571e-15, 1.096345236817342e-15, 4.336808689942018e-19, 0.0, 1.3877787807814457e-17, 5.551115123125783e-17, 0.0, 0.0]}
alpha=0 max |U_forward - U_old|: 2.8055335832277706e-13
Unchanged control baseline {"unchanged_defect": {"cost": 4310.479119287726, "position_rmse": 1.014070610817421}, "unchanged_nominal": {"cost": 11704.666789537097, "position_rmse": 1.654789423290509}}
Alpha candidate {"alpha": 0.5, "defect": {"cost": 2001.5136847248066, "position_rmse": 0.666043647655716}, "nominal": {"cost": 17496.951628629682, "position_rmse": 2.0449683538958814}, "defect_improvement": 2308.9654345629187, "nominal_improvement": -5792.284839092585}
Final selection {"status": "ACCEPT", "alpha": 0.5, "cost": 2001.5136847248066, "reason": "Strictly lower defect-aware cost than unchanged-control prediction"}
STOP: candidate prepared; no actual rollout executed.
TRIAL {"trial": 2, "cost": 4310.479119287717, "position_rmse": 1.0140706108174198, "lateness_max": 0.00194858300164924, "rate_hz": 39.999093767849445, "period_ms_min": 23.60247199976584, "period_ms_max": 26.354983001510845, "selection": "ACCEPT", "update_seconds": 3.5572358390018053, "retries": 0}
Reset succeeded: [0. 0. 0. 0. 0. 0.]
    max|Quu|=1.000e+01, cond(Quu)=1.000e+05
    max|Quu|=1.313e+01, cond(Quu)=1.200e+05
    max|Quu|=1.551e+01, cond(Quu)=1.314e+05
    max|Quu|=1.668e+01, cond(Quu)=1.336e+05
    max|Quu|=1.713e+01, cond(Quu)=1.323e+05
    max|Quu|=1.729e+01, cond(Quu)=1.305e+05
    max|Quu|=1.734e+01, cond(Quu)=1.292e+05
    max|Quu|=1.736e+01, cond(Quu)=1.283e+05
    max|Quu|=1.737e+01, cond(Quu)=1.277e+05
    max|Quu|=1.737e+01, cond(Quu)=1.273e+05
    max|Quu|=1.737e+01, cond(Quu)=1.270e+05
    max|Quu|=1.737e+01, cond(Quu)=1.268e+05
    max|Quu|=1.737e+01, cond(Quu)=1.266e+05
    max|Quu|=1.737e+01, cond(Quu)=1.264e+05
    max|Quu|=1.737e+01, cond(Quu)=1.262e+05
    max|Quu|=1.737e+01, cond(Quu)=1.260e+05
    max|Quu|=1.737e+01, cond(Quu)=1.258e+05
    max|Quu|=1.737e+01, cond(Quu)=1.256e+05
    max|Quu|=1.737e+01, cond(Quu)=1.253e+05
    max|Quu|=1.737e+01, cond(Quu)=1.251e+05
    max|Quu|=1.737e+01, cond(Quu)=1.249e+05
    max|Quu|=1.737e+01, cond(Quu)=1.247e+05
    max|Quu|=1.737e+01, cond(Quu)=1.245e+05
    max|Quu|=1.737e+01, cond(Quu)=1.242e+05
    max|Quu|=1.737e+01, cond(Quu)=1.240e+05
    max|Quu|=1.737e+01, cond(Quu)=1.238e+05
    max|Quu|=1.737e+01, cond(Quu)=1.236e+05
    max|Quu|=1.737e+01, cond(Quu)=1.233e+05
    max|Quu|=1.737e+01, cond(Quu)=1.231e+05
    max|Quu|=1.737e+01, cond(Quu)=1.229e+05
    max|Quu|=1.737e+01, cond(Quu)=1.228e+05
    max|Quu|=1.737e+01, cond(Quu)=1.226e+05
    max|Quu|=1.738e+01, cond(Quu)=1.224e+05
    max|Quu|=1.738e+01, cond(Quu)=1.223e+05
    max|Quu|=1.738e+01, cond(Quu)=1.221e+05
    max|Quu|=1.738e+01, cond(Quu)=1.220e+05
    max|Quu|=1.738e+01, cond(Quu)=1.219e+05
    max|Quu|=1.738e+01, cond(Quu)=1.218e+05
    max|Quu|=1.738e+01, cond(Quu)=1.217e+05
    max|Quu|=1.738e+01, cond(Quu)=1.217e+05
    max|Quu|=1.738e+01, cond(Quu)=1.216e+05
    max|Quu|=1.739e+01, cond(Quu)=1.215e+05
    max|Quu|=1.739e+01, cond(Quu)=1.215e+05
    max|Quu|=1.739e+01, cond(Quu)=1.214e+05
    max|Quu|=1.739e+01, cond(Quu)=1.214e+05
    max|Quu|=1.739e+01, cond(Quu)=1.214e+05
    max|Quu|=1.740e+01, cond(Quu)=1.213e+05
    max|Quu|=1.740e+01, cond(Quu)=1.213e+05
    max|Quu|=1.740e+01, cond(Quu)=1.213e+05
    max|Quu|=1.741e+01, cond(Quu)=1.213e+05
    max|Quu|=1.741e+01, cond(Quu)=1.212e+05
    max|Quu|=1.741e+01, cond(Quu)=1.212e+05
    max|Quu|=1.742e+01, cond(Quu)=1.212e+05
    max|Quu|=1.742e+01, cond(Quu)=1.212e+05
    max|Quu|=1.742e+01, cond(Quu)=1.212e+05
    max|Quu|=1.743e+01, cond(Quu)=1.212e+05
    max|Quu|=1.743e+01, cond(Quu)=1.212e+05
    max|Quu|=1.744e+01, cond(Quu)=1.212e+05
    max|Quu|=1.744e+01, cond(Quu)=1.212e+05
    max|Quu|=1.744e+01, cond(Quu)=1.213e+05
    max|Quu|=1.745e+01, cond(Quu)=1.213e+05
    max|Quu|=1.745e+01, cond(Quu)=1.213e+05
    max|Quu|=1.746e+01, cond(Quu)=1.213e+05
    max|Quu|=1.746e+01, cond(Quu)=1.213e+05
    max|Quu|=1.747e+01, cond(Quu)=1.213e+05
    max|Quu|=1.747e+01, cond(Quu)=1.214e+05
    max|Quu|=1.748e+01, cond(Quu)=1.214e+05
    max|Quu|=1.748e+01, cond(Quu)=1.214e+05
    max|Quu|=1.749e+01, cond(Quu)=1.214e+05
    max|Quu|=1.749e+01, cond(Quu)=1.214e+05
    max|Quu|=1.750e+01, cond(Quu)=1.215e+05
    max|Quu|=1.750e+01, cond(Quu)=1.215e+05
    max|Quu|=1.751e+01, cond(Quu)=1.215e+05
    max|Quu|=1.751e+01, cond(Quu)=1.215e+05
    max|Quu|=1.752e+01, cond(Quu)=1.216e+05
    max|Quu|=1.753e+01, cond(Quu)=1.216e+05
    max|Quu|=1.753e+01, cond(Quu)=1.216e+05
    max|Quu|=1.754e+01, cond(Quu)=1.217e+05
    max|Quu|=1.754e+01, cond(Quu)=1.217e+05
    max|Quu|=1.755e+01, cond(Quu)=1.217e+05
    max|Quu|=1.755e+01, cond(Quu)=1.218e+05
    max|Quu|=1.756e+01, cond(Quu)=1.218e+05
    max|Quu|=1.757e+01, cond(Quu)=1.218e+05
    max|Quu|=1.757e+01, cond(Quu)=1.218e+05
    max|Quu|=1.758e+01, cond(Quu)=1.219e+05
    max|Quu|=1.758e+01, cond(Quu)=1.219e+05
    max|Quu|=1.759e+01, cond(Quu)=1.219e+05
    max|Quu|=1.759e+01, cond(Quu)=1.219e+05
    max|Quu|=1.760e+01, cond(Quu)=1.220e+05
    max|Quu|=1.760e+01, cond(Quu)=1.220e+05
    max|Quu|=1.761e+01, cond(Quu)=1.220e+05
    max|Quu|=1.761e+01, cond(Quu)=1.220e+05
    max|Quu|=1.761e+01, cond(Quu)=1.220e+05
    max|Quu|=1.762e+01, cond(Quu)=1.220e+05
    max|Quu|=1.762e+01, cond(Quu)=1.220e+05
    max|Quu|=1.763e+01, cond(Quu)=1.220e+05
    max|Quu|=1.763e+01, cond(Quu)=1.220e+05
    max|Quu|=1.763e+01, cond(Quu)=1.220e+05
    max|Quu|=1.763e+01, cond(Quu)=1.220e+05
    max|Quu|=1.763e+01, cond(Quu)=1.220e+05
    max|Quu|=1.764e+01, cond(Quu)=1.219e+05
    max|Quu|=1.764e+01, cond(Quu)=1.219e+05
    max|Quu|=1.764e+01, cond(Quu)=1.219e+05
    max|Quu|=1.764e+01, cond(Quu)=1.219e+05
    max|Quu|=1.764e+01, cond(Quu)=1.218e+05
    max|Quu|=1.764e+01, cond(Quu)=1.217e+05
    max|Quu|=1.764e+01, cond(Quu)=1.217e+05
    max|Quu|=1.764e+01, cond(Quu)=1.217e+05
    max|Quu|=1.764e+01, cond(Quu)=1.216e+05
    max|Quu|=1.764e+01, cond(Quu)=1.216e+05
    max|Quu|=1.764e+01, cond(Quu)=1.215e+05
    max|Quu|=1.764e+01, cond(Quu)=1.215e+05
    max|Quu|=1.764e+01, cond(Quu)=1.214e+05
    max|Quu|=1.764e+01, cond(Quu)=1.214e+05
    max|Quu|=1.763e+01, cond(Quu)=1.214e+05
    max|Quu|=1.763e+01, cond(Quu)=1.213e+05
    max|Quu|=1.763e+01, cond(Quu)=1.213e+05
    max|Quu|=1.762e+01, cond(Quu)=1.213e+05
    max|Quu|=1.762e+01, cond(Quu)=1.213e+05
    max|Quu|=1.762e+01, cond(Quu)=1.213e+05
    max|Quu|=1.762e+01, cond(Quu)=1.214e+05
    max|Quu|=1.763e+01, cond(Quu)=1.215e+05
    max|Quu|=1.763e+01, cond(Quu)=1.216e+05
    max|Quu|=1.763e+01, cond(Quu)=1.217e+05
    max|Quu|=1.762e+01, cond(Quu)=1.217e+05
    max|Quu|=1.763e+01, cond(Quu)=1.218e+05
    max|Quu|=1.763e+01, cond(Quu)=1.219e+05
    max|Quu|=1.763e+01, cond(Quu)=1.220e+05
    max|Quu|=1.763e+01, cond(Quu)=1.221e+05
    max|Quu|=1.763e+01, cond(Quu)=1.222e+05
    max|Quu|=1.763e+01, cond(Quu)=1.222e+05
    max|Quu|=1.763e+01, cond(Quu)=1.223e+05
    max|Quu|=1.763e+01, cond(Quu)=1.224e+05
    max|Quu|=1.763e+01, cond(Quu)=1.224e+05
    max|Quu|=1.763e+01, cond(Quu)=1.225e+05
    max|Quu|=1.763e+01, cond(Quu)=1.225e+05
    max|Quu|=1.763e+01, cond(Quu)=1.226e+05
    max|Quu|=1.763e+01, cond(Quu)=1.226e+05
    max|Quu|=1.763e+01, cond(Quu)=1.226e+05
    max|Quu|=1.763e+01, cond(Quu)=1.226e+05
    max|Quu|=1.763e+01, cond(Quu)=1.226e+05
    max|Quu|=1.763e+01, cond(Quu)=1.226e+05
    max|Quu|=1.763e+01, cond(Quu)=1.226e+05
    max|Quu|=1.763e+01, cond(Quu)=1.226e+05
    max|Quu|=1.764e+01, cond(Quu)=1.227e+05
    max|Quu|=1.764e+01, cond(Quu)=1.227e+05
    max|Quu|=1.764e+01, cond(Quu)=1.226e+05
    max|Quu|=1.764e+01, cond(Quu)=1.226e+05
    max|Quu|=1.764e+01, cond(Quu)=1.226e+05
    max|Quu|=1.764e+01, cond(Quu)=1.226e+05
    max|Quu|=1.764e+01, cond(Quu)=1.226e+05
    max|Quu|=1.765e+01, cond(Quu)=1.226e+05
    max|Quu|=1.765e+01, cond(Quu)=1.226e+05
    max|Quu|=1.765e+01, cond(Quu)=1.225e+05
    max|Quu|=1.765e+01, cond(Quu)=1.225e+05
    max|Quu|=1.765e+01, cond(Quu)=1.225e+05
    max|Quu|=1.766e+01, cond(Quu)=1.225e+05
    max|Quu|=1.766e+01, cond(Quu)=1.225e+05
    max|Quu|=1.766e+01, cond(Quu)=1.225e+05
    max|Quu|=1.766e+01, cond(Quu)=1.225e+05
    max|Quu|=1.766e+01, cond(Quu)=1.225e+05
    max|Quu|=1.767e+01, cond(Quu)=1.225e+05
    max|Quu|=1.767e+01, cond(Quu)=1.224e+05
    max|Quu|=1.767e+01, cond(Quu)=1.224e+05
    max|Quu|=1.767e+01, cond(Quu)=1.224e+05
    max|Quu|=1.768e+01, cond(Quu)=1.224e+05
    max|Quu|=1.768e+01, cond(Quu)=1.225e+05
    max|Quu|=1.768e+01, cond(Quu)=1.225e+05
    max|Quu|=1.768e+01, cond(Quu)=1.225e+05
    max|Quu|=1.769e+01, cond(Quu)=1.225e+05
    max|Quu|=1.769e+01, cond(Quu)=1.225e+05
    max|Quu|=1.769e+01, cond(Quu)=1.225e+05
    max|Quu|=1.769e+01, cond(Quu)=1.225e+05
    max|Quu|=1.770e+01, cond(Quu)=1.225e+05
    max|Quu|=1.770e+01, cond(Quu)=1.226e+05
    max|Quu|=1.770e+01, cond(Quu)=1.226e+05
    max|Quu|=1.770e+01, cond(Quu)=1.226e+05
    max|Quu|=1.771e+01, cond(Quu)=1.226e+05
    max|Quu|=1.771e+01, cond(Quu)=1.226e+05
    max|Quu|=1.771e+01, cond(Quu)=1.227e+05
    max|Quu|=1.771e+01, cond(Quu)=1.227e+05
    max|Quu|=1.772e+01, cond(Quu)=1.227e+05
    max|Quu|=1.772e+01, cond(Quu)=1.227e+05
    max|Quu|=1.772e+01, cond(Quu)=1.227e+05
    max|Quu|=1.772e+01, cond(Quu)=1.228e+05
    max|Quu|=1.772e+01, cond(Quu)=1.228e+05
    max|Quu|=1.773e+01, cond(Quu)=1.228e+05
    max|Quu|=1.773e+01, cond(Quu)=1.228e+05
    max|Quu|=1.773e+01, cond(Quu)=1.229e+05
    max|Quu|=1.774e+01, cond(Quu)=1.229e+05
    max|Quu|=1.774e+01, cond(Quu)=1.229e+05
    max|Quu|=1.774e+01, cond(Quu)=1.229e+05
    max|Quu|=1.774e+01, cond(Quu)=1.230e+05
    max|Quu|=1.775e+01, cond(Quu)=1.230e+05
    max|Quu|=1.775e+01, cond(Quu)=1.230e+05
    max|Quu|=1.775e+01, cond(Quu)=1.230e+05
    max|Quu|=1.775e+01, cond(Quu)=1.230e+05
    max|Quu|=1.775e+01, cond(Quu)=1.230e+05
    max|Quu|=1.775e+01, cond(Quu)=1.230e+05
    max|Quu|=1.775e+01, cond(Quu)=1.230e+05
    max|Quu|=1.775e+01, cond(Quu)=1.230e+05
    max|Quu|=1.775e+01, cond(Quu)=1.230e+05
    max|Quu|=1.775e+01, cond(Quu)=1.231e+05
    max|Quu|=1.776e+01, cond(Quu)=1.231e+05
    max|Quu|=1.776e+01, cond(Quu)=1.231e+05
    max|Quu|=1.776e+01, cond(Quu)=1.231e+05
    max|Quu|=1.776e+01, cond(Quu)=1.231e+05
    max|Quu|=1.776e+01, cond(Quu)=1.231e+05
    max|Quu|=1.775e+01, cond(Quu)=1.231e+05
    max|Quu|=1.775e+01, cond(Quu)=1.231e+05
    max|Quu|=1.775e+01, cond(Quu)=1.231e+05
    max|Quu|=1.775e+01, cond(Quu)=1.231e+05
    max|Quu|=1.775e+01, cond(Quu)=1.231e+05
    max|Quu|=1.776e+01, cond(Quu)=1.231e+05
    max|Quu|=1.776e+01, cond(Quu)=1.231e+05
    max|Quu|=1.776e+01, cond(Quu)=1.231e+05
    max|Quu|=1.776e+01, cond(Quu)=1.231e+05
    max|Quu|=1.776e+01, cond(Quu)=1.232e+05
    max|Quu|=1.775e+01, cond(Quu)=1.232e+05
    max|Quu|=1.776e+01, cond(Quu)=1.232e+05
    max|Quu|=1.776e+01, cond(Quu)=1.232e+05
    max|Quu|=1.776e+01, cond(Quu)=1.233e+05
    max|Quu|=1.776e+01, cond(Quu)=1.233e+05
    max|Quu|=1.776e+01, cond(Quu)=1.234e+05
    max|Quu|=1.777e+01, cond(Quu)=1.234e+05
    max|Quu|=1.777e+01, cond(Quu)=1.234e+05
    max|Quu|=1.777e+01, cond(Quu)=1.235e+05
    max|Quu|=1.777e+01, cond(Quu)=1.235e+05
    max|Quu|=1.778e+01, cond(Quu)=1.235e+05
    max|Quu|=1.778e+01, cond(Quu)=1.235e+05
    max|Quu|=1.778e+01, cond(Quu)=1.236e+05
    max|Quu|=1.778e+01, cond(Quu)=1.236e+05
    max|Quu|=1.777e+01, cond(Quu)=1.235e+05
    max|Quu|=1.777e+01, cond(Quu)=1.236e+05
    max|Quu|=1.777e+01, cond(Quu)=1.236e+05
    max|Quu|=1.778e+01, cond(Quu)=1.236e+05
    max|Quu|=1.778e+01, cond(Quu)=1.236e+05
    max|Quu|=1.778e+01, cond(Quu)=1.236e+05
    max|Quu|=1.778e+01, cond(Quu)=1.236e+05
    max|Quu|=1.778e+01, cond(Quu)=1.236e+05
    max|Quu|=1.778e+01, cond(Quu)=1.236e+05
    max|Quu|=1.778e+01, cond(Quu)=1.236e+05
    max|Quu|=1.778e+01, cond(Quu)=1.236e+05
    max|Quu|=1.779e+01, cond(Quu)=1.236e+05
    max|Quu|=1.779e+01, cond(Quu)=1.236e+05
    max|Quu|=1.779e+01, cond(Quu)=1.236e+05
    max|Quu|=1.779e+01, cond(Quu)=1.236e+05
    max|Quu|=1.779e+01, cond(Quu)=1.236e+05
    max|Quu|=1.779e+01, cond(Quu)=1.235e+05
    max|Quu|=1.779e+01, cond(Quu)=1.235e+05
    max|Quu|=1.779e+01, cond(Quu)=1.235e+05
    max|Quu|=1.779e+01, cond(Quu)=1.235e+05
    max|Quu|=1.779e+01, cond(Quu)=1.235e+05
    max|Quu|=1.779e+01, cond(Quu)=1.235e+05
    max|Quu|=1.778e+01, cond(Quu)=1.234e+05
    max|Quu|=1.778e+01, cond(Quu)=1.234e+05
    max|Quu|=1.778e+01, cond(Quu)=1.233e+05
    max|Quu|=1.777e+01, cond(Quu)=1.233e+05
    max|Quu|=1.776e+01, cond(Quu)=1.232e+05
    max|Quu|=1.775e+01, cond(Quu)=1.231e+05
    max|Quu|=1.773e+01, cond(Quu)=1.229e+05
    max|Quu|=1.769e+01, cond(Quu)=1.226e+05
    max|Quu|=1.765e+01, cond(Quu)=1.222e+05
    max|Quu|=1.758e+01, cond(Quu)=1.217e+05
    max|Quu|=1.748e+01, cond(Quu)=1.208e+05
    max|Quu|=1.732e+01, cond(Quu)=1.195e+05
    max|Quu|=1.709e+01, cond(Quu)=1.175e+05
    max|Quu|=1.673e+01, cond(Quu)=1.142e+05
    max|Quu|=1.616e+01, cond(Quu)=1.088e+05
    max|Quu|=1.522e+01, cond(Quu)=9.921e+04
    max|Quu|=1.360e+01, cond(Quu)=8.066e+04
    max|Quu|=1.063e+01, cond(Quu)=4.461e+04
    max|Quu|=5.471e+00, cond(Quu)=6.040e+03
    max|Quu|=1.689e+00, cond(Quu)=1.357e+02
    max|Quu|=2.640e+00, cond(Quu)=7.043e+01
    max|Quu|=2.811e+00, cond(Quu)=1.866e+01
    max|Quu|=2.825e+00, cond(Quu)=5.484e+00
    max|Quu|=3.162e+00, cond(Quu)=2.406e+00
    max|Quu|=6.762e+00, cond(Quu)=1.530e+00
    max|Quu|=1.444e+01, cond(Quu)=1.224e+00
    max|Quu|=3.080e+01, cond(Quu)=1.101e+00
    max|Quu|=6.560e+01, cond(Quu)=1.047e+00
    max|Quu|=1.395e+02, cond(Quu)=1.022e+00
    max|Quu|=2.965e+02, cond(Quu)=1.010e+00
    max|Quu|=6.291e+02, cond(Quu)=1.005e+00
    max|Quu|=1.333e+03, cond(Quu)=1.002e+00
    max|Quu|=2.823e+03, cond(Quu)=1.001e+00
    max|Quu|=5.970e+03, cond(Quu)=1.001e+00
    max|Quu|=1.262e+04, cond(Quu)=1.000e+00
    max|Quu|=2.663e+04, cond(Quu)=1.000e+00
    max|Quu|=5.617e+04, cond(Quu)=1.000e+00
    max|Quu|=1.183e+05, cond(Quu)=1.000e+00
    max|Quu|=2.491e+05, cond(Quu)=1.000e+00
    max|Quu|=5.237e+05, cond(Quu)=1.000e+00
    max|Quu|=1.100e+06, cond(Quu)=1.000e+00
    max|Quu|=2.310e+06, cond(Quu)=1.000e+00
    max|Quu|=4.846e+06, cond(Quu)=1.000e+00
    max|Quu|=1.016e+07, cond(Quu)=1.000e+00
    max|Quu|=2.126e+07, cond(Quu)=1.000e+00
    max|Quu|=4.448e+07, cond(Quu)=1.000e+00
    max|Quu|=9.298e+07, cond(Quu)=1.000e+00
    max|Quu|=1.942e+08, cond(Quu)=1.000e+00
    max|Quu|=4.054e+08, cond(Quu)=1.000e+00
    max|Quu|=8.456e+08, cond(Quu)=1.000e+00
    max|Quu|=1.762e+09, cond(Quu)=1.000e+00
    max|Quu|=3.670e+09, cond(Quu)=1.000e+00
    max|Quu|=7.637e+09, cond(Quu)=1.000e+00
    max|Quu|=1.588e+10, cond(Quu)=1.000e+00
    max|Quu|=3.300e+10, cond(Quu)=1.000e+00
    max|Quu|=6.852e+10, cond(Quu)=1.000e+00
    max|Quu|=1.422e+11, cond(Quu)=1.000e+00
    max|Quu|=2.948e+11, cond(Quu)=1.000e+00
    max|Quu|=6.108e+11, cond(Quu)=1.000e+00
    max|Quu|=1.264e+12, cond(Quu)=1.000e+00
    max|Quu|=2.616e+12, cond(Quu)=1.000e+00
    max|Quu|=5.408e+12, cond(Quu)=1.000e+00
    max|Quu|=1.117e+13, cond(Quu)=1.000e+00
    max|Quu|=2.308e+13, cond(Quu)=1.000e+00
    max|Quu|=4.763e+13, cond(Quu)=1.000e+00
    max|Quu|=9.825e+13, cond(Quu)=1.000e+00
    max|Quu|=2.025e+14, cond(Quu)=1.000e+00
    max|Quu|=4.172e+14, cond(Quu)=1.000e+00
    max|Quu|=8.590e+14, cond(Quu)=1.000e+00
    max|Quu|=1.768e+15, cond(Quu)=1.000e+00
    max|Quu|=3.636e+15, cond(Quu)=1.000e+00
    max|Quu|=7.475e+15, cond(Quu)=1.000e+00
    max|Quu|=1.536e+16, cond(Quu)=1.000e+00
    max|Quu|=3.154e+16, cond(Quu)=1.000e+00
    max|Quu|=6.474e+16, cond(Quu)=1.000e+00
    max|Quu|=1.328e+17, cond(Quu)=1.000e+00
    max|Quu|=2.723e+17, cond(Quu)=1.000e+00
    max|Quu|=5.579e+17, cond(Quu)=1.000e+00
    max|Quu|=1.143e+18, cond(Quu)=1.000e+00
    max|Quu|=2.340e+18, cond(Quu)=1.000e+00
    max|Quu|=4.788e+18, cond(Quu)=1.000e+00
    max|Quu|=9.794e+18, cond(Quu)=1.000e+00
    max|Quu|=2.002e+19, cond(Quu)=1.000e+00
    max|Quu|=4.091e+19, cond(Quu)=1.000e+00
    max|Quu|=8.357e+19, cond(Quu)=1.000e+00
    max|Quu|=1.706e+20, cond(Quu)=1.000e+00
    max|Quu|=3.482e+20, cond(Quu)=1.000e+00
    max|Quu|=7.102e+20, cond(Quu)=1.000e+00
    max|Quu|=1.448e+21, cond(Quu)=1.000e+00
    max|Quu|=2.951e+21, cond(Quu)=1.000e+00
    max|Quu|=6.012e+21, cond(Quu)=1.000e+00
    max|Quu|=1.224e+22, cond(Quu)=1.000e+00
    max|Quu|=2.492e+22, cond(Quu)=1.000e+00
    max|Quu|=5.069e+22, cond(Quu)=1.000e+00
    max|Quu|=1.031e+23, cond(Quu)=1.000e+00
    max|Quu|=2.096e+23, cond(Quu)=1.000e+00
    max|Quu|=4.259e+23, cond(Quu)=1.000e+00
    max|Quu|=8.651e+23, cond(Quu)=1.000e+00
    max|Quu|=1.756e+24, cond(Quu)=1.000e+00
    max|Quu|=3.565e+24, cond(Quu)=1.000e+00
    max|Quu|=7.233e+24, cond(Quu)=1.000e+00
    max|Quu|=1.467e+25, cond(Quu)=1.000e+00
    max|Quu|=2.974e+25, cond(Quu)=1.000e+00
    max|Quu|=6.027e+25, cond(Quu)=1.000e+00
    max|Quu|=1.221e+26, cond(Quu)=1.000e+00
    max|Quu|=2.473e+26, cond(Quu)=1.000e+00
    max|Quu|=5.006e+26, cond(Quu)=1.000e+00
    max|Quu|=1.013e+27, cond(Quu)=1.000e+00
    max|Quu|=2.049e+27, cond(Quu)=1.000e+00
    max|Quu|=4.144e+27, cond(Quu)=1.000e+00
    max|Quu|=8.377e+27, cond(Quu)=1.000e+00
    max|Quu|=1.693e+28, cond(Quu)=1.000e+00
    max|Quu|=3.420e+28, cond(Quu)=1.000e+00
    max|Quu|=6.905e+28, cond(Quu)=1.000e+00
    max|Quu|=1.394e+29, cond(Quu)=1.000e+00
    max|Quu|=2.813e+29, cond(Quu)=1.000e+00
    max|Quu|=5.674e+29, cond(Quu)=1.000e+00
    max|Quu|=1.144e+30, cond(Quu)=1.000e+00
    max|Quu|=2.306e+30, cond(Quu)=1.000e+00
    max|Quu|=4.647e+30, cond(Quu)=1.000e+00
    max|Quu|=9.360e+30, cond(Quu)=1.000e+00
    max|Quu|=1.885e+31, cond(Quu)=1.000e+00
    max|Quu|=3.794e+31, cond(Quu)=1.000e+00
    max|Quu|=7.634e+31, cond(Quu)=1.000e+00
    max|Quu|=1.536e+32, cond(Quu)=1.000e+00
    max|Quu|=3.088e+32, cond(Quu)=1.000e+00
    max|Quu|=6.208e+32, cond(Quu)=1.000e+00
    max|Quu|=1.247e+33, cond(Quu)=1.000e+00
    max|Quu|=2.506e+33, cond(Quu)=1.000e+00
    max|Quu|=5.032e+33, cond(Quu)=1.000e+00
    max|Quu|=1.010e+34, cond(Quu)=1.000e+00
    max|Quu|=2.027e+34, cond(Quu)=1.000e+00
    max|Quu|=4.066e+34, cond(Quu)=1.000e+00
    max|Quu|=8.155e+34, cond(Quu)=1.000e+00
    max|Quu|=1.635e+35, cond(Quu)=1.000e+00
    max|Quu|=3.276e+35, cond(Quu)=1.000e+00
    max|Quu|=6.562e+35, cond(Quu)=1.000e+00
    max|Quu|=1.314e+36, cond(Quu)=1.000e+00
    max|Quu|=2.631e+36, cond(Quu)=1.000e+00
    max|Quu|=5.264e+36, cond(Quu)=1.000e+00
    max|Quu|=1.053e+37, cond(Quu)=1.000e+00
    max|Quu|=2.106e+37, cond(Quu)=1.000e+00
    max|Quu|=4.209e+37, cond(Quu)=1.000e+00
    max|Quu|=8.411e+37, cond(Quu)=1.000e+00
    max|Quu|=1.680e+38, cond(Quu)=1.000e+00
    max|Quu|=3.354e+38, cond(Quu)=1.000e+00
    max|Quu|=6.695e+38, cond(Quu)=1.000e+00
    max|Quu|=1.336e+39, cond(Quu)=1.000e+00
    max|Quu|=2.664e+39, cond(Quu)=1.000e+00
    max|Quu|=5.309e+39, cond(Quu)=1.000e+00
    max|Quu|=1.058e+40, cond(Quu)=1.000e+00
    max|Quu|=2.107e+40, cond(Quu)=1.000e+00
    max|Quu|=4.193e+40, cond(Quu)=1.000e+00
    max|Quu|=8.343e+40, cond(Quu)=1.000e+00
    max|Quu|=1.659e+41, cond(Quu)=1.000e+00
    max|Quu|=3.298e+41, cond(Quu)=1.000e+00
    max|Quu|=6.552e+41, cond(Quu)=1.000e+00
    max|Quu|=1.301e+42, cond(Quu)=1.000e+00
    max|Quu|=2.582e+42, cond(Quu)=1.000e+00
    max|Quu|=5.121e+42, cond(Quu)=1.000e+00
    max|Quu|=1.015e+43, cond(Quu)=1.000e+00
    max|Quu|=2.011e+43, cond(Quu)=1.000e+00
    max|Quu|=3.983e+43, cond(Quu)=1.000e+00
    max|Quu|=7.881e+43, cond(Quu)=1.000e+00
    max|Quu|=1.559e+44, cond(Quu)=1.000e+00
    max|Quu|=3.080e+44, cond(Quu)=1.000e+00
    max|Quu|=6.084e+44, cond(Quu)=1.000e+00
    max|Quu|=1.201e+45, cond(Quu)=1.000e+00
    max|Quu|=2.368e+45, cond(Quu)=1.000e+00
    max|Quu|=4.667e+45, cond(Quu)=1.000e+00
    max|Quu|=9.191e+45, cond(Quu)=1.000e+00
    max|Quu|=1.809e+46, cond(Quu)=1.000e+00
    max|Quu|=3.555e+46, cond(Quu)=1.000e+00
    max|Quu|=6.984e+46, cond(Quu)=1.000e+00
    max|Quu|=1.370e+47, cond(Quu)=1.000e+00
    max|Quu|=2.686e+47, cond(Quu)=1.000e+00
    max|Quu|=5.260e+47, cond(Quu)=1.000e+00
    max|Quu|=1.029e+48, cond(Quu)=1.000e+00
    max|Quu|=2.009e+48, cond(Quu)=1.000e+00
    max|Quu|=3.919e+48, cond(Quu)=1.000e+00
    max|Quu|=7.635e+48, cond(Quu)=1.000e+00
    max|Quu|=1.485e+49, cond(Quu)=1.000e+00
    max|Quu|=2.884e+49, cond(Quu)=1.000e+00
    max|Quu|=5.592e+49, cond(Quu)=1.000e+00
    max|Quu|=1.082e+50, cond(Quu)=1.000e+00
    max|Quu|=2.090e+50, cond(Quu)=1.000e+00
    max|Quu|=4.027e+50, cond(Quu)=1.000e+00
    max|Quu|=7.742e+50, cond(Quu)=1.000e+00
    max|Quu|=1.484e+51, cond(Quu)=1.000e+00
    max|Quu|=2.836e+51, cond(Quu)=1.000e+00
    max|Quu|=5.401e+51, cond(Quu)=1.000e+00
    max|Quu|=1.025e+52, cond(Quu)=1.000e+00
    max|Quu|=1.937e+52, cond(Quu)=1.000e+00
    max|Quu|=3.642e+52, cond(Quu)=1.000e+00
    max|Quu|=6.812e+52, cond(Quu)=1.000e+00
    max|Quu|=1.266e+53, cond(Quu)=1.000e+00
    max|Quu|=2.335e+53, cond(Quu)=1.000e+00
    max|Quu|=4.266e+53, cond(Quu)=1.000e+00
    max|Quu|=7.703e+53, cond(Quu)=1.000e+00
    max|Quu|=1.372e+54, cond(Quu)=1.000e+00
    max|Quu|=2.399e+54, cond(Quu)=1.000e+00
    max|Quu|=4.096e+54, cond(Quu)=1.000e+00
    max|Quu|=6.761e+54, cond(Quu)=1.000e+00
    max|Quu|=1.059e+55, cond(Quu)=1.000e+00
    max|Quu|=1.514e+55, cond(Quu)=1.000e+00
    max|Quu|=1.804e+55, cond(Quu)=1.000e+00
    max|Quu|=1.119e+55, cond(Quu)=1.000e+00
    max|Quu|=2.821e+55, cond(Quu)=1.000e+00
    max|Quu|=1.593e+56, cond(Quu)=1.000e+00
    max|Quu|=5.283e+56, cond(Quu)=1.000e+00
    max|Quu|=1.486e+57, cond(Quu)=1.000e+00
    max|Quu|=3.853e+57, cond(Quu)=1.000e+00
    max|Quu|=9.490e+57, cond(Quu)=1.000e+00
    max|Quu|=2.260e+58, cond(Quu)=1.000e+00
    max|Quu|=5.254e+58, cond(Quu)=1.000e+00
    max|Quu|=1.200e+59, cond(Quu)=1.000e+00
    max|Quu|=2.701e+59, cond(Quu)=1.000e+00
    max|Quu|=6.013e+59, cond(Quu)=1.000e+00
    max|Quu|=1.327e+60, cond(Quu)=1.000e+00
    max|Quu|=2.904e+60, cond(Quu)=1.000e+00
    max|Quu|=6.316e+60, cond(Quu)=1.000e+00
    max|Quu|=1.366e+61, cond(Quu)=1.000e+00
    max|Quu|=2.941e+61, cond(Quu)=1.000e+00
    max|Quu|=6.304e+61, cond(Quu)=1.000e+00
    max|Quu|=1.346e+62, cond(Quu)=1.000e+00
    max|Quu|=2.866e+62, cond(Quu)=1.000e+00
    max|Quu|=6.084e+62, cond(Quu)=1.000e+00
    max|Quu|=1.288e+63, cond(Quu)=1.000e+00
    max|Quu|=2.720e+63, cond(Quu)=1.000e+00
    max|Quu|=5.731e+63, cond(Quu)=1.000e+00
    max|Quu|=1.204e+64, cond(Quu)=1.000e+00
    max|Quu|=2.526e+64, cond(Quu)=1.000e+00
    max|Quu|=5.288e+64, cond(Quu)=1.000e+00
    max|Quu|=1.105e+65, cond(Quu)=1.000e+00
    max|Quu|=2.307e+65, cond(Quu)=1.000e+00
    max|Quu|=4.808e+65, cond(Quu)=1.000e+00
    max|Quu|=1.001e+66, cond(Quu)=1.000e+00
    max|Quu|=2.079e+66, cond(Quu)=1.000e+00
    max|Quu|=4.313e+66, cond(Quu)=1.000e+00
    max|Quu|=8.938e+66, cond(Quu)=1.000e+00
    max|Quu|=1.850e+67, cond(Quu)=1.000e+00
    max|Quu|=3.827e+67, cond(Quu)=1.000e+00
    max|Quu|=7.906e+67, cond(Quu)=1.000e+00
    max|Quu|=1.632e+68, cond(Quu)=1.000e+00
    max|Quu|=3.365e+68, cond(Quu)=1.000e+00
    max|Quu|=6.934e+68, cond(Quu)=1.000e+00
    max|Quu|=1.427e+69, cond(Quu)=1.000e+00
    max|Quu|=2.936e+69, cond(Quu)=1.000e+00
    max|Quu|=6.034e+69, cond(Quu)=1.000e+00
    max|Quu|=1.239e+70, cond(Quu)=1.000e+00
    max|Quu|=2.542e+70, cond(Quu)=1.000e+00
    max|Quu|=5.212e+70, cond(Quu)=1.000e+00
    max|Quu|=1.068e+71, cond(Quu)=1.000e+00
    max|Quu|=2.187e+71, cond(Quu)=1.000e+00
    max|Quu|=4.476e+71, cond(Quu)=1.000e+00
    max|Quu|=9.155e+71, cond(Quu)=1.000e+00
    max|Quu|=1.872e+72, cond(Quu)=1.000e+00
    max|Quu|=3.824e+72, cond(Quu)=1.000e+00
    max|Quu|=7.809e+72, cond(Quu)=1.000e+00
    max|Quu|=1.594e+73, cond(Quu)=1.000e+00
    max|Quu|=3.251e+73, cond(Quu)=1.000e+00
    max|Quu|=6.630e+73, cond(Quu)=1.000e+00
    max|Quu|=1.351e+74, cond(Quu)=1.000e+00
    max|Quu|=2.753e+74, cond(Quu)=1.000e+00
    max|Quu|=5.607e+74, cond(Quu)=1.000e+00
    max|Quu|=1.141e+75, cond(Quu)=1.000e+00
    max|Quu|=2.323e+75, cond(Quu)=1.000e+00
    max|Quu|=4.725e+75, cond(Quu)=1.000e+00
    max|Quu|=9.608e+75, cond(Quu)=1.000e+00
    max|Quu|=1.953e+76, cond(Quu)=1.000e+00
    max|Quu|=3.969e+76, cond(Quu)=1.000e+00
    max|Quu|=8.063e+76, cond(Quu)=1.000e+00
    max|Quu|=1.637e+77, cond(Quu)=1.000e+00
    max|Quu|=3.324e+77, cond(Quu)=1.000e+00
    max|Quu|=6.747e+77, cond(Quu)=1.000e+00
    max|Quu|=1.369e+78, cond(Quu)=1.000e+00
    max|Quu|=2.777e+78, cond(Quu)=1.000e+00
    max|Quu|=5.631e+78, cond(Quu)=1.000e+00
    max|Quu|=1.142e+79, cond(Quu)=1.000e+00
    max|Quu|=2.314e+79, cond(Quu)=1.000e+00
    max|Quu|=4.689e+79, cond(Quu)=1.000e+00
    max|Quu|=9.500e+79, cond(Quu)=1.000e+00
    max|Quu|=1.924e+80, cond(Quu)=1.000e+00
    max|Quu|=3.897e+80, cond(Quu)=1.000e+00
    max|Quu|=7.889e+80, cond(Quu)=1.000e+00
    max|Quu|=1.597e+81, cond(Quu)=1.000e+00
    max|Quu|=3.232e+81, cond(Quu)=1.000e+00
    max|Quu|=6.539e+81, cond(Quu)=1.000e+00
    max|Quu|=1.323e+82, cond(Quu)=1.000e+00
    max|Quu|=2.676e+82, cond(Quu)=1.000e+00
    max|Quu|=5.412e+82, cond(Quu)=1.000e+00
    max|Quu|=1.094e+83, cond(Quu)=1.000e+00
    max|Quu|=2.212e+83, cond(Quu)=1.000e+00
    max|Quu|=4.473e+83, cond(Quu)=1.000e+00
    max|Quu|=9.041e+83, cond(Quu)=1.000e+00
    max|Quu|=1.827e+84, cond(Quu)=1.000e+00
    max|Quu|=3.693e+84, cond(Quu)=1.000e+00
    max|Quu|=7.462e+84, cond(Quu)=1.000e+00
    max|Quu|=1.508e+85, cond(Quu)=1.000e+00
    max|Quu|=3.046e+85, cond(Quu)=1.000e+00
    max|Quu|=6.152e+85, cond(Quu)=1.000e+00
    max|Quu|=1.243e+86, cond(Quu)=1.000e+00
    max|Quu|=2.509e+86, cond(Quu)=1.000e+00
    max|Quu|=5.067e+86, cond(Quu)=1.000e+00
    max|Quu|=1.023e+87, cond(Quu)=1.000e+00
    max|Quu|=2.066e+87, cond(Quu)=1.000e+00
    max|Quu|=4.170e+87, cond(Quu)=1.000e+00
    max|Quu|=8.419e+87, cond(Quu)=1.000e+00
    max|Quu|=1.700e+88, cond(Quu)=1.000e+00
    max|Quu|=3.431e+88, cond(Quu)=1.000e+00
    max|Quu|=6.926e+88, cond(Quu)=1.000e+00
    max|Quu|=1.398e+89, cond(Quu)=1.000e+00
    max|Quu|=2.821e+89, cond(Quu)=1.000e+00
    max|Quu|=5.694e+89, cond(Quu)=1.000e+00
    max|Quu|=1.149e+90, cond(Quu)=1.000e+00
    max|Quu|=2.319e+90, cond(Quu)=1.000e+00
    max|Quu|=4.679e+90, cond(Quu)=1.000e+00
    max|Quu|=9.442e+90, cond(Quu)=1.000e+00
    max|Quu|=1.905e+91, cond(Quu)=1.000e+00
    max|Quu|=3.845e+91, cond(Quu)=1.000e+00
    max|Quu|=7.758e+91, cond(Quu)=1.000e+00
    max|Quu|=1.566e+92, cond(Quu)=1.000e+00
    max|Quu|=3.160e+92, cond(Quu)=1.000e+00
    max|Quu|=6.376e+92, cond(Quu)=1.000e+00
    max|Quu|=1.287e+93, cond(Quu)=1.000e+00
    max|Quu|=2.597e+93, cond(Quu)=1.000e+00
    max|Quu|=5.243e+93, cond(Quu)=1.000e+00
    max|Quu|=1.058e+94, cond(Quu)=1.000e+00
    max|Quu|=2.136e+94, cond(Quu)=1.000e+00
    max|Quu|=4.313e+94, cond(Quu)=1.000e+00
    max|Quu|=8.706e+94, cond(Quu)=1.000e+00
    max|Quu|=1.757e+95, cond(Quu)=1.000e+00
    max|Quu|=3.548e+95, cond(Quu)=1.000e+00
    max|Quu|=7.163e+95, cond(Quu)=1.000e+00
    max|Quu|=1.446e+96, cond(Quu)=1.000e+00
    max|Quu|=2.920e+96, cond(Quu)=1.000e+00
    max|Quu|=5.898e+96, cond(Quu)=1.000e+00
    max|Quu|=1.191e+97, cond(Quu)=1.000e+00
    max|Quu|=2.406e+97, cond(Quu)=1.000e+00
    max|Quu|=4.859e+97, cond(Quu)=1.000e+00
    max|Quu|=9.816e+97, cond(Quu)=1.000e+00
    max|Quu|=1.983e+98, cond(Quu)=1.000e+00
    max|Quu|=4.006e+98, cond(Quu)=1.000e+00
    max|Quu|=8.095e+98, cond(Quu)=1.000e+00
    max|Quu|=1.636e+99, cond(Quu)=1.000e+00
    max|Quu|=3.304e+99, cond(Quu)=1.000e+00
    max|Quu|=6.677e+99, cond(Quu)=1.000e+00
    max|Quu|=1.349e+100, cond(Quu)=1.000e+00
    max|Quu|=2.727e+100, cond(Quu)=1.000e+00
    max|Quu|=5.511e+100, cond(Quu)=1.000e+00
    max|Quu|=1.114e+101, cond(Quu)=1.000e+00
    max|Quu|=2.252e+101, cond(Quu)=1.000e+00
    max|Quu|=4.552e+101, cond(Quu)=1.000e+00
    max|Quu|=9.203e+101, cond(Quu)=1.000e+00
    max|Quu|=1.861e+102, cond(Quu)=1.000e+00
    max|Quu|=3.762e+102, cond(Quu)=1.000e+00
    max|Quu|=7.608e+102, cond(Quu)=1.000e+00
    max|Quu|=1.538e+103, cond(Quu)=1.000e+00
    max|Quu|=3.111e+103, cond(Quu)=1.000e+00
    max|Quu|=6.293e+103, cond(Quu)=1.000e+00
    max|Quu|=1.273e+104, cond(Quu)=1.000e+00
    max|Quu|=2.574e+104, cond(Quu)=1.000e+00
    max|Quu|=5.208e+104, cond(Quu)=1.000e+00
    max|Quu|=1.053e+105, cond(Quu)=1.000e+00
    max|Quu|=2.131e+105, cond(Quu)=1.000e+00
    max|Quu|=4.312e+105, cond(Quu)=1.000e+00
    max|Quu|=8.724e+105, cond(Quu)=1.000e+00
    max|Quu|=1.765e+106, cond(Quu)=1.000e+00
    max|Quu|=3.572e+106, cond(Quu)=1.000e+00
    max|Quu|=7.228e+106, cond(Quu)=1.000e+00
    max|Quu|=1.463e+107, cond(Quu)=1.000e+00
    max|Quu|=2.960e+107, cond(Quu)=1.000e+00
    max|Quu|=5.990e+107, cond(Quu)=1.000e+00
    max|Quu|=1.212e+108, cond(Quu)=1.000e+00
    max|Quu|=2.453e+108, cond(Quu)=1.000e+00
    max|Quu|=4.965e+108, cond(Quu)=1.000e+00
    max|Quu|=1.005e+109, cond(Quu)=1.000e+00
    max|Quu|=2.034e+109, cond(Quu)=1.000e+00
    max|Quu|=4.117e+109, cond(Quu)=1.000e+00
    max|Quu|=8.333e+109, cond(Quu)=1.000e+00
    max|Quu|=1.687e+110, cond(Quu)=1.000e+00
    max|Quu|=3.414e+110, cond(Quu)=1.000e+00
    max|Quu|=6.911e+110, cond(Quu)=1.000e+00
    max|Quu|=1.399e+111, cond(Quu)=1.000e+00
    max|Quu|=2.831e+111, cond(Quu)=1.000e+00
    max|Quu|=5.731e+111, cond(Quu)=1.000e+00
    max|Quu|=1.160e+112, cond(Quu)=1.000e+00
    max|Quu|=2.348e+112, cond(Quu)=1.000e+00
    max|Quu|=4.753e+112, cond(Quu)=1.000e+00
    max|Quu|=9.621e+112, cond(Quu)=1.000e+00
    max|Quu|=1.947e+113, cond(Quu)=1.000e+00
    max|Quu|=3.942e+113, cond(Quu)=1.000e+00
    max|Quu|=7.978e+113, cond(Quu)=1.000e+00
    max|Quu|=1.615e+114, cond(Quu)=1.000e+00
    max|Quu|=3.268e+114, cond(Quu)=1.000e+00
    max|Quu|=6.613e+114, cond(Quu)=1.000e+00
    max|Quu|=1.338e+115, cond(Quu)=1.000e+00
    max|Quu|=2.707e+115, cond(Quu)=1.000e+00
    max|Quu|=5.478e+115, cond(Quu)=1.000e+00
    max|Quu|=1.108e+116, cond(Quu)=1.000e+00
    max|Quu|=2.242e+116, cond(Quu)=1.000e+00
    max|Quu|=4.536e+116, cond(Quu)=1.000e+00
    max|Quu|=9.175e+116, cond(Quu)=1.000e+00
    max|Quu|=1.856e+117, cond(Quu)=1.000e+00
    max|Quu|=3.753e+117, cond(Quu)=1.000e+00
    max|Quu|=7.589e+117, cond(Quu)=1.000e+00
    max|Quu|=1.534e+118, cond(Quu)=1.000e+00
    max|Quu|=3.102e+118, cond(Quu)=1.000e+00
    max|Quu|=6.270e+118, cond(Quu)=1.000e+00
    max|Quu|=1.267e+119, cond(Quu)=1.000e+00
    max|Quu|=2.561e+119, cond(Quu)=1.000e+00
    max|Quu|=5.174e+119, cond(Quu)=1.000e+00
    max|Quu|=1.045e+120, cond(Quu)=1.000e+00
    max|Quu|=2.111e+120, cond(Quu)=1.000e+00
    max|Quu|=4.264e+120, cond(Quu)=1.000e+00
    max|Quu|=8.611e+120, cond(Quu)=1.000e+00
    max|Quu|=1.739e+121, cond(Quu)=1.000e+00
    max|Quu|=3.511e+121, cond(Quu)=1.000e+00
    max|Quu|=7.088e+121, cond(Quu)=1.000e+00
    max|Quu|=1.431e+122, cond(Quu)=1.000e+00
    max|Quu|=2.889e+122, cond(Quu)=1.000e+00
    max|Quu|=5.832e+122, cond(Quu)=1.000e+00
    max|Quu|=1.177e+123, cond(Quu)=1.000e+00
    max|Quu|=2.376e+123, cond(Quu)=1.000e+00
    max|Quu|=4.796e+123, cond(Quu)=1.000e+00
    max|Quu|=9.678e+123, cond(Quu)=1.000e+00
    max|Quu|=1.953e+124, cond(Quu)=1.000e+00
    max|Quu|=3.941e+124, cond(Quu)=1.000e+00
    max|Quu|=7.951e+124, cond(Quu)=1.000e+00
    max|Quu|=1.604e+125, cond(Quu)=1.000e+00
    max|Quu|=3.237e+125, cond(Quu)=1.000e+00
    max|Quu|=6.531e+125, cond(Quu)=1.000e+00
    max|Quu|=1.318e+126, cond(Quu)=1.000e+00
    max|Quu|=2.658e+126, cond(Quu)=1.000e+00
    max|Quu|=5.361e+126, cond(Quu)=1.000e+00
    max|Quu|=1.081e+127, cond(Quu)=1.000e+00
    max|Quu|=2.181e+127, cond(Quu)=1.000e+00
    max|Quu|=4.400e+127, cond(Quu)=1.000e+00
    max|Quu|=8.874e+127, cond(Quu)=1.000e+00
    max|Quu|=1.790e+128, cond(Quu)=1.000e+00
    max|Quu|=3.609e+128, cond(Quu)=1.000e+00
    max|Quu|=7.277e+128, cond(Quu)=1.000e+00
    max|Quu|=1.467e+129, cond(Quu)=1.000e+00
    max|Quu|=2.959e+129, cond(Quu)=1.000e+00
    max|Quu|=5.966e+129, cond(Quu)=1.000e+00
    max|Quu|=1.203e+130, cond(Quu)=1.000e+00
    max|Quu|=2.425e+130, cond(Quu)=1.000e+00
    max|Quu|=4.889e+130, cond(Quu)=1.000e+00
    max|Quu|=9.855e+130, cond(Quu)=1.000e+00
    max|Quu|=1.986e+131, cond(Quu)=1.000e+00
    max|Quu|=4.004e+131, cond(Quu)=1.000e+00
    max|Quu|=8.070e+131, cond(Quu)=1.000e+00
    max|Quu|=1.626e+132, cond(Quu)=1.000e+00
    max|Quu|=3.278e+132, cond(Quu)=1.000e+00
    max|Quu|=6.605e+132, cond(Quu)=1.000e+00
    max|Quu|=1.331e+133, cond(Quu)=1.000e+00
    max|Quu|=2.682e+133, cond(Quu)=1.000e+00
    max|Quu|=5.403e+133, cond(Quu)=1.000e+00
    max|Quu|=1.089e+134, cond(Quu)=1.000e+00
    max|Quu|=2.193e+134, cond(Quu)=1.000e+00
    max|Quu|=4.418e+134, cond(Quu)=1.000e+00
    max|Quu|=8.898e+134, cond(Quu)=1.000e+00
    max|Quu|=1.792e+135, cond(Quu)=1.000e+00
    max|Quu|=3.609e+135, cond(Quu)=1.000e+00
    max|Quu|=7.269e+135, cond(Quu)=1.000e+00
    max|Quu|=1.464e+136, cond(Quu)=1.000e+00
    max|Quu|=2.947e+136, cond(Quu)=1.000e+00
    max|Quu|=5.935e+136, cond(Quu)=1.000e+00
    max|Quu|=1.195e+137, cond(Quu)=1.000e+00
    max|Quu|=2.405e+137, cond(Quu)=1.000e+00
    max|Quu|=4.843e+137, cond(Quu)=1.000e+00
    max|Quu|=9.748e+137, cond(Quu)=1.000e+00
    max|Quu|=1.962e+138, cond(Quu)=1.000e+00
    max|Quu|=3.949e+138, cond(Quu)=1.000e+00
    max|Quu|=7.949e+138, cond(Quu)=1.000e+00
    max|Quu|=1.600e+139, cond(Quu)=1.000e+00
    max|Quu|=3.219e+139, cond(Quu)=1.000e+00
    max|Quu|=6.478e+139, cond(Quu)=1.000e+00
    max|Quu|=1.304e+140, cond(Quu)=1.000e+00
    max|Quu|=2.623e+140, cond(Quu)=1.000e+00
    max|Quu|=5.277e+140, cond(Quu)=1.000e+00
    max|Quu|=1.062e+141, cond(Quu)=1.000e+00
    max|Quu|=2.136e+141, cond(Quu)=1.000e+00
    max|Quu|=4.297e+141, cond(Quu)=1.000e+00
    max|Quu|=8.643e+141, cond(Quu)=1.000e+00
    max|Quu|=1.739e+142, cond(Quu)=1.000e+00
    max|Quu|=3.497e+142, cond(Quu)=1.000e+00
    max|Quu|=7.033e+142, cond(Quu)=1.000e+00
    max|Quu|=1.415e+143, cond(Quu)=1.000e+00
    max|Quu|=2.845e+143, cond(Quu)=1.000e+00
    max|Quu|=5.721e+143, cond(Quu)=1.000e+00
    max|Quu|=1.151e+144, cond(Quu)=1.000e+00
    max|Quu|=2.314e+144, cond(Quu)=1.000e+00
    max|Quu|=4.652e+144, cond(Quu)=1.000e+00
    max|Quu|=9.355e+144, cond(Quu)=1.000e+00
    max|Quu|=1.881e+145, cond(Quu)=1.000e+00
    max|Quu|=3.782e+145, cond(Quu)=1.000e+00
    max|Quu|=7.606e+145, cond(Quu)=1.000e+00
    max|Quu|=1.529e+146, cond(Quu)=1.000e+00
    max|Quu|=3.075e+146, cond(Quu)=1.000e+00
    max|Quu|=6.182e+146, cond(Quu)=1.000e+00
    max|Quu|=1.243e+147, cond(Quu)=1.000e+00
    max|Quu|=2.499e+147, cond(Quu)=1.000e+00
    max|Quu|=5.025e+147, cond(Quu)=1.000e+00
    max|Quu|=1.010e+148, cond(Quu)=1.000e+00
    max|Quu|=2.031e+148, cond(Quu)=1.000e+00
    max|Quu|=4.084e+148, cond(Quu)=1.000e+00
    max|Quu|=8.210e+148, cond(Quu)=1.000e+00
    max|Quu|=1.651e+149, cond(Quu)=1.000e+00
    max|Quu|=3.319e+149, cond(Quu)=1.000e+00
    max|Quu|=6.672e+149, cond(Quu)=1.000e+00
    max|Quu|=1.341e+150, cond(Quu)=1.000e+00
    max|Quu|=2.697e+150, cond(Quu)=1.000e+00
    max|Quu|=5.422e+150, cond(Quu)=1.000e+00
    max|Quu|=1.090e+151, cond(Quu)=1.000e+00
    max|Quu|=2.191e+151, cond(Quu)=1.000e+00
    max|Quu|=4.406e+151, cond(Quu)=1.000e+00
    max|Quu|=8.857e+151, cond(Quu)=1.000e+00
    max|Quu|=1.781e+152, cond(Quu)=1.000e+00
    max|Quu|=3.580e+152, cond(Quu)=1.000e+00
    max|Quu|=7.197e+152, cond(Quu)=1.000e+00
    max|Quu|=1.447e+153, cond(Quu)=1.000e+00
    max|Quu|=2.909e+153, cond(Quu)=1.000e+00
    max|Quu|=5.848e+153, cond(Quu)=1.000e+00
    max|Quu|=1.176e+154, cond(Quu)=1.000e+00
    max|Quu|=2.363e+154, cond(Quu)=1.000e+00
    max|Quu|=4.751e+154, cond(Quu)=1.000e+00
    max|Quu|=9.552e+154, cond(Quu)=1.000e+00
    max|Quu|=1.920e+155, cond(Quu)=1.000e+00
Measured previous rollout {"cost": 1374.399845031278, "position_rmse": 0.5345200616980019}
Defect construction {"mean_absolute": 0.016747259472424583, "max_absolute": 0.5488750949118592, "max_timestep": 2, "max_state_dimension": 6, "max_state_name": "wheel_speed", "per_state_max_absolute": [0.01146604444945254, 0.011667450937082435, 0.007794833826737069, 0.027973500661205006, 0.07388553844706841, 0.10695737467355304, 0.5488750949118592, 7.105427357601002e-15, 5.551115123125783e-17]}
Defect reconstruction {"mean_absolute": 5.595821609414131e-16, "max_absolute": 8.43769498715119e-15, "max_timestep": 539, "max_state_dimension": 0, "max_state_name": "x", "per_state_max_absolute": [8.43769498715119e-15, 5.551115123125783e-15, 1.7763568394002505e-15, 6.938893903907228e-18, 8.673617379884035e-19, 1.3877787807814457e-17, 1.0408340855860843e-17, 0.0, 0.0]}
alpha=0 max |U_forward - U_old|: 1.2041811991991835e-11
Unchanged control baseline {"unchanged_defect": {"cost": 1374.399845031267, "position_rmse": 0.5345200616979994}, "unchanged_nominal": {"cost": 17496.951628629682, "position_rmse": 2.0449683538958814}}
Alpha candidate {"alpha": 0.5, "defect": {"cost": 757.5340230069626, "position_rmse": 0.37372491344759895}, "nominal": {"cost": 20623.500544495793, "position_rmse": 2.2294979654848386}, "defect_improvement": 616.8658220243044, "nominal_improvement": -3126.548915866111}
Final selection {"status": "ACCEPT", "alpha": 0.5, "cost": 757.5340230069626, "reason": "Strictly lower defect-aware cost than unchanged-control prediction"}
STOP: candidate prepared; no actual rollout executed.
TRIAL {"trial": 3, "cost": 1374.399845031278, "position_rmse": 0.5345200616980019, "lateness_max": 0.0022662320006929804, "rate_hz": 39.99985785830675, "period_ms_min": 23.30124999934924, "period_ms_max": 26.72769000128028, "selection": "ACCEPT", "update_seconds": 3.544378141003108, "retries": 0}
Reset succeeded: [0. 0. 0. 0. 0. 0.]
    max|Quu|=1.000e+01, cond(Quu)=1.000e+05
    max|Quu|=1.313e+01, cond(Quu)=1.200e+05
    max|Quu|=1.551e+01, cond(Quu)=1.314e+05
    max|Quu|=1.668e+01, cond(Quu)=1.336e+05
    max|Quu|=1.713e+01, cond(Quu)=1.323e+05
    max|Quu|=1.729e+01, cond(Quu)=1.305e+05
    max|Quu|=1.734e+01, cond(Quu)=1.292e+05
    max|Quu|=1.736e+01, cond(Quu)=1.283e+05
    max|Quu|=1.737e+01, cond(Quu)=1.277e+05
    max|Quu|=1.737e+01, cond(Quu)=1.273e+05
    max|Quu|=1.737e+01, cond(Quu)=1.270e+05
    max|Quu|=1.737e+01, cond(Quu)=1.268e+05
    max|Quu|=1.737e+01, cond(Quu)=1.266e+05
    max|Quu|=1.737e+01, cond(Quu)=1.264e+05
    max|Quu|=1.737e+01, cond(Quu)=1.262e+05
    max|Quu|=1.737e+01, cond(Quu)=1.260e+05
    max|Quu|=1.737e+01, cond(Quu)=1.258e+05
    max|Quu|=1.737e+01, cond(Quu)=1.256e+05
    max|Quu|=1.737e+01, cond(Quu)=1.253e+05
    max|Quu|=1.737e+01, cond(Quu)=1.251e+05
    max|Quu|=1.737e+01, cond(Quu)=1.249e+05
    max|Quu|=1.737e+01, cond(Quu)=1.247e+05
    max|Quu|=1.737e+01, cond(Quu)=1.245e+05
    max|Quu|=1.737e+01, cond(Quu)=1.242e+05
    max|Quu|=1.737e+01, cond(Quu)=1.240e+05
    max|Quu|=1.737e+01, cond(Quu)=1.238e+05
    max|Quu|=1.737e+01, cond(Quu)=1.236e+05
    max|Quu|=1.737e+01, cond(Quu)=1.233e+05
    max|Quu|=1.737e+01, cond(Quu)=1.231e+05
    max|Quu|=1.737e+01, cond(Quu)=1.229e+05
    max|Quu|=1.737e+01, cond(Quu)=1.228e+05
    max|Quu|=1.737e+01, cond(Quu)=1.226e+05
    max|Quu|=1.738e+01, cond(Quu)=1.224e+05
    max|Quu|=1.738e+01, cond(Quu)=1.223e+05
    max|Quu|=1.738e+01, cond(Quu)=1.222e+05
    max|Quu|=1.738e+01, cond(Quu)=1.220e+05
    max|Quu|=1.738e+01, cond(Quu)=1.219e+05
    max|Quu|=1.738e+01, cond(Quu)=1.219e+05
    max|Quu|=1.738e+01, cond(Quu)=1.218e+05
    max|Quu|=1.738e+01, cond(Quu)=1.217e+05
    max|Quu|=1.739e+01, cond(Quu)=1.216e+05
    max|Quu|=1.739e+01, cond(Quu)=1.216e+05
    max|Quu|=1.739e+01, cond(Quu)=1.215e+05
    max|Quu|=1.739e+01, cond(Quu)=1.215e+05
    max|Quu|=1.739e+01, cond(Quu)=1.214e+05
    max|Quu|=1.740e+01, cond(Quu)=1.214e+05
    max|Quu|=1.740e+01, cond(Quu)=1.214e+05
    max|Quu|=1.740e+01, cond(Quu)=1.213e+05
    max|Quu|=1.741e+01, cond(Quu)=1.213e+05
    max|Quu|=1.741e+01, cond(Quu)=1.213e+05
    max|Quu|=1.741e+01, cond(Quu)=1.213e+05
    max|Quu|=1.742e+01, cond(Quu)=1.213e+05
    max|Quu|=1.742e+01, cond(Quu)=1.213e+05
    max|Quu|=1.742e+01, cond(Quu)=1.213e+05
    max|Quu|=1.743e+01, cond(Quu)=1.213e+05
    max|Quu|=1.743e+01, cond(Quu)=1.213e+05
    max|Quu|=1.744e+01, cond(Quu)=1.213e+05
    max|Quu|=1.744e+01, cond(Quu)=1.213e+05
    max|Quu|=1.745e+01, cond(Quu)=1.213e+05
    max|Quu|=1.745e+01, cond(Quu)=1.213e+05
    max|Quu|=1.746e+01, cond(Quu)=1.213e+05
    max|Quu|=1.746e+01, cond(Quu)=1.213e+05
    max|Quu|=1.747e+01, cond(Quu)=1.214e+05
    max|Quu|=1.747e+01, cond(Quu)=1.214e+05
    max|Quu|=1.748e+01, cond(Quu)=1.214e+05
    max|Quu|=1.748e+01, cond(Quu)=1.214e+05
    max|Quu|=1.749e+01, cond(Quu)=1.214e+05
    max|Quu|=1.749e+01, cond(Quu)=1.215e+05
    max|Quu|=1.750e+01, cond(Quu)=1.215e+05
    max|Quu|=1.750e+01, cond(Quu)=1.215e+05
    max|Quu|=1.751e+01, cond(Quu)=1.215e+05
    max|Quu|=1.752e+01, cond(Quu)=1.216e+05
    max|Quu|=1.752e+01, cond(Quu)=1.216e+05
    max|Quu|=1.753e+01, cond(Quu)=1.216e+05
    max|Quu|=1.753e+01, cond(Quu)=1.217e+05
    max|Quu|=1.754e+01, cond(Quu)=1.217e+05
    max|Quu|=1.754e+01, cond(Quu)=1.217e+05
    max|Quu|=1.755e+01, cond(Quu)=1.218e+05
    max|Quu|=1.756e+01, cond(Quu)=1.218e+05
    max|Quu|=1.756e+01, cond(Quu)=1.218e+05
    max|Quu|=1.757e+01, cond(Quu)=1.218e+05
    max|Quu|=1.757e+01, cond(Quu)=1.219e+05
    max|Quu|=1.758e+01, cond(Quu)=1.219e+05
    max|Quu|=1.758e+01, cond(Quu)=1.219e+05
    max|Quu|=1.759e+01, cond(Quu)=1.219e+05
    max|Quu|=1.759e+01, cond(Quu)=1.220e+05
    max|Quu|=1.760e+01, cond(Quu)=1.220e+05
    max|Quu|=1.760e+01, cond(Quu)=1.220e+05
    max|Quu|=1.761e+01, cond(Quu)=1.221e+05
    max|Quu|=1.762e+01, cond(Quu)=1.221e+05
    max|Quu|=1.762e+01, cond(Quu)=1.221e+05
    max|Quu|=1.762e+01, cond(Quu)=1.221e+05
    max|Quu|=1.763e+01, cond(Quu)=1.221e+05
    max|Quu|=1.763e+01, cond(Quu)=1.221e+05
    max|Quu|=1.763e+01, cond(Quu)=1.221e+05
    max|Quu|=1.764e+01, cond(Quu)=1.221e+05
    max|Quu|=1.764e+01, cond(Quu)=1.221e+05
    max|Quu|=1.764e+01, cond(Quu)=1.221e+05
    max|Quu|=1.764e+01, cond(Quu)=1.221e+05
    max|Quu|=1.764e+01, cond(Quu)=1.220e+05
    max|Quu|=1.765e+01, cond(Quu)=1.220e+05
    max|Quu|=1.765e+01, cond(Quu)=1.220e+05
    max|Quu|=1.765e+01, cond(Quu)=1.219e+05
    max|Quu|=1.765e+01, cond(Quu)=1.219e+05
    max|Quu|=1.765e+01, cond(Quu)=1.218e+05
    max|Quu|=1.765e+01, cond(Quu)=1.218e+05
    max|Quu|=1.764e+01, cond(Quu)=1.217e+05
    max|Quu|=1.764e+01, cond(Quu)=1.217e+05
    max|Quu|=1.764e+01, cond(Quu)=1.216e+05
    max|Quu|=1.765e+01, cond(Quu)=1.216e+05
    max|Quu|=1.765e+01, cond(Quu)=1.216e+05
    max|Quu|=1.764e+01, cond(Quu)=1.215e+05
    max|Quu|=1.764e+01, cond(Quu)=1.215e+05
    max|Quu|=1.764e+01, cond(Quu)=1.214e+05
    max|Quu|=1.764e+01, cond(Quu)=1.214e+05
    max|Quu|=1.764e+01, cond(Quu)=1.214e+05
    max|Quu|=1.763e+01, cond(Quu)=1.213e+05
    max|Quu|=1.763e+01, cond(Quu)=1.213e+05
    max|Quu|=1.762e+01, cond(Quu)=1.213e+05
    max|Quu|=1.762e+01, cond(Quu)=1.214e+05
    max|Quu|=1.763e+01, cond(Quu)=1.214e+05
    max|Quu|=1.763e+01, cond(Quu)=1.215e+05
    max|Quu|=1.763e+01, cond(Quu)=1.216e+05
    max|Quu|=1.763e+01, cond(Quu)=1.217e+05
    max|Quu|=1.763e+01, cond(Quu)=1.217e+05
    max|Quu|=1.763e+01, cond(Quu)=1.218e+05
    max|Quu|=1.763e+01, cond(Quu)=1.219e+05
    max|Quu|=1.763e+01, cond(Quu)=1.220e+05
    max|Quu|=1.763e+01, cond(Quu)=1.221e+05
    max|Quu|=1.763e+01, cond(Quu)=1.222e+05
    max|Quu|=1.762e+01, cond(Quu)=1.222e+05
    max|Quu|=1.762e+01, cond(Quu)=1.223e+05
    max|Quu|=1.763e+01, cond(Quu)=1.224e+05
    max|Quu|=1.763e+01, cond(Quu)=1.224e+05
    max|Quu|=1.763e+01, cond(Quu)=1.225e+05
    max|Quu|=1.763e+01, cond(Quu)=1.225e+05
    max|Quu|=1.763e+01, cond(Quu)=1.225e+05
    max|Quu|=1.763e+01, cond(Quu)=1.226e+05
    max|Quu|=1.763e+01, cond(Quu)=1.226e+05
    max|Quu|=1.763e+01, cond(Quu)=1.226e+05
    max|Quu|=1.763e+01, cond(Quu)=1.226e+05
    max|Quu|=1.763e+01, cond(Quu)=1.226e+05
    max|Quu|=1.763e+01, cond(Quu)=1.226e+05
    max|Quu|=1.763e+01, cond(Quu)=1.226e+05
    max|Quu|=1.763e+01, cond(Quu)=1.226e+05
    max|Quu|=1.763e+01, cond(Quu)=1.226e+05
    max|Quu|=1.763e+01, cond(Quu)=1.226e+05
    max|Quu|=1.763e+01, cond(Quu)=1.226e+05
    max|Quu|=1.764e+01, cond(Quu)=1.226e+05
    max|Quu|=1.764e+01, cond(Quu)=1.226e+05
    max|Quu|=1.764e+01, cond(Quu)=1.225e+05
    max|Quu|=1.764e+01, cond(Quu)=1.225e+05
    max|Quu|=1.764e+01, cond(Quu)=1.225e+05
    max|Quu|=1.764e+01, cond(Quu)=1.225e+05
    max|Quu|=1.764e+01, cond(Quu)=1.225e+05
    max|Quu|=1.765e+01, cond(Quu)=1.225e+05
    max|Quu|=1.765e+01, cond(Quu)=1.224e+05
    max|Quu|=1.765e+01, cond(Quu)=1.224e+05
    max|Quu|=1.765e+01, cond(Quu)=1.224e+05
    max|Quu|=1.765e+01, cond(Quu)=1.224e+05
    max|Quu|=1.765e+01, cond(Quu)=1.224e+05
    max|Quu|=1.766e+01, cond(Quu)=1.224e+05
    max|Quu|=1.766e+01, cond(Quu)=1.224e+05
    max|Quu|=1.766e+01, cond(Quu)=1.224e+05
    max|Quu|=1.766e+01, cond(Quu)=1.224e+05
    max|Quu|=1.766e+01, cond(Quu)=1.224e+05
    max|Quu|=1.767e+01, cond(Quu)=1.224e+05
    max|Quu|=1.767e+01, cond(Quu)=1.224e+05
    max|Quu|=1.767e+01, cond(Quu)=1.224e+05
    max|Quu|=1.767e+01, cond(Quu)=1.224e+05
    max|Quu|=1.767e+01, cond(Quu)=1.224e+05
    max|Quu|=1.768e+01, cond(Quu)=1.224e+05
    max|Quu|=1.768e+01, cond(Quu)=1.224e+05
    max|Quu|=1.768e+01, cond(Quu)=1.224e+05
    max|Quu|=1.768e+01, cond(Quu)=1.224e+05
    max|Quu|=1.768e+01, cond(Quu)=1.225e+05
    max|Quu|=1.769e+01, cond(Quu)=1.225e+05
    max|Quu|=1.769e+01, cond(Quu)=1.225e+05
    max|Quu|=1.769e+01, cond(Quu)=1.225e+05
    max|Quu|=1.769e+01, cond(Quu)=1.225e+05
    max|Quu|=1.770e+01, cond(Quu)=1.225e+05
    max|Quu|=1.770e+01, cond(Quu)=1.226e+05
    max|Quu|=1.770e+01, cond(Quu)=1.226e+05
    max|Quu|=1.770e+01, cond(Quu)=1.226e+05
    max|Quu|=1.770e+01, cond(Quu)=1.226e+05
    max|Quu|=1.771e+01, cond(Quu)=1.226e+05
    max|Quu|=1.771e+01, cond(Quu)=1.227e+05
    max|Quu|=1.771e+01, cond(Quu)=1.227e+05
    max|Quu|=1.772e+01, cond(Quu)=1.227e+05
    max|Quu|=1.772e+01, cond(Quu)=1.228e+05
    max|Quu|=1.772e+01, cond(Quu)=1.228e+05
    max|Quu|=1.772e+01, cond(Quu)=1.228e+05
    max|Quu|=1.772e+01, cond(Quu)=1.228e+05
    max|Quu|=1.772e+01, cond(Quu)=1.228e+05
    max|Quu|=1.772e+01, cond(Quu)=1.228e+05
    max|Quu|=1.772e+01, cond(Quu)=1.228e+05
    max|Quu|=1.772e+01, cond(Quu)=1.228e+05
    max|Quu|=1.772e+01, cond(Quu)=1.228e+05
    max|Quu|=1.772e+01, cond(Quu)=1.228e+05
    max|Quu|=1.772e+01, cond(Quu)=1.229e+05
    max|Quu|=1.773e+01, cond(Quu)=1.229e+05
    max|Quu|=1.773e+01, cond(Quu)=1.229e+05
    max|Quu|=1.773e+01, cond(Quu)=1.229e+05
    max|Quu|=1.773e+01, cond(Quu)=1.229e+05
    max|Quu|=1.773e+01, cond(Quu)=1.229e+05
    max|Quu|=1.773e+01, cond(Quu)=1.229e+05
    max|Quu|=1.773e+01, cond(Quu)=1.229e+05
    max|Quu|=1.773e+01, cond(Quu)=1.228e+05
    max|Quu|=1.772e+01, cond(Quu)=1.228e+05
    max|Quu|=1.772e+01, cond(Quu)=1.228e+05
    max|Quu|=1.772e+01, cond(Quu)=1.228e+05
    max|Quu|=1.772e+01, cond(Quu)=1.228e+05
    max|Quu|=1.772e+01, cond(Quu)=1.228e+05
    max|Quu|=1.773e+01, cond(Quu)=1.228e+05
    max|Quu|=1.773e+01, cond(Quu)=1.229e+05
    max|Quu|=1.773e+01, cond(Quu)=1.229e+05
    max|Quu|=1.773e+01, cond(Quu)=1.229e+05
    max|Quu|=1.773e+01, cond(Quu)=1.229e+05
    max|Quu|=1.773e+01, cond(Quu)=1.230e+05
    max|Quu|=1.773e+01, cond(Quu)=1.230e+05
    max|Quu|=1.773e+01, cond(Quu)=1.230e+05
    max|Quu|=1.773e+01, cond(Quu)=1.230e+05
    max|Quu|=1.773e+01, cond(Quu)=1.230e+05
    max|Quu|=1.773e+01, cond(Quu)=1.231e+05
    max|Quu|=1.773e+01, cond(Quu)=1.231e+05
    max|Quu|=1.774e+01, cond(Quu)=1.232e+05
    max|Quu|=1.774e+01, cond(Quu)=1.232e+05
    max|Quu|=1.774e+01, cond(Quu)=1.232e+05
    max|Quu|=1.774e+01, cond(Quu)=1.233e+05
    max|Quu|=1.774e+01, cond(Quu)=1.233e+05
    max|Quu|=1.775e+01, cond(Quu)=1.233e+05
    max|Quu|=1.775e+01, cond(Quu)=1.233e+05
    max|Quu|=1.775e+01, cond(Quu)=1.233e+05
    max|Quu|=1.775e+01, cond(Quu)=1.233e+05
    max|Quu|=1.774e+01, cond(Quu)=1.233e+05
    max|Quu|=1.774e+01, cond(Quu)=1.233e+05
    max|Quu|=1.774e+01, cond(Quu)=1.233e+05
    max|Quu|=1.774e+01, cond(Quu)=1.233e+05
    max|Quu|=1.775e+01, cond(Quu)=1.234e+05
    max|Quu|=1.775e+01, cond(Quu)=1.233e+05
    max|Quu|=1.774e+01, cond(Quu)=1.233e+05
    max|Quu|=1.774e+01, cond(Quu)=1.233e+05
    max|Quu|=1.774e+01, cond(Quu)=1.233e+05
    max|Quu|=1.774e+01, cond(Quu)=1.232e+05
    max|Quu|=1.773e+01, cond(Quu)=1.232e+05
    max|Quu|=1.772e+01, cond(Quu)=1.231e+05
    max|Quu|=1.770e+01, cond(Quu)=1.229e+05
    max|Quu|=1.768e+01, cond(Quu)=1.227e+05
    max|Quu|=1.764e+01, cond(Quu)=1.224e+05
    max|Quu|=1.759e+01, cond(Quu)=1.220e+05
    max|Quu|=1.751e+01, cond(Quu)=1.213e+05
    max|Quu|=1.740e+01, cond(Quu)=1.203e+05
    max|Quu|=1.723e+01, cond(Quu)=1.189e+05
    max|Quu|=1.697e+01, cond(Quu)=1.166e+05
    max|Quu|=1.657e+01, cond(Quu)=1.130e+05
    max|Quu|=1.594e+01, cond(Quu)=1.069e+05
    max|Quu|=1.490e+01, cond(Quu)=9.600e+04
    max|Quu|=1.308e+01, cond(Quu)=7.472e+04
    max|Quu|=9.730e+00, cond(Quu)=3.517e+04
    max|Quu|=4.299e+00, cond(Quu)=2.921e+03
    max|Quu|=1.761e+00, cond(Quu)=1.087e+02
    max|Quu|=2.732e+00, cond(Quu)=5.633e+01
    max|Quu|=2.783e+00, cond(Quu)=1.413e+01
    max|Quu|=2.805e+00, cond(Quu)=4.475e+00
    max|Quu|=3.653e+00, cond(Quu)=2.134e+00
    max|Quu|=7.803e+00, cond(Quu)=1.439e+00
    max|Quu|=1.664e+01, cond(Quu)=1.189e+00
    max|Quu|=3.546e+01, cond(Quu)=1.085e+00
    max|Quu|=7.544e+01, cond(Quu)=1.040e+00
    max|Quu|=1.603e+02, cond(Quu)=1.019e+00
    max|Quu|=3.403e+02, cond(Quu)=1.009e+00
    max|Quu|=7.214e+02, cond(Quu)=1.004e+00
    max|Quu|=1.528e+03, cond(Quu)=1.002e+00
    max|Quu|=3.232e+03, cond(Quu)=1.001e+00
    max|Quu|=6.832e+03, cond(Quu)=1.000e+00
    max|Quu|=1.443e+04, cond(Quu)=1.000e+00
    max|Quu|=3.043e+04, cond(Quu)=1.000e+00
    max|Quu|=6.415e+04, cond(Quu)=1.000e+00
    max|Quu|=1.351e+05, cond(Quu)=1.000e+00
    max|Quu|=2.844e+05, cond(Quu)=1.000e+00
    max|Quu|=5.979e+05, cond(Quu)=1.000e+00
    max|Quu|=1.256e+06, cond(Quu)=1.000e+00
    max|Quu|=2.637e+06, cond(Quu)=1.000e+00
    max|Quu|=5.532e+06, cond(Quu)=1.000e+00
    max|Quu|=1.160e+07, cond(Quu)=1.000e+00
    max|Quu|=2.429e+07, cond(Quu)=1.000e+00
    max|Quu|=5.084e+07, cond(Quu)=1.000e+00
    max|Quu|=1.063e+08, cond(Quu)=1.000e+00
    max|Quu|=2.223e+08, cond(Quu)=1.000e+00
    max|Quu|=4.644e+08, cond(Quu)=1.000e+00
    max|Quu|=9.695e+08, cond(Quu)=1.000e+00
    max|Quu|=2.023e+09, cond(Quu)=1.000e+00
    max|Quu|=4.217e+09, cond(Quu)=1.000e+00
    max|Quu|=8.787e+09, cond(Quu)=1.000e+00
    max|Quu|=1.830e+10, cond(Quu)=1.000e+00
    max|Quu|=3.808e+10, cond(Quu)=1.000e+00
    max|Quu|=7.921e+10, cond(Quu)=1.000e+00
    max|Quu|=1.647e+11, cond(Quu)=1.000e+00
    max|Quu|=3.421e+11, cond(Quu)=1.000e+00
    max|Quu|=7.101e+11, cond(Quu)=1.000e+00
    max|Quu|=1.473e+12, cond(Quu)=1.000e+00
    max|Quu|=3.055e+12, cond(Quu)=1.000e+00
    max|Quu|=6.333e+12, cond(Quu)=1.000e+00
    max|Quu|=1.312e+13, cond(Quu)=1.000e+00
    max|Quu|=2.716e+13, cond(Quu)=1.000e+00
    max|Quu|=5.621e+13, cond(Quu)=1.000e+00
    max|Quu|=1.162e+14, cond(Quu)=1.000e+00
    max|Quu|=2.402e+14, cond(Quu)=1.000e+00
    max|Quu|=4.962e+14, cond(Quu)=1.000e+00
    max|Quu|=1.024e+15, cond(Quu)=1.000e+00
    max|Quu|=2.114e+15, cond(Quu)=1.000e+00
    max|Quu|=4.360e+15, cond(Quu)=1.000e+00
    max|Quu|=8.986e+15, cond(Quu)=1.000e+00
    max|Quu|=1.851e+16, cond(Quu)=1.000e+00
    max|Quu|=3.810e+16, cond(Quu)=1.000e+00
    max|Quu|=7.840e+16, cond(Quu)=1.000e+00
    max|Quu|=1.613e+17, cond(Quu)=1.000e+00
    max|Quu|=3.315e+17, cond(Quu)=1.000e+00
    max|Quu|=6.813e+17, cond(Quu)=1.000e+00
    max|Quu|=1.399e+18, cond(Quu)=1.000e+00
    max|Quu|=2.873e+18, cond(Quu)=1.000e+00
    max|Quu|=5.895e+18, cond(Quu)=1.000e+00
    max|Quu|=1.209e+19, cond(Quu)=1.000e+00
    max|Quu|=2.478e+19, cond(Quu)=1.000e+00
    max|Quu|=5.079e+19, cond(Quu)=1.000e+00
    max|Quu|=1.040e+20, cond(Quu)=1.000e+00
    max|Quu|=2.130e+20, cond(Quu)=1.000e+00
    max|Quu|=4.360e+20, cond(Quu)=1.000e+00
    max|Quu|=8.918e+20, cond(Quu)=1.000e+00
    max|Quu|=1.824e+21, cond(Quu)=1.000e+00
    max|Quu|=3.727e+21, cond(Quu)=1.000e+00
    max|Quu|=7.615e+21, cond(Quu)=1.000e+00
    max|Quu|=1.555e+22, cond(Quu)=1.000e+00
    max|Quu|=3.175e+22, cond(Quu)=1.000e+00
    max|Quu|=6.479e+22, cond(Quu)=1.000e+00
    max|Quu|=1.322e+23, cond(Quu)=1.000e+00
    max|Quu|=2.695e+23, cond(Quu)=1.000e+00
    max|Quu|=5.492e+23, cond(Quu)=1.000e+00
    max|Quu|=1.119e+24, cond(Quu)=1.000e+00
    max|Quu|=2.279e+24, cond(Quu)=1.000e+00
    max|Quu|=4.639e+24, cond(Quu)=1.000e+00
    max|Quu|=9.442e+24, cond(Quu)=1.000e+00
    max|Quu|=1.921e+25, cond(Quu)=1.000e+00
    max|Quu|=3.906e+25, cond(Quu)=1.000e+00
    max|Quu|=7.941e+25, cond(Quu)=1.000e+00
    max|Quu|=1.614e+26, cond(Quu)=1.000e+00
    max|Quu|=3.278e+26, cond(Quu)=1.000e+00
    max|Quu|=6.656e+26, cond(Quu)=1.000e+00
    max|Quu|=1.351e+27, cond(Quu)=1.000e+00
    max|Quu|=2.741e+27, cond(Quu)=1.000e+00
    max|Quu|=5.560e+27, cond(Quu)=1.000e+00
    max|Quu|=1.127e+28, cond(Quu)=1.000e+00
    max|Quu|=2.285e+28, cond(Quu)=1.000e+00
    max|Quu|=4.631e+28, cond(Quu)=1.000e+00
    max|Quu|=9.381e+28, cond(Quu)=1.000e+00
    max|Quu|=1.900e+29, cond(Quu)=1.000e+00
    max|Quu|=3.845e+29, cond(Quu)=1.000e+00
    max|Quu|=7.781e+29, cond(Quu)=1.000e+00
    max|Quu|=1.574e+30, cond(Quu)=1.000e+00
    max|Quu|=3.183e+30, cond(Quu)=1.000e+00
    max|Quu|=6.435e+30, cond(Quu)=1.000e+00
    max|Quu|=1.301e+31, cond(Quu)=1.000e+00
    max|Quu|=2.628e+31, cond(Quu)=1.000e+00
    max|Quu|=5.307e+31, cond(Quu)=1.000e+00
    max|Quu|=1.071e+32, cond(Quu)=1.000e+00
    max|Quu|=2.163e+32, cond(Quu)=1.000e+00
    max|Quu|=4.363e+32, cond(Quu)=1.000e+00
    max|Quu|=8.801e+32, cond(Quu)=1.000e+00
    max|Quu|=1.775e+33, cond(Quu)=1.000e+00
    max|Quu|=3.577e+33, cond(Quu)=1.000e+00
    max|Quu|=7.207e+33, cond(Quu)=1.000e+00
    max|Quu|=1.452e+34, cond(Quu)=1.000e+00
    max|Quu|=2.924e+34, cond(Quu)=1.000e+00
    max|Quu|=5.885e+34, cond(Quu)=1.000e+00
    max|Quu|=1.184e+35, cond(Quu)=1.000e+00
    max|Quu|=2.383e+35, cond(Quu)=1.000e+00
    max|Quu|=4.792e+35, cond(Quu)=1.000e+00
    max|Quu|=9.634e+35, cond(Quu)=1.000e+00
    max|Quu|=1.936e+36, cond(Quu)=1.000e+00
    max|Quu|=3.891e+36, cond(Quu)=1.000e+00
    max|Quu|=7.814e+36, cond(Quu)=1.000e+00
    max|Quu|=1.569e+37, cond(Quu)=1.000e+00
    max|Quu|=3.150e+37, cond(Quu)=1.000e+00
    max|Quu|=6.320e+37, cond(Quu)=1.000e+00
    max|Quu|=1.268e+38, cond(Quu)=1.000e+00
    max|Quu|=2.542e+38, cond(Quu)=1.000e+00
    max|Quu|=5.096e+38, cond(Quu)=1.000e+00
    max|Quu|=1.021e+39, cond(Quu)=1.000e+00
    max|Quu|=2.046e+39, cond(Quu)=1.000e+00
    max|Quu|=4.097e+39, cond(Quu)=1.000e+00
    max|Quu|=8.203e+39, cond(Quu)=1.000e+00
    max|Quu|=1.642e+40, cond(Quu)=1.000e+00
    max|Quu|=3.284e+40, cond(Quu)=1.000e+00
    max|Quu|=6.568e+40, cond(Quu)=1.000e+00
    max|Quu|=1.313e+41, cond(Quu)=1.000e+00
    max|Quu|=2.624e+41, cond(Quu)=1.000e+00
    max|Quu|=5.242e+41, cond(Quu)=1.000e+00
    max|Quu|=1.047e+42, cond(Quu)=1.000e+00
    max|Quu|=2.090e+42, cond(Quu)=1.000e+00
    max|Quu|=4.170e+42, cond(Quu)=1.000e+00
    max|Quu|=8.317e+42, cond(Quu)=1.000e+00
    max|Quu|=1.658e+43, cond(Quu)=1.000e+00
    max|Quu|=3.305e+43, cond(Quu)=1.000e+00
    max|Quu|=6.584e+43, cond(Quu)=1.000e+00
    max|Quu|=1.311e+44, cond(Quu)=1.000e+00
    max|Quu|=2.609e+44, cond(Quu)=1.000e+00
    max|Quu|=5.191e+44, cond(Quu)=1.000e+00
    max|Quu|=1.032e+45, cond(Quu)=1.000e+00
    max|Quu|=2.052e+45, cond(Quu)=1.000e+00
    max|Quu|=4.075e+45, cond(Quu)=1.000e+00
    max|Quu|=8.091e+45, cond(Quu)=1.000e+00
    max|Quu|=1.606e+46, cond(Quu)=1.000e+00
    max|Quu|=3.185e+46, cond(Quu)=1.000e+00
    max|Quu|=6.313e+46, cond(Quu)=1.000e+00
    max|Quu|=1.251e+47, cond(Quu)=1.000e+00
    max|Quu|=2.476e+47, cond(Quu)=1.000e+00
    max|Quu|=4.900e+47, cond(Quu)=1.000e+00
    max|Quu|=9.689e+47, cond(Quu)=1.000e+00
    max|Quu|=1.915e+48, cond(Quu)=1.000e+00
    max|Quu|=3.781e+48, cond(Quu)=1.000e+00
    max|Quu|=7.463e+48, cond(Quu)=1.000e+00
    max|Quu|=1.472e+49, cond(Quu)=1.000e+00
    max|Quu|=2.900e+49, cond(Quu)=1.000e+00
    max|Quu|=5.710e+49, cond(Quu)=1.000e+00
    max|Quu|=1.123e+50, cond(Quu)=1.000e+00
    max|Quu|=2.208e+50, cond(Quu)=1.000e+00
    max|Quu|=4.336e+50, cond(Quu)=1.000e+00
    max|Quu|=8.507e+50, cond(Quu)=1.000e+00
    max|Quu|=1.667e+51, cond(Quu)=1.000e+00
    max|Quu|=3.264e+51, cond(Quu)=1.000e+00
    max|Quu|=6.381e+51, cond(Quu)=1.000e+00
    max|Quu|=1.246e+52, cond(Quu)=1.000e+00
    max|Quu|=2.430e+52, cond(Quu)=1.000e+00
    max|Quu|=4.732e+52, cond(Quu)=1.000e+00
    max|Quu|=9.199e+52, cond(Quu)=1.000e+00
    max|Quu|=1.786e+53, cond(Quu)=1.000e+00
    max|Quu|=3.460e+53, cond(Quu)=1.000e+00
    max|Quu|=6.691e+53, cond(Quu)=1.000e+00
    max|Quu|=1.291e+54, cond(Quu)=1.000e+00
    max|Quu|=2.487e+54, cond(Quu)=1.000e+00
    max|Quu|=4.776e+54, cond(Quu)=1.000e+00
    max|Quu|=9.148e+54, cond(Quu)=1.000e+00
    max|Quu|=1.746e+55, cond(Quu)=1.000e+00
    max|Quu|=3.322e+55, cond(Quu)=1.000e+00
    max|Quu|=6.294e+55, cond(Quu)=1.000e+00
    max|Quu|=1.187e+56, cond(Quu)=1.000e+00
    max|Quu|=2.228e+56, cond(Quu)=1.000e+00
    max|Quu|=4.157e+56, cond(Quu)=1.000e+00
    max|Quu|=7.705e+56, cond(Quu)=1.000e+00
    max|Quu|=1.416e+57, cond(Quu)=1.000e+00
    max|Quu|=2.579e+57, cond(Quu)=1.000e+00
    max|Quu|=4.636e+57, cond(Quu)=1.000e+00
    max|Quu|=8.199e+57, cond(Quu)=1.000e+00
    max|Quu|=1.422e+58, cond(Quu)=1.000e+00
    max|Quu|=2.399e+58, cond(Quu)=1.000e+00
    max|Quu|=3.893e+58, cond(Quu)=1.000e+00
    max|Quu|=5.942e+58, cond(Quu)=1.000e+00
    max|Quu|=8.106e+58, cond(Quu)=1.000e+00
    max|Quu|=8.450e+58, cond(Quu)=1.000e+00
    max|Quu|=1.138e+58, cond(Quu)=1.000e+00
    max|Quu|=2.974e+59, cond(Quu)=1.000e+00
    max|Quu|=1.245e+60, cond(Quu)=1.000e+00
    max|Quu|=3.811e+60, cond(Quu)=1.000e+00
    max|Quu|=1.031e+61, cond(Quu)=1.000e+00
    max|Quu|=2.613e+61, cond(Quu)=1.000e+00
    max|Quu|=6.354e+61, cond(Quu)=1.000e+00
    max|Quu|=1.499e+62, cond(Quu)=1.000e+00
    max|Quu|=3.462e+62, cond(Quu)=1.000e+00
    max|Quu|=7.862e+62, cond(Quu)=1.000e+00
    max|Quu|=1.763e+63, cond(Quu)=1.000e+00
    max|Quu|=3.911e+63, cond(Quu)=1.000e+00
    max|Quu|=8.603e+63, cond(Quu)=1.000e+00
    max|Quu|=1.879e+64, cond(Quu)=1.000e+00
    max|Quu|=4.079e+64, cond(Quu)=1.000e+00
    max|Quu|=8.807e+64, cond(Quu)=1.000e+00
    max|Quu|=1.893e+65, cond(Quu)=1.000e+00
    max|Quu|=4.053e+65, cond(Quu)=1.000e+00
    max|Quu|=8.648e+65, cond(Quu)=1.000e+00
    max|Quu|=1.840e+66, cond(Quu)=1.000e+00
    max|Quu|=3.902e+66, cond(Quu)=1.000e+00
    max|Quu|=8.257e+66, cond(Quu)=1.000e+00
    max|Quu|=1.743e+67, cond(Quu)=1.000e+00
    max|Quu|=3.673e+67, cond(Quu)=1.000e+00
    max|Quu|=7.722e+67, cond(Quu)=1.000e+00
    max|Quu|=1.620e+68, cond(Quu)=1.000e+00
    max|Quu|=3.392e+68, cond(Quu)=1.000e+00
    max|Quu|=7.093e+68, cond(Quu)=1.000e+00
    max|Quu|=1.481e+69, cond(Quu)=1.000e+00
    max|Quu|=3.089e+69, cond(Quu)=1.000e+00
    max|Quu|=6.433e+69, cond(Quu)=1.000e+00
    max|Quu|=1.338e+70, cond(Quu)=1.000e+00
    max|Quu|=2.780e+70, cond(Quu)=1.000e+00
    max|Quu|=5.767e+70, cond(Quu)=1.000e+00
    max|Quu|=1.195e+71, cond(Quu)=1.000e+00
    max|Quu|=2.474e+71, cond(Quu)=1.000e+00
    max|Quu|=5.117e+71, cond(Quu)=1.000e+00
    max|Quu|=1.057e+72, cond(Quu)=1.000e+00
    max|Quu|=2.183e+72, cond(Quu)=1.000e+00
    max|Quu|=4.505e+72, cond(Quu)=1.000e+00
    max|Quu|=9.286e+72, cond(Quu)=1.000e+00
    max|Quu|=1.913e+73, cond(Quu)=1.000e+00
    max|Quu|=3.937e+73, cond(Quu)=1.000e+00
    max|Quu|=8.095e+73, cond(Quu)=1.000e+00
    max|Quu|=1.663e+74, cond(Quu)=1.000e+00
    max|Quu|=3.415e+74, cond(Quu)=1.000e+00
    max|Quu|=7.009e+74, cond(Quu)=1.000e+00
    max|Quu|=1.437e+75, cond(Quu)=1.000e+00
    max|Quu|=2.946e+75, cond(Quu)=1.000e+00
    max|Quu|=6.036e+75, cond(Quu)=1.000e+00
    max|Quu|=1.236e+76, cond(Quu)=1.000e+00
    max|Quu|=2.529e+76, cond(Quu)=1.000e+00
    max|Quu|=5.173e+76, cond(Quu)=1.000e+00
    max|Quu|=1.058e+77, cond(Quu)=1.000e+00
    max|Quu|=2.161e+77, cond(Quu)=1.000e+00
    max|Quu|=4.414e+77, cond(Quu)=1.000e+00
    max|Quu|=9.012e+77, cond(Quu)=1.000e+00
    max|Quu|=1.839e+78, cond(Quu)=1.000e+00
    max|Quu|=3.752e+78, cond(Quu)=1.000e+00
    max|Quu|=7.651e+78, cond(Quu)=1.000e+00
    max|Quu|=1.560e+79, cond(Quu)=1.000e+00
    max|Quu|=3.178e+79, cond(Quu)=1.000e+00
    max|Quu|=6.473e+79, cond(Quu)=1.000e+00
    max|Quu|=1.318e+80, cond(Quu)=1.000e+00
    max|Quu|=2.683e+80, cond(Quu)=1.000e+00
    max|Quu|=5.459e+80, cond(Quu)=1.000e+00
    max|Quu|=1.111e+81, cond(Quu)=1.000e+00
    max|Quu|=2.258e+81, cond(Quu)=1.000e+00
    max|Quu|=4.591e+81, cond(Quu)=1.000e+00
    max|Quu|=9.332e+81, cond(Quu)=1.000e+00
    max|Quu|=1.896e+82, cond(Quu)=1.000e+00
    max|Quu|=3.852e+82, cond(Quu)=1.000e+00
    max|Quu|=7.822e+82, cond(Quu)=1.000e+00
    max|Quu|=1.588e+83, cond(Quu)=1.000e+00
    max|Quu|=3.223e+83, cond(Quu)=1.000e+00
    max|Quu|=6.541e+83, cond(Quu)=1.000e+00
    max|Quu|=1.327e+84, cond(Quu)=1.000e+00
    max|Quu|=2.692e+84, cond(Quu)=1.000e+00
    max|Quu|=5.458e+84, cond(Quu)=1.000e+00
    max|Quu|=1.107e+85, cond(Quu)=1.000e+00
    max|Quu|=2.243e+85, cond(Quu)=1.000e+00
    max|Quu|=4.546e+85, cond(Quu)=1.000e+00
    max|Quu|=9.210e+85, cond(Quu)=1.000e+00
    max|Quu|=1.866e+86, cond(Quu)=1.000e+00
    max|Quu|=3.779e+86, cond(Quu)=1.000e+00
    max|Quu|=7.652e+86, cond(Quu)=1.000e+00
    max|Quu|=1.549e+87, cond(Quu)=1.000e+00
    max|Quu|=3.137e+87, cond(Quu)=1.000e+00
    max|Quu|=6.350e+87, cond(Quu)=1.000e+00
    max|Quu|=1.285e+88, cond(Quu)=1.000e+00
    max|Quu|=2.601e+88, cond(Quu)=1.000e+00
    max|Quu|=5.263e+88, cond(Quu)=1.000e+00
    max|Quu|=1.065e+89, cond(Quu)=1.000e+00
    max|Quu|=2.154e+89, cond(Quu)=1.000e+00
    max|Quu|=4.356e+89, cond(Quu)=1.000e+00
    max|Quu|=8.809e+89, cond(Quu)=1.000e+00
    max|Quu|=1.781e+90, cond(Quu)=1.000e+00
    max|Quu|=3.601e+90, cond(Quu)=1.000e+00
    max|Quu|=7.278e+90, cond(Quu)=1.000e+00
    max|Quu|=1.471e+91, cond(Quu)=1.000e+00
    max|Quu|=2.973e+91, cond(Quu)=1.000e+00
    max|Quu|=6.009e+91, cond(Quu)=1.000e+00
    max|Quu|=1.214e+92, cond(Quu)=1.000e+00
    max|Quu|=2.454e+92, cond(Quu)=1.000e+00
    max|Quu|=4.957e+92, cond(Quu)=1.000e+00
    max|Quu|=1.001e+93, cond(Quu)=1.000e+00
    max|Quu|=2.023e+93, cond(Quu)=1.000e+00
    max|Quu|=4.086e+93, cond(Quu)=1.000e+00
    max|Quu|=8.252e+93, cond(Quu)=1.000e+00
    max|Quu|=1.666e+94, cond(Quu)=1.000e+00
    max|Quu|=3.365e+94, cond(Quu)=1.000e+00
    max|Quu|=6.794e+94, cond(Quu)=1.000e+00
    max|Quu|=1.372e+95, cond(Quu)=1.000e+00
    max|Quu|=2.770e+95, cond(Quu)=1.000e+00
    max|Quu|=5.591e+95, cond(Quu)=1.000e+00
    max|Quu|=1.129e+96, cond(Quu)=1.000e+00
    max|Quu|=2.279e+96, cond(Quu)=1.000e+00
    max|Quu|=4.600e+96, cond(Quu)=1.000e+00
    max|Quu|=9.287e+96, cond(Quu)=1.000e+00
    max|Quu|=1.875e+97, cond(Quu)=1.000e+00
    max|Quu|=3.785e+97, cond(Quu)=1.000e+00
    max|Quu|=7.641e+97, cond(Quu)=1.000e+00
    max|Quu|=1.543e+98, cond(Quu)=1.000e+00
    max|Quu|=3.114e+98, cond(Quu)=1.000e+00
    max|Quu|=6.287e+98, cond(Quu)=1.000e+00
    max|Quu|=1.269e+99, cond(Quu)=1.000e+00
    max|Quu|=2.561e+99, cond(Quu)=1.000e+00
    max|Quu|=5.171e+99, cond(Quu)=1.000e+00
    max|Quu|=1.044e+100, cond(Quu)=1.000e+00
    max|Quu|=2.107e+100, cond(Quu)=1.000e+00
    max|Quu|=4.254e+100, cond(Quu)=1.000e+00
    max|Quu|=8.587e+100, cond(Quu)=1.000e+00
    max|Quu|=1.734e+101, cond(Quu)=1.000e+00
    max|Quu|=3.500e+101, cond(Quu)=1.000e+00
    max|Quu|=7.066e+101, cond(Quu)=1.000e+00
    max|Quu|=1.427e+102, cond(Quu)=1.000e+00
    max|Quu|=2.880e+102, cond(Quu)=1.000e+00
    max|Quu|=5.816e+102, cond(Quu)=1.000e+00
    max|Quu|=1.174e+103, cond(Quu)=1.000e+00
    max|Quu|=2.371e+103, cond(Quu)=1.000e+00
    max|Quu|=4.786e+103, cond(Quu)=1.000e+00
    max|Quu|=9.663e+103, cond(Quu)=1.000e+00
    max|Quu|=1.951e+104, cond(Quu)=1.000e+00
    max|Quu|=3.939e+104, cond(Quu)=1.000e+00
    max|Quu|=7.953e+104, cond(Quu)=1.000e+00
    max|Quu|=1.606e+105, cond(Quu)=1.000e+00
    max|Quu|=3.243e+105, cond(Quu)=1.000e+00
    max|Quu|=6.548e+105, cond(Quu)=1.000e+00
    max|Quu|=1.322e+106, cond(Quu)=1.000e+00
    max|Quu|=2.670e+106, cond(Quu)=1.000e+00
    max|Quu|=5.392e+106, cond(Quu)=1.000e+00
    max|Quu|=1.089e+107, cond(Quu)=1.000e+00
    max|Quu|=2.199e+107, cond(Quu)=1.000e+00
    max|Quu|=4.441e+107, cond(Quu)=1.000e+00
    max|Quu|=8.969e+107, cond(Quu)=1.000e+00
    max|Quu|=1.811e+108, cond(Quu)=1.000e+00
    max|Quu|=3.659e+108, cond(Quu)=1.000e+00
    max|Quu|=7.389e+108, cond(Quu)=1.000e+00
    max|Quu|=1.492e+109, cond(Quu)=1.000e+00
    max|Quu|=3.014e+109, cond(Quu)=1.000e+00
    max|Quu|=6.088e+109, cond(Quu)=1.000e+00
    max|Quu|=1.230e+110, cond(Quu)=1.000e+00
    max|Quu|=2.484e+110, cond(Quu)=1.000e+00
    max|Quu|=5.017e+110, cond(Quu)=1.000e+00
    max|Quu|=1.013e+111, cond(Quu)=1.000e+00
    max|Quu|=2.047e+111, cond(Quu)=1.000e+00
    max|Quu|=4.135e+111, cond(Quu)=1.000e+00
    max|Quu|=8.353e+111, cond(Quu)=1.000e+00
    max|Quu|=1.687e+112, cond(Quu)=1.000e+00
    max|Quu|=3.408e+112, cond(Quu)=1.000e+00
    max|Quu|=6.885e+112, cond(Quu)=1.000e+00
    max|Quu|=1.391e+113, cond(Quu)=1.000e+00
    max|Quu|=2.809e+113, cond(Quu)=1.000e+00
    max|Quu|=5.675e+113, cond(Quu)=1.000e+00
    max|Quu|=1.146e+114, cond(Quu)=1.000e+00
    max|Quu|=2.316e+114, cond(Quu)=1.000e+00
    max|Quu|=4.677e+114, cond(Quu)=1.000e+00
    max|Quu|=9.448e+114, cond(Quu)=1.000e+00
    max|Quu|=1.908e+115, cond(Quu)=1.000e+00
    max|Quu|=3.855e+115, cond(Quu)=1.000e+00
    max|Quu|=7.787e+115, cond(Quu)=1.000e+00
    max|Quu|=1.573e+116, cond(Quu)=1.000e+00
    max|Quu|=3.177e+116, cond(Quu)=1.000e+00
    max|Quu|=6.417e+116, cond(Quu)=1.000e+00
    max|Quu|=1.296e+117, cond(Quu)=1.000e+00
    max|Quu|=2.619e+117, cond(Quu)=1.000e+00
    max|Quu|=5.289e+117, cond(Quu)=1.000e+00
    max|Quu|=1.068e+118, cond(Quu)=1.000e+00
    max|Quu|=2.157e+118, cond(Quu)=1.000e+00
    max|Quu|=4.357e+118, cond(Quu)=1.000e+00
    max|Quu|=8.799e+118, cond(Quu)=1.000e+00
    max|Quu|=1.777e+119, cond(Quu)=1.000e+00
    max|Quu|=3.588e+119, cond(Quu)=1.000e+00
    max|Quu|=7.245e+119, cond(Quu)=1.000e+00
    max|Quu|=1.463e+120, cond(Quu)=1.000e+00
    max|Quu|=2.954e+120, cond(Quu)=1.000e+00
    max|Quu|=5.963e+120, cond(Quu)=1.000e+00
    max|Quu|=1.204e+121, cond(Quu)=1.000e+00
    max|Quu|=2.430e+121, cond(Quu)=1.000e+00
    max|Quu|=4.905e+121, cond(Quu)=1.000e+00
    max|Quu|=9.899e+121, cond(Quu)=1.000e+00
    max|Quu|=1.998e+122, cond(Quu)=1.000e+00
    max|Quu|=4.031e+122, cond(Quu)=1.000e+00
    max|Quu|=8.133e+122, cond(Quu)=1.000e+00
    max|Quu|=1.641e+123, cond(Quu)=1.000e+00
    max|Quu|=3.310e+123, cond(Quu)=1.000e+00
    max|Quu|=6.675e+123, cond(Quu)=1.000e+00
    max|Quu|=1.346e+124, cond(Quu)=1.000e+00
    max|Quu|=2.715e+124, cond(Quu)=1.000e+00
    max|Quu|=5.474e+124, cond(Quu)=1.000e+00
    max|Quu|=1.104e+125, cond(Quu)=1.000e+00
    max|Quu|=2.225e+125, cond(Quu)=1.000e+00
    max|Quu|=4.486e+125, cond(Quu)=1.000e+00
    max|Quu|=9.044e+125, cond(Quu)=1.000e+00
    max|Quu|=1.823e+126, cond(Quu)=1.000e+00
    max|Quu|=3.675e+126, cond(Quu)=1.000e+00
    max|Quu|=7.409e+126, cond(Quu)=1.000e+00
    max|Quu|=1.493e+127, cond(Quu)=1.000e+00
    max|Quu|=3.010e+127, cond(Quu)=1.000e+00
    max|Quu|=6.068e+127, cond(Quu)=1.000e+00
    max|Quu|=1.223e+128, cond(Quu)=1.000e+00
    max|Quu|=2.465e+128, cond(Quu)=1.000e+00
    max|Quu|=4.967e+128, cond(Quu)=1.000e+00
    max|Quu|=1.001e+129, cond(Quu)=1.000e+00
    max|Quu|=2.018e+129, cond(Quu)=1.000e+00
    max|Quu|=4.067e+129, cond(Quu)=1.000e+00
    max|Quu|=8.196e+129, cond(Quu)=1.000e+00
    max|Quu|=1.652e+130, cond(Quu)=1.000e+00
    max|Quu|=3.328e+130, cond(Quu)=1.000e+00
    max|Quu|=6.707e+130, cond(Quu)=1.000e+00
    max|Quu|=1.352e+131, cond(Quu)=1.000e+00
    max|Quu|=2.724e+131, cond(Quu)=1.000e+00
    max|Quu|=5.489e+131, cond(Quu)=1.000e+00
    max|Quu|=1.106e+132, cond(Quu)=1.000e+00
    max|Quu|=2.229e+132, cond(Quu)=1.000e+00
    max|Quu|=4.491e+132, cond(Quu)=1.000e+00
    max|Quu|=9.048e+132, cond(Quu)=1.000e+00
    max|Quu|=1.823e+133, cond(Quu)=1.000e+00
    max|Quu|=3.673e+133, cond(Quu)=1.000e+00
    max|Quu|=7.402e+133, cond(Quu)=1.000e+00
    max|Quu|=1.491e+134, cond(Quu)=1.000e+00
    max|Quu|=3.005e+134, cond(Quu)=1.000e+00
    max|Quu|=6.053e+134, cond(Quu)=1.000e+00
    max|Quu|=1.219e+135, cond(Quu)=1.000e+00
    max|Quu|=2.457e+135, cond(Quu)=1.000e+00
    max|Quu|=4.949e+135, cond(Quu)=1.000e+00
    max|Quu|=9.968e+135, cond(Quu)=1.000e+00
    max|Quu|=2.008e+136, cond(Quu)=1.000e+00
    max|Quu|=4.044e+136, cond(Quu)=1.000e+00
    max|Quu|=8.146e+136, cond(Quu)=1.000e+00
    max|Quu|=1.641e+137, cond(Quu)=1.000e+00
    max|Quu|=3.305e+137, cond(Quu)=1.000e+00
    max|Quu|=6.656e+137, cond(Quu)=1.000e+00
    max|Quu|=1.340e+138, cond(Quu)=1.000e+00
    max|Quu|=2.699e+138, cond(Quu)=1.000e+00
    max|Quu|=5.436e+138, cond(Quu)=1.000e+00
    max|Quu|=1.095e+139, cond(Quu)=1.000e+00
    max|Quu|=2.204e+139, cond(Quu)=1.000e+00
    max|Quu|=4.437e+139, cond(Quu)=1.000e+00
    max|Quu|=8.933e+139, cond(Quu)=1.000e+00
    max|Quu|=1.798e+140, cond(Quu)=1.000e+00
    max|Quu|=3.620e+140, cond(Quu)=1.000e+00
    max|Quu|=7.288e+140, cond(Quu)=1.000e+00
    max|Quu|=1.467e+141, cond(Quu)=1.000e+00
    max|Quu|=2.953e+141, cond(Quu)=1.000e+00
    max|Quu|=5.943e+141, cond(Quu)=1.000e+00
    max|Quu|=1.196e+142, cond(Quu)=1.000e+00
    max|Quu|=2.407e+142, cond(Quu)=1.000e+00
    max|Quu|=4.844e+142, cond(Quu)=1.000e+00
    max|Quu|=9.749e+142, cond(Quu)=1.000e+00
    max|Quu|=1.962e+143, cond(Quu)=1.000e+00
    max|Quu|=3.947e+143, cond(Quu)=1.000e+00
    max|Quu|=7.942e+143, cond(Quu)=1.000e+00
    max|Quu|=1.598e+144, cond(Quu)=1.000e+00
    max|Quu|=3.215e+144, cond(Quu)=1.000e+00
    max|Quu|=6.468e+144, cond(Quu)=1.000e+00
    max|Quu|=1.301e+145, cond(Quu)=1.000e+00
    max|Quu|=2.617e+145, cond(Quu)=1.000e+00
    max|Quu|=5.265e+145, cond(Quu)=1.000e+00
    max|Quu|=1.059e+146, cond(Quu)=1.000e+00
    max|Quu|=2.130e+146, cond(Quu)=1.000e+00
    max|Quu|=4.284e+146, cond(Quu)=1.000e+00
    max|Quu|=8.616e+146, cond(Quu)=1.000e+00
    max|Quu|=1.733e+147, cond(Quu)=1.000e+00
    max|Quu|=3.485e+147, cond(Quu)=1.000e+00
    max|Quu|=7.008e+147, cond(Quu)=1.000e+00
    max|Quu|=1.409e+148, cond(Quu)=1.000e+00
    max|Quu|=2.834e+148, cond(Quu)=1.000e+00
    max|Quu|=5.698e+148, cond(Quu)=1.000e+00
    max|Quu|=1.146e+149, cond(Quu)=1.000e+00
    max|Quu|=2.303e+149, cond(Quu)=1.000e+00
    max|Quu|=4.631e+149, cond(Quu)=1.000e+00
    max|Quu|=9.312e+149, cond(Quu)=1.000e+00
    max|Quu|=1.872e+150, cond(Quu)=1.000e+00
    max|Quu|=3.764e+150, cond(Quu)=1.000e+00
    max|Quu|=7.568e+150, cond(Quu)=1.000e+00
    max|Quu|=1.522e+151, cond(Quu)=1.000e+00
    max|Quu|=3.059e+151, cond(Quu)=1.000e+00
    max|Quu|=6.151e+151, cond(Quu)=1.000e+00
    max|Quu|=1.237e+152, cond(Quu)=1.000e+00
    max|Quu|=2.486e+152, cond(Quu)=1.000e+00
    max|Quu|=4.998e+152, cond(Quu)=1.000e+00
    max|Quu|=1.005e+153, cond(Quu)=1.000e+00
    max|Quu|=2.020e+153, cond(Quu)=1.000e+00
    max|Quu|=4.062e+153, cond(Quu)=1.000e+00
    max|Quu|=8.166e+153, cond(Quu)=1.000e+00
    max|Quu|=1.642e+154, cond(Quu)=1.000e+00
    max|Quu|=3.301e+154, cond(Quu)=1.000e+00
    max|Quu|=6.635e+154, cond(Quu)=1.000e+00
    max|Quu|=1.334e+155, cond(Quu)=1.000e+00
    max|Quu|=2.682e+155, cond(Quu)=1.000e+00
    max|Quu|=5.392e+155, cond(Quu)=1.000e+00
    max|Quu|=1.084e+156, cond(Quu)=1.000e+00
    max|Quu|=2.179e+156, cond(Quu)=1.000e+00
    max|Quu|=4.381e+156, cond(Quu)=1.000e+00
    max|Quu|=8.808e+156, cond(Quu)=1.000e+00
    max|Quu|=1.771e+157, cond(Quu)=1.000e+00
    max|Quu|=3.560e+157, cond(Quu)=1.000e+00
    max|Quu|=7.157e+157, cond(Quu)=1.000e+00
    max|Quu|=1.439e+158, cond(Quu)=1.000e+00
    max|Quu|=2.893e+158, cond(Quu)=1.000e+00
    max|Quu|=5.816e+158, cond(Quu)=1.000e+00
    max|Quu|=1.169e+159, cond(Quu)=1.000e+00
    max|Quu|=2.351e+159, cond(Quu)=1.000e+00
Measured previous rollout {"cost": 674.3310486840763, "position_rmse": 0.34240626722866335}
Defect construction {"mean_absolute": 0.01650013947990481, "max_absolute": 0.5918850163477101, "max_timestep": 2, "max_state_dimension": 6, "max_state_name": "wheel_speed", "per_state_max_absolute": [0.011257226669940001, 0.01141881438783754, 0.007812218397245996, 0.030166971951066573, 0.07361394134535233, 0.1070039072020339, 0.5918850163477101, 7.105427357601002e-15, 5.551115123125783e-17]}
Defect reconstruction {"mean_absolute": 2.4116061444646315e-16, "max_absolute": 1.7763568394002505e-15, "max_timestep": 175, "max_state_dimension": 1, "max_state_name": "y", "per_state_max_absolute": [8.881784197001252e-16, 1.7763568394002505e-15, 4.440892098500626e-16, 4.336808689942018e-19, 2.168404344971009e-19, 1.3877787807814457e-17, 5.551115123125783e-17, 0.0, 0.0]}
alpha=0 max |U_forward - U_old|: 2.257860565180181e-12
Unchanged control baseline {"unchanged_defect": {"cost": 674.3310486840753, "position_rmse": 0.34240626722866296}, "unchanged_nominal": {"cost": 20623.500544495793, "position_rmse": 2.2294979654848386}}
Alpha candidate {"alpha": 0.5, "defect": {"cost": 537.5175744976754, "position_rmse": 0.295015409122264}, "nominal": {"cost": 20773.53028932945, "position_rmse": 2.2424036510064287}, "defect_improvement": 136.81347418639996, "nominal_improvement": -150.02974483365688}
Final selection {"status": "ACCEPT", "alpha": 0.5, "cost": 537.5175744976754, "reason": "Strictly lower defect-aware cost than unchanged-control prediction"}
STOP: candidate prepared; no actual rollout executed.
TRIAL {"trial": 4, "cost": 674.3310486840763, "position_rmse": 0.34240626722866335, "lateness_max": 0.002201006998802768, "rate_hz": 39.99929371886904, "period_ms_min": 23.42101500107674, "period_ms_max": 26.583356000628555, "selection": "ACCEPT", "update_seconds": 3.549558476999664, "retries": 0}
Reset succeeded: [0. 0. 0. 0. 0. 0.]
    max|Quu|=1.000e+01, cond(Quu)=1.000e+05
    max|Quu|=1.313e+01, cond(Quu)=1.200e+05
    max|Quu|=1.551e+01, cond(Quu)=1.314e+05
    max|Quu|=1.668e+01, cond(Quu)=1.336e+05
    max|Quu|=1.713e+01, cond(Quu)=1.323e+05
    max|Quu|=1.729e+01, cond(Quu)=1.305e+05
    max|Quu|=1.734e+01, cond(Quu)=1.292e+05
    max|Quu|=1.736e+01, cond(Quu)=1.283e+05
    max|Quu|=1.737e+01, cond(Quu)=1.277e+05
    max|Quu|=1.737e+01, cond(Quu)=1.273e+05
    max|Quu|=1.737e+01, cond(Quu)=1.270e+05
    max|Quu|=1.737e+01, cond(Quu)=1.268e+05
    max|Quu|=1.737e+01, cond(Quu)=1.266e+05
    max|Quu|=1.737e+01, cond(Quu)=1.264e+05
    max|Quu|=1.737e+01, cond(Quu)=1.262e+05
    max|Quu|=1.737e+01, cond(Quu)=1.260e+05
    max|Quu|=1.737e+01, cond(Quu)=1.258e+05
    max|Quu|=1.737e+01, cond(Quu)=1.256e+05
    max|Quu|=1.737e+01, cond(Quu)=1.253e+05
    max|Quu|=1.737e+01, cond(Quu)=1.251e+05
    max|Quu|=1.737e+01, cond(Quu)=1.249e+05
    max|Quu|=1.737e+01, cond(Quu)=1.247e+05
    max|Quu|=1.737e+01, cond(Quu)=1.245e+05
    max|Quu|=1.737e+01, cond(Quu)=1.242e+05
    max|Quu|=1.737e+01, cond(Quu)=1.240e+05
    max|Quu|=1.737e+01, cond(Quu)=1.238e+05
    max|Quu|=1.737e+01, cond(Quu)=1.236e+05
    max|Quu|=1.737e+01, cond(Quu)=1.233e+05
    max|Quu|=1.737e+01, cond(Quu)=1.231e+05
    max|Quu|=1.737e+01, cond(Quu)=1.229e+05
    max|Quu|=1.737e+01, cond(Quu)=1.228e+05
    max|Quu|=1.738e+01, cond(Quu)=1.226e+05
    max|Quu|=1.738e+01, cond(Quu)=1.225e+05
    max|Quu|=1.738e+01, cond(Quu)=1.223e+05
    max|Quu|=1.738e+01, cond(Quu)=1.222e+05
    max|Quu|=1.738e+01, cond(Quu)=1.221e+05
    max|Quu|=1.738e+01, cond(Quu)=1.220e+05
    max|Quu|=1.738e+01, cond(Quu)=1.219e+05
    max|Quu|=1.738e+01, cond(Quu)=1.218e+05
    max|Quu|=1.739e+01, cond(Quu)=1.217e+05
    max|Quu|=1.739e+01, cond(Quu)=1.217e+05
    max|Quu|=1.739e+01, cond(Quu)=1.216e+05
    max|Quu|=1.739e+01, cond(Quu)=1.216e+05
    max|Quu|=1.739e+01, cond(Quu)=1.215e+05
    max|Quu|=1.740e+01, cond(Quu)=1.215e+05
    max|Quu|=1.740e+01, cond(Quu)=1.214e+05
    max|Quu|=1.740e+01, cond(Quu)=1.214e+05
    max|Quu|=1.741e+01, cond(Quu)=1.214e+05
    max|Quu|=1.741e+01, cond(Quu)=1.214e+05
    max|Quu|=1.741e+01, cond(Quu)=1.213e+05
    max|Quu|=1.742e+01, cond(Quu)=1.213e+05
    max|Quu|=1.742e+01, cond(Quu)=1.213e+05
    max|Quu|=1.743e+01, cond(Quu)=1.213e+05
    max|Quu|=1.743e+01, cond(Quu)=1.213e+05
    max|Quu|=1.743e+01, cond(Quu)=1.213e+05
    max|Quu|=1.744e+01, cond(Quu)=1.213e+05
    max|Quu|=1.744e+01, cond(Quu)=1.213e+05
    max|Quu|=1.745e+01, cond(Quu)=1.213e+05
    max|Quu|=1.745e+01, cond(Quu)=1.214e+05
    max|Quu|=1.746e+01, cond(Quu)=1.214e+05
    max|Quu|=1.747e+01, cond(Quu)=1.214e+05
    max|Quu|=1.747e+01, cond(Quu)=1.214e+05
    max|Quu|=1.748e+01, cond(Quu)=1.214e+05
    max|Quu|=1.748e+01, cond(Quu)=1.215e+05
    max|Quu|=1.749e+01, cond(Quu)=1.215e+05
    max|Quu|=1.749e+01, cond(Quu)=1.215e+05
    max|Quu|=1.750e+01, cond(Quu)=1.215e+05
    max|Quu|=1.751e+01, cond(Quu)=1.216e+05
    max|Quu|=1.751e+01, cond(Quu)=1.216e+05
    max|Quu|=1.752e+01, cond(Quu)=1.216e+05
    max|Quu|=1.752e+01, cond(Quu)=1.216e+05
    max|Quu|=1.753e+01, cond(Quu)=1.217e+05
    max|Quu|=1.754e+01, cond(Quu)=1.217e+05
    max|Quu|=1.754e+01, cond(Quu)=1.217e+05
    max|Quu|=1.755e+01, cond(Quu)=1.218e+05
    max|Quu|=1.755e+01, cond(Quu)=1.218e+05
    max|Quu|=1.756e+01, cond(Quu)=1.218e+05
    max|Quu|=1.757e+01, cond(Quu)=1.219e+05
    max|Quu|=1.757e+01, cond(Quu)=1.219e+05
    max|Quu|=1.758e+01, cond(Quu)=1.219e+05
    max|Quu|=1.759e+01, cond(Quu)=1.220e+05
    max|Quu|=1.759e+01, cond(Quu)=1.220e+05
    max|Quu|=1.760e+01, cond(Quu)=1.220e+05
    max|Quu|=1.760e+01, cond(Quu)=1.221e+05
    max|Quu|=1.761e+01, cond(Quu)=1.221e+05
    max|Quu|=1.761e+01, cond(Quu)=1.221e+05
    max|Quu|=1.762e+01, cond(Quu)=1.221e+05
    max|Quu|=1.762e+01, cond(Quu)=1.222e+05
    max|Quu|=1.763e+01, cond(Quu)=1.222e+05
    max|Quu|=1.763e+01, cond(Quu)=1.222e+05
    max|Quu|=1.764e+01, cond(Quu)=1.222e+05
    max|Quu|=1.764e+01, cond(Quu)=1.222e+05
    max|Quu|=1.764e+01, cond(Quu)=1.222e+05
    max|Quu|=1.765e+01, cond(Quu)=1.222e+05
    max|Quu|=1.765e+01, cond(Quu)=1.222e+05
    max|Quu|=1.766e+01, cond(Quu)=1.222e+05
    max|Quu|=1.766e+01, cond(Quu)=1.222e+05
    max|Quu|=1.766e+01, cond(Quu)=1.222e+05
    max|Quu|=1.766e+01, cond(Quu)=1.222e+05
    max|Quu|=1.766e+01, cond(Quu)=1.222e+05
    max|Quu|=1.767e+01, cond(Quu)=1.221e+05
    max|Quu|=1.767e+01, cond(Quu)=1.221e+05
    max|Quu|=1.767e+01, cond(Quu)=1.221e+05
    max|Quu|=1.767e+01, cond(Quu)=1.220e+05
    max|Quu|=1.766e+01, cond(Quu)=1.220e+05
    max|Quu|=1.766e+01, cond(Quu)=1.219e+05
    max|Quu|=1.766e+01, cond(Quu)=1.218e+05
    max|Quu|=1.766e+01, cond(Quu)=1.218e+05
    max|Quu|=1.766e+01, cond(Quu)=1.217e+05
    max|Quu|=1.766e+01, cond(Quu)=1.217e+05
    max|Quu|=1.766e+01, cond(Quu)=1.217e+05
    max|Quu|=1.766e+01, cond(Quu)=1.216e+05
    max|Quu|=1.765e+01, cond(Quu)=1.216e+05
    max|Quu|=1.765e+01, cond(Quu)=1.215e+05
    max|Quu|=1.765e+01, cond(Quu)=1.215e+05
    max|Quu|=1.765e+01, cond(Quu)=1.215e+05
    max|Quu|=1.764e+01, cond(Quu)=1.214e+05
    max|Quu|=1.764e+01, cond(Quu)=1.214e+05
    max|Quu|=1.763e+01, cond(Quu)=1.214e+05
    max|Quu|=1.763e+01, cond(Quu)=1.214e+05
    max|Quu|=1.763e+01, cond(Quu)=1.215e+05
    max|Quu|=1.764e+01, cond(Quu)=1.216e+05
    max|Quu|=1.764e+01, cond(Quu)=1.217e+05
    max|Quu|=1.763e+01, cond(Quu)=1.218e+05
    max|Quu|=1.763e+01, cond(Quu)=1.218e+05
    max|Quu|=1.763e+01, cond(Quu)=1.219e+05
    max|Quu|=1.763e+01, cond(Quu)=1.220e+05
    max|Quu|=1.763e+01, cond(Quu)=1.221e+05
    max|Quu|=1.763e+01, cond(Quu)=1.222e+05
    max|Quu|=1.763e+01, cond(Quu)=1.222e+05
    max|Quu|=1.763e+01, cond(Quu)=1.223e+05
    max|Quu|=1.763e+01, cond(Quu)=1.224e+05
    max|Quu|=1.763e+01, cond(Quu)=1.224e+05
    max|Quu|=1.763e+01, cond(Quu)=1.225e+05
    max|Quu|=1.763e+01, cond(Quu)=1.225e+05
    max|Quu|=1.763e+01, cond(Quu)=1.226e+05
    max|Quu|=1.763e+01, cond(Quu)=1.226e+05
    max|Quu|=1.763e+01, cond(Quu)=1.226e+05
    max|Quu|=1.763e+01, cond(Quu)=1.226e+05
    max|Quu|=1.763e+01, cond(Quu)=1.227e+05
    max|Quu|=1.763e+01, cond(Quu)=1.226e+05
    max|Quu|=1.763e+01, cond(Quu)=1.226e+05
    max|Quu|=1.763e+01, cond(Quu)=1.226e+05
    max|Quu|=1.763e+01, cond(Quu)=1.226e+05
    max|Quu|=1.763e+01, cond(Quu)=1.226e+05
    max|Quu|=1.763e+01, cond(Quu)=1.226e+05
    max|Quu|=1.763e+01, cond(Quu)=1.226e+05
    max|Quu|=1.763e+01, cond(Quu)=1.226e+05
    max|Quu|=1.764e+01, cond(Quu)=1.226e+05
    max|Quu|=1.764e+01, cond(Quu)=1.226e+05
    max|Quu|=1.764e+01, cond(Quu)=1.226e+05
    max|Quu|=1.764e+01, cond(Quu)=1.225e+05
    max|Quu|=1.764e+01, cond(Quu)=1.225e+05
    max|Quu|=1.764e+01, cond(Quu)=1.225e+05
    max|Quu|=1.764e+01, cond(Quu)=1.225e+05
    max|Quu|=1.765e+01, cond(Quu)=1.225e+05
    max|Quu|=1.765e+01, cond(Quu)=1.225e+05
    max|Quu|=1.765e+01, cond(Quu)=1.224e+05
    max|Quu|=1.765e+01, cond(Quu)=1.224e+05
    max|Quu|=1.765e+01, cond(Quu)=1.224e+05
    max|Quu|=1.765e+01, cond(Quu)=1.224e+05
    max|Quu|=1.766e+01, cond(Quu)=1.224e+05
    max|Quu|=1.766e+01, cond(Quu)=1.224e+05
    max|Quu|=1.766e+01, cond(Quu)=1.224e+05
    max|Quu|=1.766e+01, cond(Quu)=1.224e+05
    max|Quu|=1.766e+01, cond(Quu)=1.224e+05
    max|Quu|=1.766e+01, cond(Quu)=1.224e+05
    max|Quu|=1.767e+01, cond(Quu)=1.224e+05
    max|Quu|=1.767e+01, cond(Quu)=1.224e+05
    max|Quu|=1.767e+01, cond(Quu)=1.224e+05
    max|Quu|=1.767e+01, cond(Quu)=1.224e+05
    max|Quu|=1.768e+01, cond(Quu)=1.224e+05
    max|Quu|=1.768e+01, cond(Quu)=1.224e+05
    max|Quu|=1.768e+01, cond(Quu)=1.224e+05
    max|Quu|=1.768e+01, cond(Quu)=1.225e+05
    max|Quu|=1.768e+01, cond(Quu)=1.225e+05
    max|Quu|=1.769e+01, cond(Quu)=1.225e+05
    max|Quu|=1.769e+01, cond(Quu)=1.225e+05
    max|Quu|=1.769e+01, cond(Quu)=1.225e+05
    max|Quu|=1.769e+01, cond(Quu)=1.225e+05
    max|Quu|=1.769e+01, cond(Quu)=1.226e+05
    max|Quu|=1.770e+01, cond(Quu)=1.226e+05
    max|Quu|=1.770e+01, cond(Quu)=1.226e+05
    max|Quu|=1.770e+01, cond(Quu)=1.226e+05
    max|Quu|=1.770e+01, cond(Quu)=1.226e+05
    max|Quu|=1.771e+01, cond(Quu)=1.227e+05
    max|Quu|=1.771e+01, cond(Quu)=1.227e+05
    max|Quu|=1.771e+01, cond(Quu)=1.227e+05
    max|Quu|=1.771e+01, cond(Quu)=1.227e+05
    max|Quu|=1.772e+01, cond(Quu)=1.228e+05
    max|Quu|=1.772e+01, cond(Quu)=1.228e+05
    max|Quu|=1.772e+01, cond(Quu)=1.228e+05
    max|Quu|=1.772e+01, cond(Quu)=1.228e+05
    max|Quu|=1.772e+01, cond(Quu)=1.228e+05
    max|Quu|=1.772e+01, cond(Quu)=1.228e+05
    max|Quu|=1.772e+01, cond(Quu)=1.228e+05
    max|Quu|=1.772e+01, cond(Quu)=1.228e+05
    max|Quu|=1.772e+01, cond(Quu)=1.228e+05
    max|Quu|=1.772e+01, cond(Quu)=1.228e+05
    max|Quu|=1.772e+01, cond(Quu)=1.229e+05
    max|Quu|=1.773e+01, cond(Quu)=1.229e+05
    max|Quu|=1.773e+01, cond(Quu)=1.229e+05
    max|Quu|=1.773e+01, cond(Quu)=1.229e+05
    max|Quu|=1.773e+01, cond(Quu)=1.229e+05
    max|Quu|=1.773e+01, cond(Quu)=1.229e+05
    max|Quu|=1.773e+01, cond(Quu)=1.229e+05
    max|Quu|=1.772e+01, cond(Quu)=1.228e+05
    max|Quu|=1.772e+01, cond(Quu)=1.228e+05
    max|Quu|=1.772e+01, cond(Quu)=1.228e+05
    max|Quu|=1.772e+01, cond(Quu)=1.228e+05
    max|Quu|=1.772e+01, cond(Quu)=1.228e+05
    max|Quu|=1.772e+01, cond(Quu)=1.228e+05
    max|Quu|=1.772e+01, cond(Quu)=1.228e+05
    max|Quu|=1.772e+01, cond(Quu)=1.228e+05
    max|Quu|=1.772e+01, cond(Quu)=1.228e+05
    max|Quu|=1.773e+01, cond(Quu)=1.229e+05
    max|Quu|=1.773e+01, cond(Quu)=1.229e+05
    max|Quu|=1.773e+01, cond(Quu)=1.229e+05
    max|Quu|=1.773e+01, cond(Quu)=1.229e+05
    max|Quu|=1.773e+01, cond(Quu)=1.230e+05
    max|Quu|=1.773e+01, cond(Quu)=1.230e+05
    max|Quu|=1.773e+01, cond(Quu)=1.230e+05
    max|Quu|=1.773e+01, cond(Quu)=1.230e+05
    max|Quu|=1.773e+01, cond(Quu)=1.230e+05
    max|Quu|=1.773e+01, cond(Quu)=1.231e+05
    max|Quu|=1.773e+01, cond(Quu)=1.231e+05
    max|Quu|=1.773e+01, cond(Quu)=1.232e+05
    max|Quu|=1.773e+01, cond(Quu)=1.232e+05
    max|Quu|=1.774e+01, cond(Quu)=1.232e+05
    max|Quu|=1.774e+01, cond(Quu)=1.232e+05
    max|Quu|=1.774e+01, cond(Quu)=1.233e+05
    max|Quu|=1.774e+01, cond(Quu)=1.233e+05
    max|Quu|=1.774e+01, cond(Quu)=1.233e+05
    max|Quu|=1.774e+01, cond(Quu)=1.233e+05
    max|Quu|=1.774e+01, cond(Quu)=1.233e+05
    max|Quu|=1.774e+01, cond(Quu)=1.233e+05
    max|Quu|=1.774e+01, cond(Quu)=1.233e+05
    max|Quu|=1.774e+01, cond(Quu)=1.233e+05
    max|Quu|=1.774e+01, cond(Quu)=1.233e+05
    max|Quu|=1.774e+01, cond(Quu)=1.233e+05
    max|Quu|=1.774e+01, cond(Quu)=1.233e+05
    max|Quu|=1.774e+01, cond(Quu)=1.232e+05
    max|Quu|=1.773e+01, cond(Quu)=1.232e+05
    max|Quu|=1.773e+01, cond(Quu)=1.231e+05
    max|Quu|=1.772e+01, cond(Quu)=1.230e+05
    max|Quu|=1.770e+01, cond(Quu)=1.229e+05
    max|Quu|=1.768e+01, cond(Quu)=1.227e+05
    max|Quu|=1.765e+01, cond(Quu)=1.224e+05
    max|Quu|=1.760e+01, cond(Quu)=1.220e+05
    max|Quu|=1.753e+01, cond(Quu)=1.214e+05
    max|Quu|=1.742e+01, cond(Quu)=1.205e+05
    max|Quu|=1.726e+01, cond(Quu)=1.191e+05
    max|Quu|=1.701e+01, cond(Quu)=1.169e+05
    max|Quu|=1.663e+01, cond(Quu)=1.135e+05
    max|Quu|=1.603e+01, cond(Quu)=1.077e+05
    max|Quu|=1.503e+01, cond(Quu)=9.726e+04
    max|Quu|=1.330e+01, cond(Quu)=7.702e+04
    max|Quu|=1.010e+01, cond(Quu)=3.871e+04
    max|Quu|=4.783e+00, cond(Quu)=3.957e+03
    max|Quu|=1.793e+00, cond(Quu)=1.261e+02
    max|Quu|=2.790e+00, cond(Quu)=6.574e+01
    max|Quu|=2.891e+00, cond(Quu)=1.680e+01
    max|Quu|=2.914e+00, cond(Quu)=5.104e+00
    max|Quu|=3.425e+00, cond(Quu)=2.308e+00
    max|Quu|=7.301e+00, cond(Quu)=1.499e+00
    max|Quu|=1.555e+01, cond(Quu)=1.213e+00
    max|Quu|=3.306e+01, cond(Quu)=1.096e+00
    max|Quu|=7.023e+01, cond(Quu)=1.045e+00
    max|Quu|=1.490e+02, cond(Quu)=1.021e+00
    max|Quu|=3.158e+02, cond(Quu)=1.010e+00
    max|Quu|=6.686e+02, cond(Quu)=1.005e+00
    max|Quu|=1.414e+03, cond(Quu)=1.002e+00
    max|Quu|=2.988e+03, cond(Quu)=1.001e+00
    max|Quu|=6.306e+03, cond(Quu)=1.001e+00
    max|Quu|=1.330e+04, cond(Quu)=1.000e+00
    max|Quu|=2.802e+04, cond(Quu)=1.000e+00
    max|Quu|=5.899e+04, cond(Quu)=1.000e+00
    max|Quu|=1.241e+05, cond(Quu)=1.000e+00
    max|Quu|=2.609e+05, cond(Quu)=1.000e+00
    max|Quu|=5.481e+05, cond(Quu)=1.000e+00
    max|Quu|=1.150e+06, cond(Quu)=1.000e+00
    max|Quu|=2.412e+06, cond(Quu)=1.000e+00
    max|Quu|=5.055e+06, cond(Quu)=1.000e+00
    max|Quu|=1.059e+07, cond(Quu)=1.000e+00
    max|Quu|=2.215e+07, cond(Quu)=1.000e+00
    max|Quu|=4.633e+07, cond(Quu)=1.000e+00
    max|Quu|=9.681e+07, cond(Quu)=1.000e+00
    max|Quu|=2.022e+08, cond(Quu)=1.000e+00
    max|Quu|=4.220e+08, cond(Quu)=1.000e+00
    max|Quu|=8.804e+08, cond(Quu)=1.000e+00
    max|Quu|=1.835e+09, cond(Quu)=1.000e+00
    max|Quu|=3.824e+09, cond(Quu)=1.000e+00
    max|Quu|=7.961e+09, cond(Quu)=1.000e+00
    max|Quu|=1.656e+10, cond(Quu)=1.000e+00
    max|Quu|=3.444e+10, cond(Quu)=1.000e+00
    max|Quu|=7.159e+10, cond(Quu)=1.000e+00
    max|Quu|=1.487e+11, cond(Quu)=1.000e+00
    max|Quu|=3.088e+11, cond(Quu)=1.000e+00
    max|Quu|=6.406e+11, cond(Quu)=1.000e+00
    max|Quu|=1.328e+12, cond(Quu)=1.000e+00
    max|Quu|=2.752e+12, cond(Quu)=1.000e+00
    max|Quu|=5.701e+12, cond(Quu)=1.000e+00
    max|Quu|=1.180e+13, cond(Quu)=1.000e+00
    max|Quu|=2.442e+13, cond(Quu)=1.000e+00
    max|Quu|=5.051e+13, cond(Quu)=1.000e+00
    max|Quu|=1.044e+14, cond(Quu)=1.000e+00
    max|Quu|=2.157e+14, cond(Quu)=1.000e+00
    max|Quu|=4.453e+14, cond(Quu)=1.000e+00
    max|Quu|=9.188e+14, cond(Quu)=1.000e+00
    max|Quu|=1.895e+15, cond(Quu)=1.000e+00
    max|Quu|=3.907e+15, cond(Quu)=1.000e+00
    max|Quu|=8.050e+15, cond(Quu)=1.000e+00
    max|Quu|=1.658e+16, cond(Quu)=1.000e+00
    max|Quu|=3.412e+16, cond(Quu)=1.000e+00
    max|Quu|=7.019e+16, cond(Quu)=1.000e+00
    max|Quu|=1.443e+17, cond(Quu)=1.000e+00
    max|Quu|=2.966e+17, cond(Quu)=1.000e+00
    max|Quu|=6.095e+17, cond(Quu)=1.000e+00
    max|Quu|=1.252e+18, cond(Quu)=1.000e+00
    max|Quu|=2.570e+18, cond(Quu)=1.000e+00
    max|Quu|=5.274e+18, cond(Quu)=1.000e+00
    max|Quu|=1.082e+19, cond(Quu)=1.000e+00
    max|Quu|=2.218e+19, cond(Quu)=1.000e+00
    max|Quu|=4.545e+19, cond(Quu)=1.000e+00
    max|Quu|=9.311e+19, cond(Quu)=1.000e+00
    max|Quu|=1.907e+20, cond(Quu)=1.000e+00
    max|Quu|=3.904e+20, cond(Quu)=1.000e+00
    max|Quu|=7.988e+20, cond(Quu)=1.000e+00
    max|Quu|=1.634e+21, cond(Quu)=1.000e+00
    max|Quu|=3.341e+21, cond(Quu)=1.000e+00
    max|Quu|=6.828e+21, cond(Quu)=1.000e+00
    max|Quu|=1.395e+22, cond(Quu)=1.000e+00
    max|Quu|=2.849e+22, cond(Quu)=1.000e+00
    max|Quu|=5.818e+22, cond(Quu)=1.000e+00
    max|Quu|=1.187e+23, cond(Quu)=1.000e+00
    max|Quu|=2.423e+23, cond(Quu)=1.000e+00
    max|Quu|=4.941e+23, cond(Quu)=1.000e+00
    max|Quu|=1.007e+24, cond(Quu)=1.000e+00
    max|Quu|=2.053e+24, cond(Quu)=1.000e+00
    max|Quu|=4.182e+24, cond(Quu)=1.000e+00
    max|Quu|=8.517e+24, cond(Quu)=1.000e+00
    max|Quu|=1.734e+25, cond(Quu)=1.000e+00
    max|Quu|=3.529e+25, cond(Quu)=1.000e+00
    max|Quu|=7.181e+25, cond(Quu)=1.000e+00
    max|Quu|=1.461e+26, cond(Quu)=1.000e+00
    max|Quu|=2.970e+26, cond(Quu)=1.000e+00
    max|Quu|=6.036e+26, cond(Quu)=1.000e+00
    max|Quu|=1.226e+27, cond(Quu)=1.000e+00
    max|Quu|=2.491e+27, cond(Quu)=1.000e+00
    max|Quu|=5.058e+27, cond(Quu)=1.000e+00
    max|Quu|=1.027e+28, cond(Quu)=1.000e+00
    max|Quu|=2.084e+28, cond(Quu)=1.000e+00
    max|Quu|=4.227e+28, cond(Quu)=1.000e+00
    max|Quu|=8.572e+28, cond(Quu)=1.000e+00
    max|Quu|=1.738e+29, cond(Quu)=1.000e+00
    max|Quu|=3.522e+29, cond(Quu)=1.000e+00
    max|Quu|=7.137e+29, cond(Quu)=1.000e+00
    max|Quu|=1.446e+30, cond(Quu)=1.000e+00
    max|Quu|=2.927e+30, cond(Quu)=1.000e+00
    max|Quu|=5.926e+30, cond(Quu)=1.000e+00
    max|Quu|=1.199e+31, cond(Quu)=1.000e+00
    max|Quu|=2.426e+31, cond(Quu)=1.000e+00
    max|Quu|=4.908e+31, cond(Quu)=1.000e+00
    max|Quu|=9.924e+31, cond(Quu)=1.000e+00
    max|Quu|=2.006e+32, cond(Quu)=1.000e+00
    max|Quu|=4.054e+32, cond(Quu)=1.000e+00
    max|Quu|=8.190e+32, cond(Quu)=1.000e+00
    max|Quu|=1.654e+33, cond(Quu)=1.000e+00
    max|Quu|=3.340e+33, cond(Quu)=1.000e+00
    max|Quu|=6.741e+33, cond(Quu)=1.000e+00
    max|Quu|=1.360e+34, cond(Quu)=1.000e+00
    max|Quu|=2.744e+34, cond(Quu)=1.000e+00
    max|Quu|=5.534e+34, cond(Quu)=1.000e+00
    max|Quu|=1.116e+35, cond(Quu)=1.000e+00
    max|Quu|=2.249e+35, cond(Quu)=1.000e+00
    max|Quu|=4.532e+35, cond(Quu)=1.000e+00
    max|Quu|=9.130e+35, cond(Quu)=1.000e+00
    max|Quu|=1.839e+36, cond(Quu)=1.000e+00
    max|Quu|=3.702e+36, cond(Quu)=1.000e+00
    max|Quu|=7.452e+36, cond(Quu)=1.000e+00
    max|Quu|=1.500e+37, cond(Quu)=1.000e+00
    max|Quu|=3.017e+37, cond(Quu)=1.000e+00
    max|Quu|=6.068e+37, cond(Quu)=1.000e+00
    max|Quu|=1.220e+38, cond(Quu)=1.000e+00
    max|Quu|=2.453e+38, cond(Quu)=1.000e+00
    max|Quu|=4.929e+38, cond(Quu)=1.000e+00
    max|Quu|=9.902e+38, cond(Quu)=1.000e+00
    max|Quu|=1.989e+39, cond(Quu)=1.000e+00
    max|Quu|=3.993e+39, cond(Quu)=1.000e+00
    max|Quu|=8.016e+39, cond(Quu)=1.000e+00
    max|Quu|=1.609e+40, cond(Quu)=1.000e+00
    max|Quu|=3.228e+40, cond(Quu)=1.000e+00
    max|Quu|=6.474e+40, cond(Quu)=1.000e+00
    max|Quu|=1.298e+41, cond(Quu)=1.000e+00
    max|Quu|=2.602e+41, cond(Quu)=1.000e+00
    max|Quu|=5.215e+41, cond(Quu)=1.000e+00
    max|Quu|=1.045e+42, cond(Quu)=1.000e+00
    max|Quu|=2.093e+42, cond(Quu)=1.000e+00
    max|Quu|=4.190e+42, cond(Quu)=1.000e+00
    max|Quu|=8.387e+42, cond(Quu)=1.000e+00
    max|Quu|=1.678e+43, cond(Quu)=1.000e+00
    max|Quu|=3.358e+43, cond(Quu)=1.000e+00
    max|Quu|=6.715e+43, cond(Quu)=1.000e+00
    max|Quu|=1.342e+44, cond(Quu)=1.000e+00
    max|Quu|=2.683e+44, cond(Quu)=1.000e+00
    max|Quu|=5.359e+44, cond(Quu)=1.000e+00
    max|Quu|=1.070e+45, cond(Quu)=1.000e+00
    max|Quu|=2.137e+45, cond(Quu)=1.000e+00
    max|Quu|=4.265e+45, cond(Quu)=1.000e+00
    max|Quu|=8.509e+45, cond(Quu)=1.000e+00
    max|Quu|=1.697e+46, cond(Quu)=1.000e+00
    max|Quu|=3.383e+46, cond(Quu)=1.000e+00
    max|Quu|=6.742e+46, cond(Quu)=1.000e+00
    max|Quu|=1.343e+47, cond(Quu)=1.000e+00
    max|Quu|=2.675e+47, cond(Quu)=1.000e+00
    max|Quu|=5.324e+47, cond(Quu)=1.000e+00
    max|Quu|=1.059e+48, cond(Quu)=1.000e+00
    max|Quu|=2.107e+48, cond(Quu)=1.000e+00
    max|Quu|=4.189e+48, cond(Quu)=1.000e+00
    max|Quu|=8.325e+48, cond(Quu)=1.000e+00
    max|Quu|=1.654e+49, cond(Quu)=1.000e+00
    max|Quu|=3.283e+49, cond(Quu)=1.000e+00
    max|Quu|=6.516e+49, cond(Quu)=1.000e+00
    max|Quu|=1.293e+50, cond(Quu)=1.000e+00
    max|Quu|=2.563e+50, cond(Quu)=1.000e+00
    max|Quu|=5.079e+50, cond(Quu)=1.000e+00
    max|Quu|=1.006e+51, cond(Quu)=1.000e+00
    max|Quu|=1.991e+51, cond(Quu)=1.000e+00
    max|Quu|=3.940e+51, cond(Quu)=1.000e+00
    max|Quu|=7.790e+51, cond(Quu)=1.000e+00
    max|Quu|=1.539e+52, cond(Quu)=1.000e+00
    max|Quu|=3.040e+52, cond(Quu)=1.000e+00
    max|Quu|=5.999e+52, cond(Quu)=1.000e+00
    max|Quu|=1.183e+53, cond(Quu)=1.000e+00
    max|Quu|=2.331e+53, cond(Quu)=1.000e+00
    max|Quu|=4.590e+53, cond(Quu)=1.000e+00
    max|Quu|=9.030e+53, cond(Quu)=1.000e+00
    max|Quu|=1.775e+54, cond(Quu)=1.000e+00
    max|Quu|=3.486e+54, cond(Quu)=1.000e+00
    max|Quu|=6.841e+54, cond(Quu)=1.000e+00
    max|Quu|=1.341e+55, cond(Quu)=1.000e+00
    max|Quu|=2.626e+55, cond(Quu)=1.000e+00
    max|Quu|=5.137e+55, cond(Quu)=1.000e+00
    max|Quu|=1.003e+56, cond(Quu)=1.000e+00
    max|Quu|=1.958e+56, cond(Quu)=1.000e+00
    max|Quu|=3.814e+56, cond(Quu)=1.000e+00
    max|Quu|=7.421e+56, cond(Quu)=1.000e+00
    max|Quu|=1.442e+57, cond(Quu)=1.000e+00
    max|Quu|=2.796e+57, cond(Quu)=1.000e+00
    max|Quu|=5.412e+57, cond(Quu)=1.000e+00
    max|Quu|=1.046e+58, cond(Quu)=1.000e+00
    max|Quu|=2.015e+58, cond(Quu)=1.000e+00
    max|Quu|=3.875e+58, cond(Quu)=1.000e+00
    max|Quu|=7.430e+58, cond(Quu)=1.000e+00
    max|Quu|=1.421e+59, cond(Quu)=1.000e+00
    max|Quu|=2.708e+59, cond(Quu)=1.000e+00
    max|Quu|=5.142e+59, cond(Quu)=1.000e+00
    max|Quu|=9.722e+59, cond(Quu)=1.000e+00
    max|Quu|=1.828e+60, cond(Quu)=1.000e+00
    max|Quu|=3.421e+60, cond(Quu)=1.000e+00
    max|Quu|=6.360e+60, cond(Quu)=1.000e+00
    max|Quu|=1.174e+61, cond(Quu)=1.000e+00
    max|Quu|=2.148e+61, cond(Quu)=1.000e+00
    max|Quu|=3.888e+61, cond(Quu)=1.000e+00
    max|Quu|=6.936e+61, cond(Quu)=1.000e+00
    max|Quu|=1.215e+62, cond(Quu)=1.000e+00
    max|Quu|=2.079e+62, cond(Quu)=1.000e+00
    max|Quu|=3.446e+62, cond(Quu)=1.000e+00
    max|Quu|=5.445e+62, cond(Quu)=1.000e+00
    max|Quu|=7.947e+62, cond(Quu)=1.000e+00
    max|Quu|=9.917e+62, cond(Quu)=1.000e+00
    max|Quu|=7.694e+62, cond(Quu)=1.000e+00
    max|Quu|=9.270e+62, cond(Quu)=1.000e+00
    max|Quu|=6.860e+63, cond(Quu)=1.000e+00
    max|Quu|=2.388e+64, cond(Quu)=1.000e+00
    max|Quu|=6.842e+64, cond(Quu)=1.000e+00
    max|Quu|=1.788e+65, cond(Quu)=1.000e+00
    max|Quu|=4.428e+65, cond(Quu)=1.000e+00
    max|Quu|=1.059e+66, cond(Quu)=1.000e+00
    max|Quu|=2.470e+66, cond(Quu)=1.000e+00
    max|Quu|=5.655e+66, cond(Quu)=1.000e+00
    max|Quu|=1.276e+67, cond(Quu)=1.000e+00
    max|Quu|=2.848e+67, cond(Quu)=1.000e+00
    max|Quu|=6.294e+67, cond(Quu)=1.000e+00
    max|Quu|=1.379e+68, cond(Quu)=1.000e+00
    max|Quu|=3.000e+68, cond(Quu)=1.000e+00
    max|Quu|=6.491e+68, cond(Quu)=1.000e+00
    max|Quu|=1.398e+69, cond(Quu)=1.000e+00
    max|Quu|=2.997e+69, cond(Quu)=1.000e+00
    max|Quu|=6.402e+69, cond(Quu)=1.000e+00
    max|Quu|=1.363e+70, cond(Quu)=1.000e+00
    max|Quu|=2.891e+70, cond(Quu)=1.000e+00
    max|Quu|=6.113e+70, cond(Quu)=1.000e+00
    max|Quu|=1.289e+71, cond(Quu)=1.000e+00
    max|Quu|=2.713e+71, cond(Quu)=1.000e+00
    max|Quu|=5.696e+71, cond(Quu)=1.000e+00
    max|Quu|=1.194e+72, cond(Quu)=1.000e+00
    max|Quu|=2.497e+72, cond(Quu)=1.000e+00
    max|Quu|=5.215e+72, cond(Quu)=1.000e+00
    max|Quu|=1.087e+73, cond(Quu)=1.000e+00
    max|Quu|=2.264e+73, cond(Quu)=1.000e+00
    max|Quu|=4.706e+73, cond(Quu)=1.000e+00
    max|Quu|=9.767e+73, cond(Quu)=1.000e+00
    max|Quu|=2.025e+74, cond(Quu)=1.000e+00
    max|Quu|=4.192e+74, cond(Quu)=1.000e+00
    max|Quu|=8.670e+74, cond(Quu)=1.000e+00
    max|Quu|=1.791e+75, cond(Quu)=1.000e+00
    max|Quu|=3.697e+75, cond(Quu)=1.000e+00
    max|Quu|=7.625e+75, cond(Quu)=1.000e+00
    max|Quu|=1.571e+76, cond(Quu)=1.000e+00
    max|Quu|=3.234e+76, cond(Quu)=1.000e+00
    max|Quu|=6.653e+76, cond(Quu)=1.000e+00
    max|Quu|=1.368e+77, cond(Quu)=1.000e+00
    max|Quu|=2.809e+77, cond(Quu)=1.000e+00
    max|Quu|=5.766e+77, cond(Quu)=1.000e+00
    max|Quu|=1.183e+78, cond(Quu)=1.000e+00
    max|Quu|=2.425e+78, cond(Quu)=1.000e+00
    max|Quu|=4.968e+78, cond(Quu)=1.000e+00
    max|Quu|=1.017e+79, cond(Quu)=1.000e+00
    max|Quu|=2.082e+79, cond(Quu)=1.000e+00
    max|Quu|=4.258e+79, cond(Quu)=1.000e+00
    max|Quu|=8.704e+79, cond(Quu)=1.000e+00
    max|Quu|=1.779e+80, cond(Quu)=1.000e+00
    max|Quu|=3.633e+80, cond(Quu)=1.000e+00
    max|Quu|=7.416e+80, cond(Quu)=1.000e+00
    max|Quu|=1.513e+81, cond(Quu)=1.000e+00
    max|Quu|=3.086e+81, cond(Quu)=1.000e+00
    max|Quu|=6.293e+81, cond(Quu)=1.000e+00
    max|Quu|=1.282e+82, cond(Quu)=1.000e+00
    max|Quu|=2.613e+82, cond(Quu)=1.000e+00
    max|Quu|=5.321e+82, cond(Quu)=1.000e+00
    max|Quu|=1.083e+83, cond(Quu)=1.000e+00
    max|Quu|=2.205e+83, cond(Quu)=1.000e+00
    max|Quu|=4.485e+83, cond(Quu)=1.000e+00
    max|Quu|=9.122e+83, cond(Quu)=1.000e+00
    max|Quu|=1.855e+84, cond(Quu)=1.000e+00
    max|Quu|=3.769e+84, cond(Quu)=1.000e+00
    max|Quu|=7.659e+84, cond(Quu)=1.000e+00
    max|Quu|=1.556e+85, cond(Quu)=1.000e+00
    max|Quu|=3.160e+85, cond(Quu)=1.000e+00
    max|Quu|=6.415e+85, cond(Quu)=1.000e+00
    max|Quu|=1.302e+86, cond(Quu)=1.000e+00
    max|Quu|=2.642e+86, cond(Quu)=1.000e+00
    max|Quu|=5.361e+86, cond(Quu)=1.000e+00
    max|Quu|=1.087e+87, cond(Quu)=1.000e+00
    max|Quu|=2.205e+87, cond(Quu)=1.000e+00
    max|Quu|=4.471e+87, cond(Quu)=1.000e+00
    max|Quu|=9.064e+87, cond(Quu)=1.000e+00
    max|Quu|=1.837e+88, cond(Quu)=1.000e+00
    max|Quu|=3.723e+88, cond(Quu)=1.000e+00
    max|Quu|=7.544e+88, cond(Quu)=1.000e+00
    max|Quu|=1.528e+89, cond(Quu)=1.000e+00
    max|Quu|=3.095e+89, cond(Quu)=1.000e+00
    max|Quu|=6.268e+89, cond(Quu)=1.000e+00
    max|Quu|=1.269e+90, cond(Quu)=1.000e+00
    max|Quu|=2.569e+90, cond(Quu)=1.000e+00
    max|Quu|=5.199e+90, cond(Quu)=1.000e+00
    max|Quu|=1.052e+91, cond(Quu)=1.000e+00
    max|Quu|=2.129e+91, cond(Quu)=1.000e+00
    max|Quu|=4.307e+91, cond(Quu)=1.000e+00
    max|Quu|=8.714e+91, cond(Quu)=1.000e+00
    max|Quu|=1.763e+92, cond(Quu)=1.000e+00
    max|Quu|=3.565e+92, cond(Quu)=1.000e+00
    max|Quu|=7.210e+92, cond(Quu)=1.000e+00
    max|Quu|=1.458e+93, cond(Quu)=1.000e+00
    max|Quu|=2.948e+93, cond(Quu)=1.000e+00
    max|Quu|=5.959e+93, cond(Quu)=1.000e+00
    max|Quu|=1.205e+94, cond(Quu)=1.000e+00
    max|Quu|=2.435e+94, cond(Quu)=1.000e+00
    max|Quu|=4.921e+94, cond(Quu)=1.000e+00
    max|Quu|=9.943e+94, cond(Quu)=1.000e+00
    max|Quu|=2.009e+95, cond(Quu)=1.000e+00
    max|Quu|=4.060e+95, cond(Quu)=1.000e+00
    max|Quu|=8.202e+95, cond(Quu)=1.000e+00
    max|Quu|=1.657e+96, cond(Quu)=1.000e+00
    max|Quu|=3.348e+96, cond(Quu)=1.000e+00
    max|Quu|=6.763e+96, cond(Quu)=1.000e+00
    max|Quu|=1.366e+97, cond(Quu)=1.000e+00
    max|Quu|=2.760e+97, cond(Quu)=1.000e+00
    max|Quu|=5.575e+97, cond(Quu)=1.000e+00
    max|Quu|=1.126e+98, cond(Quu)=1.000e+00
    max|Quu|=2.275e+98, cond(Quu)=1.000e+00
    max|Quu|=4.596e+98, cond(Quu)=1.000e+00
    max|Quu|=9.283e+98, cond(Quu)=1.000e+00
    max|Quu|=1.875e+99, cond(Quu)=1.000e+00
    max|Quu|=3.786e+99, cond(Quu)=1.000e+00
    max|Quu|=7.647e+99, cond(Quu)=1.000e+00
    max|Quu|=1.544e+100, cond(Quu)=1.000e+00
    max|Quu|=3.119e+100, cond(Quu)=1.000e+00
    max|Quu|=6.300e+100, cond(Quu)=1.000e+00
    max|Quu|=1.272e+101, cond(Quu)=1.000e+00
    max|Quu|=2.570e+101, cond(Quu)=1.000e+00
    max|Quu|=5.191e+101, cond(Quu)=1.000e+00
    max|Quu|=1.048e+102, cond(Quu)=1.000e+00
    max|Quu|=2.118e+102, cond(Quu)=1.000e+00
    max|Quu|=4.277e+102, cond(Quu)=1.000e+00
    max|Quu|=8.639e+102, cond(Quu)=1.000e+00
    max|Quu|=1.745e+103, cond(Quu)=1.000e+00
    max|Quu|=3.524e+103, cond(Quu)=1.000e+00
    max|Quu|=7.116e+103, cond(Quu)=1.000e+00
    max|Quu|=1.437e+104, cond(Quu)=1.000e+00
    max|Quu|=2.903e+104, cond(Quu)=1.000e+00
    max|Quu|=5.862e+104, cond(Quu)=1.000e+00
    max|Quu|=1.184e+105, cond(Quu)=1.000e+00
    max|Quu|=2.391e+105, cond(Quu)=1.000e+00
    max|Quu|=4.830e+105, cond(Quu)=1.000e+00
    max|Quu|=9.754e+105, cond(Quu)=1.000e+00
    max|Quu|=1.970e+106, cond(Quu)=1.000e+00
    max|Quu|=3.979e+106, cond(Quu)=1.000e+00
    max|Quu|=8.038e+106, cond(Quu)=1.000e+00
    max|Quu|=1.623e+107, cond(Quu)=1.000e+00
    max|Quu|=3.279e+107, cond(Quu)=1.000e+00
    max|Quu|=6.624e+107, cond(Quu)=1.000e+00
    max|Quu|=1.338e+108, cond(Quu)=1.000e+00
    max|Quu|=2.702e+108, cond(Quu)=1.000e+00
    max|Quu|=5.459e+108, cond(Quu)=1.000e+00
    max|Quu|=1.103e+109, cond(Quu)=1.000e+00
    max|Quu|=2.227e+109, cond(Quu)=1.000e+00
    max|Quu|=4.499e+109, cond(Quu)=1.000e+00
    max|Quu|=9.089e+109, cond(Quu)=1.000e+00
    max|Quu|=1.836e+110, cond(Quu)=1.000e+00
    max|Quu|=3.709e+110, cond(Quu)=1.000e+00
    max|Quu|=7.492e+110, cond(Quu)=1.000e+00
    max|Quu|=1.514e+111, cond(Quu)=1.000e+00
    max|Quu|=3.057e+111, cond(Quu)=1.000e+00
    max|Quu|=6.176e+111, cond(Quu)=1.000e+00
    max|Quu|=1.248e+112, cond(Quu)=1.000e+00
    max|Quu|=2.521e+112, cond(Quu)=1.000e+00
    max|Quu|=5.092e+112, cond(Quu)=1.000e+00
    max|Quu|=1.029e+113, cond(Quu)=1.000e+00
    max|Quu|=2.078e+113, cond(Quu)=1.000e+00
    max|Quu|=4.198e+113, cond(Quu)=1.000e+00
    max|Quu|=8.480e+113, cond(Quu)=1.000e+00
    max|Quu|=1.713e+114, cond(Quu)=1.000e+00
    max|Quu|=3.460e+114, cond(Quu)=1.000e+00
    max|Quu|=6.990e+114, cond(Quu)=1.000e+00
    max|Quu|=1.412e+115, cond(Quu)=1.000e+00
    max|Quu|=2.852e+115, cond(Quu)=1.000e+00
    max|Quu|=5.762e+115, cond(Quu)=1.000e+00
    max|Quu|=1.164e+116, cond(Quu)=1.000e+00
    max|Quu|=2.351e+116, cond(Quu)=1.000e+00
    max|Quu|=4.749e+116, cond(Quu)=1.000e+00
    max|Quu|=9.593e+116, cond(Quu)=1.000e+00
    max|Quu|=1.938e+117, cond(Quu)=1.000e+00
    max|Quu|=3.914e+117, cond(Quu)=1.000e+00
    max|Quu|=7.906e+117, cond(Quu)=1.000e+00
    max|Quu|=1.597e+118, cond(Quu)=1.000e+00
    max|Quu|=3.225e+118, cond(Quu)=1.000e+00
    max|Quu|=6.514e+118, cond(Quu)=1.000e+00
    max|Quu|=1.315e+119, cond(Quu)=1.000e+00
    max|Quu|=2.656e+119, cond(Quu)=1.000e+00
    max|Quu|=5.364e+119, cond(Quu)=1.000e+00
    max|Quu|=1.083e+120, cond(Quu)=1.000e+00
    max|Quu|=2.187e+120, cond(Quu)=1.000e+00
    max|Quu|=4.416e+120, cond(Quu)=1.000e+00
    max|Quu|=8.916e+120, cond(Quu)=1.000e+00
    max|Quu|=1.800e+121, cond(Quu)=1.000e+00
    max|Quu|=3.633e+121, cond(Quu)=1.000e+00
    max|Quu|=7.334e+121, cond(Quu)=1.000e+00
    max|Quu|=1.480e+122, cond(Quu)=1.000e+00
    max|Quu|=2.988e+122, cond(Quu)=1.000e+00
    max|Quu|=6.029e+122, cond(Quu)=1.000e+00
    max|Quu|=1.216e+123, cond(Quu)=1.000e+00
    max|Quu|=2.454e+123, cond(Quu)=1.000e+00
    max|Quu|=4.951e+123, cond(Quu)=1.000e+00
    max|Quu|=9.986e+123, cond(Quu)=1.000e+00
    max|Quu|=2.014e+124, cond(Quu)=1.000e+00
    max|Quu|=4.062e+124, cond(Quu)=1.000e+00
    max|Quu|=8.190e+124, cond(Quu)=1.000e+00
    max|Quu|=1.652e+125, cond(Quu)=1.000e+00
    max|Quu|=3.330e+125, cond(Quu)=1.000e+00
    max|Quu|=6.714e+125, cond(Quu)=1.000e+00
    max|Quu|=1.354e+126, cond(Quu)=1.000e+00
    max|Quu|=2.729e+126, cond(Quu)=1.000e+00
    max|Quu|=5.502e+126, cond(Quu)=1.000e+00
    max|Quu|=1.109e+127, cond(Quu)=1.000e+00
    max|Quu|=2.236e+127, cond(Quu)=1.000e+00
    max|Quu|=4.507e+127, cond(Quu)=1.000e+00
    max|Quu|=9.086e+127, cond(Quu)=1.000e+00
    max|Quu|=1.832e+128, cond(Quu)=1.000e+00
    max|Quu|=3.692e+128, cond(Quu)=1.000e+00
    max|Quu|=7.441e+128, cond(Quu)=1.000e+00
    max|Quu|=1.500e+129, cond(Quu)=1.000e+00
    max|Quu|=3.023e+129, cond(Quu)=1.000e+00
    max|Quu|=6.093e+129, cond(Quu)=1.000e+00
    max|Quu|=1.228e+130, cond(Quu)=1.000e+00
    max|Quu|=2.475e+130, cond(Quu)=1.000e+00
    max|Quu|=4.989e+130, cond(Quu)=1.000e+00
    max|Quu|=1.005e+131, cond(Quu)=1.000e+00
    max|Quu|=2.026e+131, cond(Quu)=1.000e+00
    max|Quu|=4.084e+131, cond(Quu)=1.000e+00
    max|Quu|=8.231e+131, cond(Quu)=1.000e+00
    max|Quu|=1.659e+132, cond(Quu)=1.000e+00
    max|Quu|=3.343e+132, cond(Quu)=1.000e+00
    max|Quu|=6.737e+132, cond(Quu)=1.000e+00
    max|Quu|=1.358e+133, cond(Quu)=1.000e+00
    max|Quu|=2.736e+133, cond(Quu)=1.000e+00
    max|Quu|=5.514e+133, cond(Quu)=1.000e+00
    max|Quu|=1.111e+134, cond(Quu)=1.000e+00
    max|Quu|=2.239e+134, cond(Quu)=1.000e+00
    max|Quu|=4.512e+134, cond(Quu)=1.000e+00
    max|Quu|=9.092e+134, cond(Quu)=1.000e+00
    max|Quu|=1.832e+135, cond(Quu)=1.000e+00
    max|Quu|=3.691e+135, cond(Quu)=1.000e+00
    max|Quu|=7.437e+135, cond(Quu)=1.000e+00
    max|Quu|=1.498e+136, cond(Quu)=1.000e+00
    max|Quu|=3.019e+136, cond(Quu)=1.000e+00
    max|Quu|=6.082e+136, cond(Quu)=1.000e+00
    max|Quu|=1.225e+137, cond(Quu)=1.000e+00
    max|Quu|=2.468e+137, cond(Quu)=1.000e+00
    max|Quu|=4.972e+137, cond(Quu)=1.000e+00
    max|Quu|=1.002e+138, cond(Quu)=1.000e+00
    max|Quu|=2.018e+138, cond(Quu)=1.000e+00
    max|Quu|=4.064e+138, cond(Quu)=1.000e+00
    max|Quu|=8.186e+138, cond(Quu)=1.000e+00
    max|Quu|=1.649e+139, cond(Quu)=1.000e+00
    max|Quu|=3.320e+139, cond(Quu)=1.000e+00
    max|Quu|=6.687e+139, cond(Quu)=1.000e+00
    max|Quu|=1.347e+140, cond(Quu)=1.000e+00
    max|Quu|=2.712e+140, cond(Quu)=1.000e+00
    max|Quu|=5.460e+140, cond(Quu)=1.000e+00
    max|Quu|=1.099e+141, cond(Quu)=1.000e+00
    max|Quu|=2.213e+141, cond(Quu)=1.000e+00
    max|Quu|=4.457e+141, cond(Quu)=1.000e+00
    max|Quu|=8.972e+141, cond(Quu)=1.000e+00
    max|Quu|=1.806e+142, cond(Quu)=1.000e+00
    max|Quu|=3.636e+142, cond(Quu)=1.000e+00
    max|Quu|=7.319e+142, cond(Quu)=1.000e+00
    max|Quu|=1.473e+143, cond(Quu)=1.000e+00
    max|Quu|=2.966e+143, cond(Quu)=1.000e+00
    max|Quu|=5.969e+143, cond(Quu)=1.000e+00
    max|Quu|=1.201e+144, cond(Quu)=1.000e+00
    max|Quu|=2.418e+144, cond(Quu)=1.000e+00
    max|Quu|=4.866e+144, cond(Quu)=1.000e+00
    max|Quu|=9.791e+144, cond(Quu)=1.000e+00
    max|Quu|=1.970e+145, cond(Quu)=1.000e+00
    max|Quu|=3.965e+145, cond(Quu)=1.000e+00
    max|Quu|=7.977e+145, cond(Quu)=1.000e+00
    max|Quu|=1.605e+146, cond(Quu)=1.000e+00
    max|Quu|=3.229e+146, cond(Quu)=1.000e+00
    max|Quu|=6.497e+146, cond(Quu)=1.000e+00
    max|Quu|=1.307e+147, cond(Quu)=1.000e+00
    max|Quu|=2.629e+147, cond(Quu)=1.000e+00
    max|Quu|=5.289e+147, cond(Quu)=1.000e+00
    max|Quu|=1.064e+148, cond(Quu)=1.000e+00
    max|Quu|=2.140e+148, cond(Quu)=1.000e+00
    max|Quu|=4.304e+148, cond(Quu)=1.000e+00
    max|Quu|=8.657e+148, cond(Quu)=1.000e+00
    max|Quu|=1.741e+149, cond(Quu)=1.000e+00
    max|Quu|=3.502e+149, cond(Quu)=1.000e+00
    max|Quu|=7.043e+149, cond(Quu)=1.000e+00
    max|Quu|=1.416e+150, cond(Quu)=1.000e+00
    max|Quu|=2.849e+150, cond(Quu)=1.000e+00
    max|Quu|=5.729e+150, cond(Quu)=1.000e+00
    max|Quu|=1.152e+151, cond(Quu)=1.000e+00
    max|Quu|=2.317e+151, cond(Quu)=1.000e+00
    max|Quu|=4.660e+151, cond(Quu)=1.000e+00
    max|Quu|=9.372e+151, cond(Quu)=1.000e+00
    max|Quu|=1.885e+152, cond(Quu)=1.000e+00
    max|Quu|=3.790e+152, cond(Quu)=1.000e+00
    max|Quu|=7.622e+152, cond(Quu)=1.000e+00
    max|Quu|=1.533e+153, cond(Quu)=1.000e+00
    max|Quu|=3.083e+153, cond(Quu)=1.000e+00
    max|Quu|=6.199e+153, cond(Quu)=1.000e+00
    max|Quu|=1.247e+154, cond(Quu)=1.000e+00
    max|Quu|=2.507e+154, cond(Quu)=1.000e+00
    max|Quu|=5.042e+154, cond(Quu)=1.000e+00
    max|Quu|=1.014e+155, cond(Quu)=1.000e+00
    max|Quu|=2.039e+155, cond(Quu)=1.000e+00
    max|Quu|=4.100e+155, cond(Quu)=1.000e+00
    max|Quu|=8.245e+155, cond(Quu)=1.000e+00
    max|Quu|=1.658e+156, cond(Quu)=1.000e+00
    max|Quu|=3.334e+156, cond(Quu)=1.000e+00
    max|Quu|=6.705e+156, cond(Quu)=1.000e+00
    max|Quu|=1.348e+157, cond(Quu)=1.000e+00
    max|Quu|=2.712e+157, cond(Quu)=1.000e+00
    max|Quu|=5.453e+157, cond(Quu)=1.000e+00
    max|Quu|=1.097e+158, cond(Quu)=1.000e+00
    max|Quu|=2.205e+158, cond(Quu)=1.000e+00
    max|Quu|=4.435e+158, cond(Quu)=1.000e+00
    max|Quu|=8.918e+158, cond(Quu)=1.000e+00
    max|Quu|=1.793e+159, cond(Quu)=1.000e+00
    max|Quu|=3.606e+159, cond(Quu)=1.000e+00
Measured previous rollout {"cost": 541.3563765999177, "position_rmse": 0.2963968363311895}
Defect construction {"mean_absolute": 0.01651166593803957, "max_absolute": 0.6135877694540284, "max_timestep": 742, "max_state_dimension": 6, "max_state_name": "wheel_speed", "per_state_max_absolute": [0.01122565710346457, 0.011380644665308637, 0.00777512394559654, 0.030146199006363544, 0.07265538739473122, 0.10712707622744944, 0.6135877694540284, 7.105427357601002e-15, 5.551115123125783e-17]}
Defect reconstruction {"mean_absolute": 6.066634077256753e-17, "max_absolute": 1.7763568394002505e-15, "max_timestep": 576, "max_state_dimension": 0, "max_state_name": "x", "per_state_max_absolute": [1.7763568394002505e-15, 2.220446049250313e-16, 4.440892098500626e-16, 0.0, 4.336808689942018e-19, 1.3877787807814457e-17, 5.551115123125783e-17, 0.0, 0.0]}
alpha=0 max |U_forward - U_old|: 1.8074430840897548e-13
Unchanged control baseline {"unchanged_defect": {"cost": 541.3563765999173, "position_rmse": 0.29639683633118935}, "unchanged_nominal": {"cost": 20773.53028932945, "position_rmse": 2.2424036510064287}}
Alpha candidate {"alpha": 0.5, "defect": {"cost": 492.8098645457929, "position_rmse": 0.27746173910045596}, "nominal": {"cost": 20637.815384774305, "position_rmse": 2.237519538043194}, "defect_improvement": 48.546512054124435, "nominal_improvement": 135.71490455514504}
Final selection {"status": "ACCEPT", "alpha": 0.5, "cost": 492.8098645457929, "reason": "Strictly lower defect-aware cost than unchanged-control prediction"}
STOP: candidate prepared; no actual rollout executed.
TRIAL {"trial": 5, "cost": 541.3563765999177, "position_rmse": 0.2963968363311895, "lateness_max": 0.002109416000166675, "rate_hz": 39.99937451412887, "period_ms_min": 23.44902699769591, "period_ms_max": 26.66594499896746, "selection": "ACCEPT", "update_seconds": 3.575567478997982, "retries": 0}
Reset succeeded: [0. 0. 0. 0. 0. 0.]
    max|Quu|=1.000e+01, cond(Quu)=1.000e+05
    max|Quu|=1.313e+01, cond(Quu)=1.200e+05
    max|Quu|=1.551e+01, cond(Quu)=1.314e+05
    max|Quu|=1.668e+01, cond(Quu)=1.336e+05
    max|Quu|=1.713e+01, cond(Quu)=1.323e+05
    max|Quu|=1.729e+01, cond(Quu)=1.305e+05
    max|Quu|=1.734e+01, cond(Quu)=1.292e+05
    max|Quu|=1.736e+01, cond(Quu)=1.283e+05
    max|Quu|=1.737e+01, cond(Quu)=1.277e+05
    max|Quu|=1.737e+01, cond(Quu)=1.273e+05
    max|Quu|=1.737e+01, cond(Quu)=1.270e+05
    max|Quu|=1.737e+01, cond(Quu)=1.268e+05
    max|Quu|=1.737e+01, cond(Quu)=1.266e+05
    max|Quu|=1.737e+01, cond(Quu)=1.264e+05
    max|Quu|=1.737e+01, cond(Quu)=1.262e+05
    max|Quu|=1.737e+01, cond(Quu)=1.260e+05
    max|Quu|=1.737e+01, cond(Quu)=1.258e+05
    max|Quu|=1.737e+01, cond(Quu)=1.256e+05
    max|Quu|=1.737e+01, cond(Quu)=1.253e+05
    max|Quu|=1.737e+01, cond(Quu)=1.251e+05
    max|Quu|=1.737e+01, cond(Quu)=1.249e+05
    max|Quu|=1.737e+01, cond(Quu)=1.247e+05
    max|Quu|=1.737e+01, cond(Quu)=1.245e+05
    max|Quu|=1.737e+01, cond(Quu)=1.242e+05
    max|Quu|=1.737e+01, cond(Quu)=1.240e+05
    max|Quu|=1.737e+01, cond(Quu)=1.238e+05
    max|Quu|=1.737e+01, cond(Quu)=1.236e+05
    max|Quu|=1.737e+01, cond(Quu)=1.233e+05
    max|Quu|=1.737e+01, cond(Quu)=1.231e+05
    max|Quu|=1.737e+01, cond(Quu)=1.230e+05
    max|Quu|=1.737e+01, cond(Quu)=1.228e+05
    max|Quu|=1.738e+01, cond(Quu)=1.226e+05
    max|Quu|=1.738e+01, cond(Quu)=1.225e+05
    max|Quu|=1.738e+01, cond(Quu)=1.223e+05
    max|Quu|=1.738e+01, cond(Quu)=1.222e+05
    max|Quu|=1.738e+01, cond(Quu)=1.221e+05
    max|Quu|=1.738e+01, cond(Quu)=1.220e+05
    max|Quu|=1.738e+01, cond(Quu)=1.219e+05
    max|Quu|=1.738e+01, cond(Quu)=1.218e+05
    max|Quu|=1.739e+01, cond(Quu)=1.218e+05
    max|Quu|=1.739e+01, cond(Quu)=1.217e+05
    max|Quu|=1.739e+01, cond(Quu)=1.216e+05
    max|Quu|=1.739e+01, cond(Quu)=1.216e+05
    max|Quu|=1.740e+01, cond(Quu)=1.215e+05
    max|Quu|=1.740e+01, cond(Quu)=1.215e+05
    max|Quu|=1.740e+01, cond(Quu)=1.215e+05
    max|Quu|=1.740e+01, cond(Quu)=1.214e+05
    max|Quu|=1.741e+01, cond(Quu)=1.214e+05
    max|Quu|=1.741e+01, cond(Quu)=1.214e+05
    max|Quu|=1.742e+01, cond(Quu)=1.214e+05
    max|Quu|=1.742e+01, cond(Quu)=1.213e+05
    max|Quu|=1.742e+01, cond(Quu)=1.213e+05
    max|Quu|=1.743e+01, cond(Quu)=1.213e+05
    max|Quu|=1.743e+01, cond(Quu)=1.213e+05
    max|Quu|=1.744e+01, cond(Quu)=1.213e+05
    max|Quu|=1.744e+01, cond(Quu)=1.213e+05
    max|Quu|=1.745e+01, cond(Quu)=1.214e+05
    max|Quu|=1.745e+01, cond(Quu)=1.214e+05
    max|Quu|=1.746e+01, cond(Quu)=1.214e+05
    max|Quu|=1.747e+01, cond(Quu)=1.214e+05
    max|Quu|=1.747e+01, cond(Quu)=1.214e+05
    max|Quu|=1.748e+01, cond(Quu)=1.214e+05
    max|Quu|=1.748e+01, cond(Quu)=1.215e+05
    max|Quu|=1.749e+01, cond(Quu)=1.215e+05
    max|Quu|=1.750e+01, cond(Quu)=1.215e+05
    max|Quu|=1.750e+01, cond(Quu)=1.215e+05
    max|Quu|=1.751e+01, cond(Quu)=1.216e+05
    max|Quu|=1.751e+01, cond(Quu)=1.216e+05
    max|Quu|=1.752e+01, cond(Quu)=1.216e+05
    max|Quu|=1.753e+01, cond(Quu)=1.217e+05
    max|Quu|=1.753e+01, cond(Quu)=1.217e+05
    max|Quu|=1.754e+01, cond(Quu)=1.217e+05
    max|Quu|=1.754e+01, cond(Quu)=1.218e+05
    max|Quu|=1.755e+01, cond(Quu)=1.218e+05
    max|Quu|=1.756e+01, cond(Quu)=1.218e+05
    max|Quu|=1.756e+01, cond(Quu)=1.219e+05
    max|Quu|=1.757e+01, cond(Quu)=1.219e+05
    max|Quu|=1.758e+01, cond(Quu)=1.219e+05
    max|Quu|=1.758e+01, cond(Quu)=1.220e+05
    max|Quu|=1.759e+01, cond(Quu)=1.220e+05
    max|Quu|=1.760e+01, cond(Quu)=1.220e+05
    max|Quu|=1.760e+01, cond(Quu)=1.221e+05
    max|Quu|=1.761e+01, cond(Quu)=1.221e+05
    max|Quu|=1.761e+01, cond(Quu)=1.221e+05
    max|Quu|=1.762e+01, cond(Quu)=1.222e+05
    max|Quu|=1.762e+01, cond(Quu)=1.222e+05
    max|Quu|=1.763e+01, cond(Quu)=1.222e+05
    max|Quu|=1.764e+01, cond(Quu)=1.222e+05
    max|Quu|=1.764e+01, cond(Quu)=1.223e+05
    max|Quu|=1.765e+01, cond(Quu)=1.223e+05
    max|Quu|=1.765e+01, cond(Quu)=1.223e+05
    max|Quu|=1.765e+01, cond(Quu)=1.223e+05
    max|Quu|=1.766e+01, cond(Quu)=1.223e+05
    max|Quu|=1.766e+01, cond(Quu)=1.223e+05
    max|Quu|=1.766e+01, cond(Quu)=1.223e+05
    max|Quu|=1.767e+01, cond(Quu)=1.223e+05
    max|Quu|=1.767e+01, cond(Quu)=1.223e+05
    max|Quu|=1.767e+01, cond(Quu)=1.223e+05
    max|Quu|=1.767e+01, cond(Quu)=1.223e+05
    max|Quu|=1.767e+01, cond(Quu)=1.222e+05
    max|Quu|=1.767e+01, cond(Quu)=1.222e+05
    max|Quu|=1.768e+01, cond(Quu)=1.222e+05
    max|Quu|=1.768e+01, cond(Quu)=1.222e+05
    max|Quu|=1.768e+01, cond(Quu)=1.221e+05
    max|Quu|=1.767e+01, cond(Quu)=1.220e+05
    max|Quu|=1.767e+01, cond(Quu)=1.220e+05
    max|Quu|=1.767e+01, cond(Quu)=1.219e+05
    max|Quu|=1.767e+01, cond(Quu)=1.219e+05
    max|Quu|=1.767e+01, cond(Quu)=1.218e+05
    max|Quu|=1.767e+01, cond(Quu)=1.218e+05
    max|Quu|=1.767e+01, cond(Quu)=1.217e+05
    max|Quu|=1.766e+01, cond(Quu)=1.217e+05
    max|Quu|=1.766e+01, cond(Quu)=1.216e+05
    max|Quu|=1.766e+01, cond(Quu)=1.216e+05
    max|Quu|=1.765e+01, cond(Quu)=1.215e+05
    max|Quu|=1.765e+01, cond(Quu)=1.215e+05
    max|Quu|=1.765e+01, cond(Quu)=1.215e+05
    max|Quu|=1.764e+01, cond(Quu)=1.215e+05
    max|Quu|=1.764e+01, cond(Quu)=1.215e+05
    max|Quu|=1.764e+01, cond(Quu)=1.215e+05
    max|Quu|=1.764e+01, cond(Quu)=1.216e+05
    max|Quu|=1.764e+01, cond(Quu)=1.217e+05
    max|Quu|=1.764e+01, cond(Quu)=1.217e+05
    max|Quu|=1.764e+01, cond(Quu)=1.218e+05
    max|Quu|=1.764e+01, cond(Quu)=1.219e+05
    max|Quu|=1.764e+01, cond(Quu)=1.220e+05
    max|Quu|=1.764e+01, cond(Quu)=1.221e+05
    max|Quu|=1.764e+01, cond(Quu)=1.222e+05
    max|Quu|=1.764e+01, cond(Quu)=1.222e+05
    max|Quu|=1.764e+01, cond(Quu)=1.223e+05
    max|Quu|=1.763e+01, cond(Quu)=1.223e+05
    max|Quu|=1.763e+01, cond(Quu)=1.224e+05
    max|Quu|=1.763e+01, cond(Quu)=1.225e+05
    max|Quu|=1.763e+01, cond(Quu)=1.225e+05
    max|Quu|=1.763e+01, cond(Quu)=1.226e+05
    max|Quu|=1.764e+01, cond(Quu)=1.226e+05
    max|Quu|=1.764e+01, cond(Quu)=1.226e+05
    max|Quu|=1.764e+01, cond(Quu)=1.227e+05
    max|Quu|=1.764e+01, cond(Quu)=1.227e+05
    max|Quu|=1.764e+01, cond(Quu)=1.227e+05
    max|Quu|=1.763e+01, cond(Quu)=1.227e+05
    max|Quu|=1.763e+01, cond(Quu)=1.227e+05
    max|Quu|=1.763e+01, cond(Quu)=1.227e+05
    max|Quu|=1.763e+01, cond(Quu)=1.227e+05
    max|Quu|=1.763e+01, cond(Quu)=1.227e+05
    max|Quu|=1.763e+01, cond(Quu)=1.227e+05
    max|Quu|=1.764e+01, cond(Quu)=1.226e+05
    max|Quu|=1.764e+01, cond(Quu)=1.226e+05
    max|Quu|=1.764e+01, cond(Quu)=1.226e+05
    max|Quu|=1.764e+01, cond(Quu)=1.226e+05
    max|Quu|=1.764e+01, cond(Quu)=1.226e+05
    max|Quu|=1.764e+01, cond(Quu)=1.226e+05
    max|Quu|=1.764e+01, cond(Quu)=1.225e+05
    max|Quu|=1.764e+01, cond(Quu)=1.225e+05
    max|Quu|=1.764e+01, cond(Quu)=1.225e+05
    max|Quu|=1.765e+01, cond(Quu)=1.225e+05
    max|Quu|=1.765e+01, cond(Quu)=1.225e+05
    max|Quu|=1.765e+01, cond(Quu)=1.225e+05
    max|Quu|=1.765e+01, cond(Quu)=1.224e+05
    max|Quu|=1.765e+01, cond(Quu)=1.224e+05
    max|Quu|=1.765e+01, cond(Quu)=1.224e+05
    max|Quu|=1.766e+01, cond(Quu)=1.224e+05
    max|Quu|=1.766e+01, cond(Quu)=1.224e+05
    max|Quu|=1.766e+01, cond(Quu)=1.224e+05
    max|Quu|=1.766e+01, cond(Quu)=1.224e+05
    max|Quu|=1.766e+01, cond(Quu)=1.224e+05
    max|Quu|=1.766e+01, cond(Quu)=1.224e+05
    max|Quu|=1.767e+01, cond(Quu)=1.224e+05
    max|Quu|=1.767e+01, cond(Quu)=1.224e+05
    max|Quu|=1.767e+01, cond(Quu)=1.224e+05
    max|Quu|=1.767e+01, cond(Quu)=1.224e+05
    max|Quu|=1.767e+01, cond(Quu)=1.224e+05
    max|Quu|=1.768e+01, cond(Quu)=1.224e+05
    max|Quu|=1.768e+01, cond(Quu)=1.225e+05
    max|Quu|=1.768e+01, cond(Quu)=1.225e+05
    max|Quu|=1.768e+01, cond(Quu)=1.225e+05
    max|Quu|=1.769e+01, cond(Quu)=1.225e+05
    max|Quu|=1.769e+01, cond(Quu)=1.225e+05
    max|Quu|=1.769e+01, cond(Quu)=1.225e+05
    max|Quu|=1.769e+01, cond(Quu)=1.225e+05
    max|Quu|=1.769e+01, cond(Quu)=1.226e+05
    max|Quu|=1.770e+01, cond(Quu)=1.226e+05
    max|Quu|=1.770e+01, cond(Quu)=1.226e+05
    max|Quu|=1.770e+01, cond(Quu)=1.226e+05
    max|Quu|=1.770e+01, cond(Quu)=1.226e+05
    max|Quu|=1.771e+01, cond(Quu)=1.227e+05
    max|Quu|=1.771e+01, cond(Quu)=1.227e+05
    max|Quu|=1.771e+01, cond(Quu)=1.227e+05
    max|Quu|=1.771e+01, cond(Quu)=1.227e+05
    max|Quu|=1.771e+01, cond(Quu)=1.228e+05
    max|Quu|=1.772e+01, cond(Quu)=1.228e+05
    max|Quu|=1.772e+01, cond(Quu)=1.228e+05
    max|Quu|=1.772e+01, cond(Quu)=1.228e+05
    max|Quu|=1.772e+01, cond(Quu)=1.228e+05
    max|Quu|=1.772e+01, cond(Quu)=1.228e+05
    max|Quu|=1.772e+01, cond(Quu)=1.228e+05
    max|Quu|=1.772e+01, cond(Quu)=1.228e+05
    max|Quu|=1.772e+01, cond(Quu)=1.228e+05
    max|Quu|=1.772e+01, cond(Quu)=1.229e+05
    max|Quu|=1.773e+01, cond(Quu)=1.229e+05
    max|Quu|=1.773e+01, cond(Quu)=1.229e+05
    max|Quu|=1.773e+01, cond(Quu)=1.229e+05
    max|Quu|=1.773e+01, cond(Quu)=1.229e+05
    max|Quu|=1.773e+01, cond(Quu)=1.229e+05
    max|Quu|=1.773e+01, cond(Quu)=1.229e+05
    max|Quu|=1.772e+01, cond(Quu)=1.228e+05
    max|Quu|=1.772e+01, cond(Quu)=1.228e+05
    max|Quu|=1.772e+01, cond(Quu)=1.228e+05
    max|Quu|=1.772e+01, cond(Quu)=1.228e+05
    max|Quu|=1.772e+01, cond(Quu)=1.228e+05
    max|Quu|=1.772e+01, cond(Quu)=1.228e+05
    max|Quu|=1.772e+01, cond(Quu)=1.228e+05
    max|Quu|=1.772e+01, cond(Quu)=1.228e+05
    max|Quu|=1.772e+01, cond(Quu)=1.228e+05
    max|Quu|=1.772e+01, cond(Quu)=1.228e+05
    max|Quu|=1.772e+01, cond(Quu)=1.228e+05
    max|Quu|=1.772e+01, cond(Quu)=1.229e+05
    max|Quu|=1.773e+01, cond(Quu)=1.229e+05
    max|Quu|=1.773e+01, cond(Quu)=1.229e+05
    max|Quu|=1.773e+01, cond(Quu)=1.230e+05
    max|Quu|=1.773e+01, cond(Quu)=1.230e+05
    max|Quu|=1.772e+01, cond(Quu)=1.230e+05
    max|Quu|=1.772e+01, cond(Quu)=1.230e+05
    max|Quu|=1.772e+01, cond(Quu)=1.230e+05
    max|Quu|=1.773e+01, cond(Quu)=1.231e+05
    max|Quu|=1.773e+01, cond(Quu)=1.231e+05
    max|Quu|=1.773e+01, cond(Quu)=1.232e+05
    max|Quu|=1.773e+01, cond(Quu)=1.232e+05
    max|Quu|=1.773e+01, cond(Quu)=1.232e+05
    max|Quu|=1.774e+01, cond(Quu)=1.232e+05
    max|Quu|=1.774e+01, cond(Quu)=1.233e+05
    max|Quu|=1.774e+01, cond(Quu)=1.233e+05
    max|Quu|=1.774e+01, cond(Quu)=1.233e+05
    max|Quu|=1.774e+01, cond(Quu)=1.233e+05
    max|Quu|=1.774e+01, cond(Quu)=1.233e+05
    max|Quu|=1.774e+01, cond(Quu)=1.233e+05
    max|Quu|=1.774e+01, cond(Quu)=1.233e+05
    max|Quu|=1.774e+01, cond(Quu)=1.233e+05
    max|Quu|=1.774e+01, cond(Quu)=1.233e+05
    max|Quu|=1.774e+01, cond(Quu)=1.233e+05
    max|Quu|=1.774e+01, cond(Quu)=1.233e+05
    max|Quu|=1.774e+01, cond(Quu)=1.233e+05
    max|Quu|=1.774e+01, cond(Quu)=1.233e+05
    max|Quu|=1.774e+01, cond(Quu)=1.233e+05
    max|Quu|=1.775e+01, cond(Quu)=1.233e+05
    max|Quu|=1.775e+01, cond(Quu)=1.233e+05
    max|Quu|=1.774e+01, cond(Quu)=1.232e+05
    max|Quu|=1.774e+01, cond(Quu)=1.232e+05
    max|Quu|=1.774e+01, cond(Quu)=1.232e+05
    max|Quu|=1.774e+01, cond(Quu)=1.231e+05
    max|Quu|=1.773e+01, cond(Quu)=1.230e+05
    max|Quu|=1.772e+01, cond(Quu)=1.229e+05
    max|Quu|=1.770e+01, cond(Quu)=1.228e+05
    max|Quu|=1.768e+01, cond(Quu)=1.226e+05
    max|Quu|=1.764e+01, cond(Quu)=1.222e+05
    max|Quu|=1.758e+01, cond(Quu)=1.217e+05
    max|Quu|=1.750e+01, cond(Quu)=1.210e+05
    max|Quu|=1.737e+01, cond(Quu)=1.199e+05
    max|Quu|=1.718e+01, cond(Quu)=1.183e+05
    max|Quu|=1.688e+01, cond(Quu)=1.156e+05
    max|Quu|=1.642e+01, cond(Quu)=1.113e+05
    max|Quu|=1.567e+01, cond(Quu)=1.039e+05
    max|Quu|=1.441e+01, cond(Quu)=9.017e+04
    max|Quu|=1.215e+01, cond(Quu)=6.281e+04
    max|Quu|=8.006e+00, cond(Quu)=1.942e+04
    max|Quu|=2.641e+00, cond(Quu)=6.520e+02
    max|Quu|=2.244e+00, cond(Quu)=1.002e+02
    max|Quu|=2.874e+00, cond(Quu)=3.659e+01
    max|Quu|=2.870e+00, cond(Quu)=9.405e+00
    max|Quu|=2.907e+00, cond(Quu)=3.391e+00
    max|Quu|=4.780e+00, cond(Quu)=1.831e+00
    max|Quu|=1.019e+01, cond(Quu)=1.336e+00
    max|Quu|=2.170e+01, cond(Quu)=1.147e+00
    max|Quu|=4.615e+01, cond(Quu)=1.067e+00
    max|Quu|=9.803e+01, cond(Quu)=1.032e+00
    max|Quu|=2.080e+02, cond(Quu)=1.015e+00
    max|Quu|=4.409e+02, cond(Quu)=1.007e+00
    max|Quu|=9.336e+02, cond(Quu)=1.003e+00
    max|Quu|=1.975e+03, cond(Quu)=1.002e+00
    max|Quu|=4.173e+03, cond(Quu)=1.001e+00
    max|Quu|=8.811e+03, cond(Quu)=1.000e+00
    max|Quu|=1.858e+04, cond(Quu)=1.000e+00
    max|Quu|=3.916e+04, cond(Quu)=1.000e+00
    max|Quu|=8.243e+04, cond(Quu)=1.000e+00
    max|Quu|=1.734e+05, cond(Quu)=1.000e+00
    max|Quu|=3.644e+05, cond(Quu)=1.000e+00
    max|Quu|=7.651e+05, cond(Quu)=1.000e+00
    max|Quu|=1.605e+06, cond(Quu)=1.000e+00
    max|Quu|=3.366e+06, cond(Quu)=1.000e+00
    max|Quu|=7.054e+06, cond(Quu)=1.000e+00
    max|Quu|=1.477e+07, cond(Quu)=1.000e+00
    max|Quu|=3.090e+07, cond(Quu)=1.000e+00
    max|Quu|=6.460e+07, cond(Quu)=1.000e+00
    max|Quu|=1.349e+08, cond(Quu)=1.000e+00
    max|Quu|=2.817e+08, cond(Quu)=1.000e+00
    max|Quu|=5.877e+08, cond(Quu)=1.000e+00
    max|Quu|=1.225e+09, cond(Quu)=1.000e+00
    max|Quu|=2.553e+09, cond(Quu)=1.000e+00
    max|Quu|=5.316e+09, cond(Quu)=1.000e+00
    max|Quu|=1.106e+10, cond(Quu)=1.000e+00
    max|Quu|=2.299e+10, cond(Quu)=1.000e+00
    max|Quu|=4.777e+10, cond(Quu)=1.000e+00
    max|Quu|=9.921e+10, cond(Quu)=1.000e+00
    max|Quu|=2.059e+11, cond(Quu)=1.000e+00
    max|Quu|=4.272e+11, cond(Quu)=1.000e+00
    max|Quu|=8.855e+11, cond(Quu)=1.000e+00
    max|Quu|=1.835e+12, cond(Quu)=1.000e+00
    max|Quu|=3.798e+12, cond(Quu)=1.000e+00
    max|Quu|=7.859e+12, cond(Quu)=1.000e+00
    max|Quu|=1.625e+13, cond(Quu)=1.000e+00
    max|Quu|=3.359e+13, cond(Quu)=1.000e+00
    max|Quu|=6.940e+13, cond(Quu)=1.000e+00
    max|Quu|=1.433e+14, cond(Quu)=1.000e+00
    max|Quu|=2.956e+14, cond(Quu)=1.000e+00
    max|Quu|=6.095e+14, cond(Quu)=1.000e+00
    max|Quu|=1.256e+15, cond(Quu)=1.000e+00
    max|Quu|=2.588e+15, cond(Quu)=1.000e+00
    max|Quu|=5.329e+15, cond(Quu)=1.000e+00
    max|Quu|=1.097e+16, cond(Quu)=1.000e+00
    max|Quu|=2.257e+16, cond(Quu)=1.000e+00
    max|Quu|=4.640e+16, cond(Quu)=1.000e+00
    max|Quu|=9.537e+16, cond(Quu)=1.000e+00
    max|Quu|=1.959e+17, cond(Quu)=1.000e+00
    max|Quu|=4.023e+17, cond(Quu)=1.000e+00
    max|Quu|=8.257e+17, cond(Quu)=1.000e+00
    max|Quu|=1.694e+18, cond(Quu)=1.000e+00
    max|Quu|=3.475e+18, cond(Quu)=1.000e+00
    max|Quu|=7.124e+18, cond(Quu)=1.000e+00
    max|Quu|=1.460e+19, cond(Quu)=1.000e+00
    max|Quu|=2.990e+19, cond(Quu)=1.000e+00
    max|Quu|=6.122e+19, cond(Quu)=1.000e+00
    max|Quu|=1.253e+20, cond(Quu)=1.000e+00
    max|Quu|=2.563e+20, cond(Quu)=1.000e+00
    max|Quu|=5.242e+20, cond(Quu)=1.000e+00
    max|Quu|=1.072e+21, cond(Quu)=1.000e+00
    max|Quu|=2.190e+21, cond(Quu)=1.000e+00
    max|Quu|=4.474e+21, cond(Quu)=1.000e+00
    max|Quu|=9.134e+21, cond(Quu)=1.000e+00
    max|Quu|=1.864e+22, cond(Quu)=1.000e+00
    max|Quu|=3.804e+22, cond(Quu)=1.000e+00
    max|Quu|=7.758e+22, cond(Quu)=1.000e+00
    max|Quu|=1.582e+23, cond(Quu)=1.000e+00
    max|Quu|=3.224e+23, cond(Quu)=1.000e+00
    max|Quu|=6.569e+23, cond(Quu)=1.000e+00
    max|Quu|=1.338e+24, cond(Quu)=1.000e+00
    max|Quu|=2.724e+24, cond(Quu)=1.000e+00
    max|Quu|=5.544e+24, cond(Quu)=1.000e+00
    max|Quu|=1.128e+25, cond(Quu)=1.000e+00
    max|Quu|=2.294e+25, cond(Quu)=1.000e+00
    max|Quu|=4.664e+25, cond(Quu)=1.000e+00
    max|Quu|=9.479e+25, cond(Quu)=1.000e+00
    max|Quu|=1.926e+26, cond(Quu)=1.000e+00
    max|Quu|=3.912e+26, cond(Quu)=1.000e+00
    max|Quu|=7.943e+26, cond(Quu)=1.000e+00
    max|Quu|=1.612e+27, cond(Quu)=1.000e+00
    max|Quu|=3.272e+27, cond(Quu)=1.000e+00
    max|Quu|=6.636e+27, cond(Quu)=1.000e+00
    max|Quu|=1.346e+28, cond(Quu)=1.000e+00
    max|Quu|=2.728e+28, cond(Quu)=1.000e+00
    max|Quu|=5.530e+28, cond(Quu)=1.000e+00
    max|Quu|=1.120e+29, cond(Quu)=1.000e+00
    max|Quu|=2.269e+29, cond(Quu)=1.000e+00
    max|Quu|=4.595e+29, cond(Quu)=1.000e+00
    max|Quu|=9.301e+29, cond(Quu)=1.000e+00
    max|Quu|=1.882e+30, cond(Quu)=1.000e+00
    max|Quu|=3.808e+30, cond(Quu)=1.000e+00
    max|Quu|=7.701e+30, cond(Quu)=1.000e+00
    max|Quu|=1.557e+31, cond(Quu)=1.000e+00
    max|Quu|=3.147e+31, cond(Quu)=1.000e+00
    max|Quu|=6.359e+31, cond(Quu)=1.000e+00
    max|Quu|=1.284e+32, cond(Quu)=1.000e+00
    max|Quu|=2.594e+32, cond(Quu)=1.000e+00
    max|Quu|=5.237e+32, cond(Quu)=1.000e+00
    max|Quu|=1.057e+33, cond(Quu)=1.000e+00
    max|Quu|=2.133e+33, cond(Quu)=1.000e+00
    max|Quu|=4.302e+33, cond(Quu)=1.000e+00
    max|Quu|=8.676e+33, cond(Quu)=1.000e+00
    max|Quu|=1.749e+34, cond(Quu)=1.000e+00
    max|Quu|=3.526e+34, cond(Quu)=1.000e+00
    max|Quu|=7.104e+34, cond(Quu)=1.000e+00
    max|Quu|=1.431e+35, cond(Quu)=1.000e+00
    max|Quu|=2.882e+35, cond(Quu)=1.000e+00
    max|Quu|=5.802e+35, cond(Quu)=1.000e+00
    max|Quu|=1.168e+36, cond(Quu)=1.000e+00
    max|Quu|=2.350e+36, cond(Quu)=1.000e+00
    max|Quu|=4.728e+36, cond(Quu)=1.000e+00
    max|Quu|=9.509e+36, cond(Quu)=1.000e+00
    max|Quu|=1.912e+37, cond(Quu)=1.000e+00
    max|Quu|=3.843e+37, cond(Quu)=1.000e+00
    max|Quu|=7.724e+37, cond(Quu)=1.000e+00
    max|Quu|=1.552e+38, cond(Quu)=1.000e+00
    max|Quu|=3.117e+38, cond(Quu)=1.000e+00
    max|Quu|=6.259e+38, cond(Quu)=1.000e+00
    max|Quu|=1.256e+39, cond(Quu)=1.000e+00
    max|Quu|=2.522e+39, cond(Quu)=1.000e+00
    max|Quu|=5.059e+39, cond(Quu)=1.000e+00
    max|Quu|=1.015e+40, cond(Quu)=1.000e+00
    max|Quu|=2.035e+40, cond(Quu)=1.000e+00
    max|Quu|=4.080e+40, cond(Quu)=1.000e+00
    max|Quu|=8.177e+40, cond(Quu)=1.000e+00
    max|Quu|=1.638e+41, cond(Quu)=1.000e+00
    max|Quu|=3.282e+41, cond(Quu)=1.000e+00
    max|Quu|=6.572e+41, cond(Quu)=1.000e+00
    max|Quu|=1.316e+42, cond(Quu)=1.000e+00
    max|Quu|=2.633e+42, cond(Quu)=1.000e+00
    max|Quu|=5.267e+42, cond(Quu)=1.000e+00
    max|Quu|=1.053e+43, cond(Quu)=1.000e+00
    max|Quu|=2.106e+43, cond(Quu)=1.000e+00
    max|Quu|=4.210e+43, cond(Quu)=1.000e+00
    max|Quu|=8.412e+43, cond(Quu)=1.000e+00
    max|Quu|=1.680e+44, cond(Quu)=1.000e+00
    max|Quu|=3.355e+44, cond(Quu)=1.000e+00
    max|Quu|=6.698e+44, cond(Quu)=1.000e+00
    max|Quu|=1.337e+45, cond(Quu)=1.000e+00
    max|Quu|=2.666e+45, cond(Quu)=1.000e+00
    max|Quu|=5.317e+45, cond(Quu)=1.000e+00
    max|Quu|=1.060e+46, cond(Quu)=1.000e+00
    max|Quu|=2.112e+46, cond(Quu)=1.000e+00
    max|Quu|=4.207e+46, cond(Quu)=1.000e+00
    max|Quu|=8.378e+46, cond(Quu)=1.000e+00
    max|Quu|=1.668e+47, cond(Quu)=1.000e+00
    max|Quu|=3.319e+47, cond(Quu)=1.000e+00
    max|Quu|=6.601e+47, cond(Quu)=1.000e+00
    max|Quu|=1.313e+48, cond(Quu)=1.000e+00
    max|Quu|=2.609e+48, cond(Quu)=1.000e+00
    max|Quu|=5.183e+48, cond(Quu)=1.000e+00
    max|Quu|=1.029e+49, cond(Quu)=1.000e+00
    max|Quu|=2.043e+49, cond(Quu)=1.000e+00
    max|Quu|=4.053e+49, cond(Quu)=1.000e+00
    max|Quu|=8.038e+49, cond(Quu)=1.000e+00
    max|Quu|=1.593e+50, cond(Quu)=1.000e+00
    max|Quu|=3.156e+50, cond(Quu)=1.000e+00
    max|Quu|=6.250e+50, cond(Quu)=1.000e+00
    max|Quu|=1.237e+51, cond(Quu)=1.000e+00
    max|Quu|=2.446e+51, cond(Quu)=1.000e+00
    max|Quu|=4.835e+51, cond(Quu)=1.000e+00
    max|Quu|=9.551e+51, cond(Quu)=1.000e+00
    max|Quu|=1.886e+52, cond(Quu)=1.000e+00
    max|Quu|=3.720e+52, cond(Quu)=1.000e+00
    max|Quu|=7.334e+52, cond(Quu)=1.000e+00
    max|Quu|=1.445e+53, cond(Quu)=1.000e+00
    max|Quu|=2.845e+53, cond(Quu)=1.000e+00
    max|Quu|=5.596e+53, cond(Quu)=1.000e+00
    max|Quu|=1.100e+54, cond(Quu)=1.000e+00
    max|Quu|=2.159e+54, cond(Quu)=1.000e+00
    max|Quu|=4.236e+54, cond(Quu)=1.000e+00
    max|Quu|=8.301e+54, cond(Quu)=1.000e+00
    max|Quu|=1.625e+55, cond(Quu)=1.000e+00
    max|Quu|=3.178e+55, cond(Quu)=1.000e+00
    max|Quu|=6.207e+55, cond(Quu)=1.000e+00
    max|Quu|=1.211e+56, cond(Quu)=1.000e+00
    max|Quu|=2.358e+56, cond(Quu)=1.000e+00
    max|Quu|=4.586e+56, cond(Quu)=1.000e+00
    max|Quu|=8.905e+56, cond(Quu)=1.000e+00
    max|Quu|=1.726e+57, cond(Quu)=1.000e+00
    max|Quu|=3.340e+57, cond(Quu)=1.000e+00
    max|Quu|=6.449e+57, cond(Quu)=1.000e+00
    max|Quu|=1.242e+58, cond(Quu)=1.000e+00
    max|Quu|=2.386e+58, cond(Quu)=1.000e+00
    max|Quu|=4.572e+58, cond(Quu)=1.000e+00
    max|Quu|=8.734e+58, cond(Quu)=1.000e+00
    max|Quu|=1.663e+59, cond(Quu)=1.000e+00
    max|Quu|=3.156e+59, cond(Quu)=1.000e+00
    max|Quu|=5.963e+59, cond(Quu)=1.000e+00
    max|Quu|=1.121e+60, cond(Quu)=1.000e+00
    max|Quu|=2.093e+60, cond(Quu)=1.000e+00
    max|Quu|=3.885e+60, cond(Quu)=1.000e+00
    max|Quu|=7.157e+60, cond(Quu)=1.000e+00
    max|Quu|=1.306e+61, cond(Quu)=1.000e+00
    max|Quu|=2.359e+61, cond(Quu)=1.000e+00
    max|Quu|=4.200e+61, cond(Quu)=1.000e+00
    max|Quu|=7.347e+61, cond(Quu)=1.000e+00
    max|Quu|=1.256e+62, cond(Quu)=1.000e+00
    max|Quu|=2.076e+62, cond(Quu)=1.000e+00
    max|Quu|=3.270e+62, cond(Quu)=1.000e+00
    max|Quu|=4.744e+62, cond(Quu)=1.000e+00
    max|Quu|=5.841e+62, cond(Quu)=1.000e+00
    max|Quu|=4.264e+62, cond(Quu)=1.000e+00
    max|Quu|=6.535e+62, cond(Quu)=1.000e+00
    max|Quu|=4.367e+63, cond(Quu)=1.000e+00
    max|Quu|=1.495e+64, cond(Quu)=1.000e+00
    max|Quu|=4.253e+64, cond(Quu)=1.000e+00
    max|Quu|=1.107e+65, cond(Quu)=1.000e+00
    max|Quu|=2.733e+65, cond(Quu)=1.000e+00
    max|Quu|=6.508e+65, cond(Quu)=1.000e+00
    max|Quu|=1.511e+66, cond(Quu)=1.000e+00
    max|Quu|=3.446e+66, cond(Quu)=1.000e+00
    max|Quu|=7.751e+66, cond(Quu)=1.000e+00
    max|Quu|=1.724e+67, cond(Quu)=1.000e+00
    max|Quu|=3.798e+67, cond(Quu)=1.000e+00
    max|Quu|=8.301e+67, cond(Quu)=1.000e+00
    max|Quu|=1.802e+68, cond(Quu)=1.000e+00
    max|Quu|=3.887e+68, cond(Quu)=1.000e+00
    max|Quu|=8.342e+68, cond(Quu)=1.000e+00
    max|Quu|=1.783e+69, cond(Quu)=1.000e+00
    max|Quu|=3.795e+69, cond(Quu)=1.000e+00
    max|Quu|=8.053e+69, cond(Quu)=1.000e+00
    max|Quu|=1.703e+70, cond(Quu)=1.000e+00
    max|Quu|=3.593e+70, cond(Quu)=1.000e+00
    max|Quu|=7.559e+70, cond(Quu)=1.000e+00
    max|Quu|=1.587e+71, cond(Quu)=1.000e+00
    max|Quu|=3.323e+71, cond(Quu)=1.000e+00
    max|Quu|=6.945e+71, cond(Quu)=1.000e+00
    max|Quu|=1.448e+72, cond(Quu)=1.000e+00
    max|Quu|=3.015e+72, cond(Quu)=1.000e+00
    max|Quu|=6.268e+72, cond(Quu)=1.000e+00
    max|Quu|=1.301e+73, cond(Quu)=1.000e+00
    max|Quu|=2.697e+73, cond(Quu)=1.000e+00
    max|Quu|=5.583e+73, cond(Quu)=1.000e+00
    max|Quu|=1.155e+74, cond(Quu)=1.000e+00
    max|Quu|=2.385e+74, cond(Quu)=1.000e+00
    max|Quu|=4.920e+74, cond(Quu)=1.000e+00
    max|Quu|=1.014e+75, cond(Quu)=1.000e+00
    max|Quu|=2.088e+75, cond(Quu)=1.000e+00
    max|Quu|=4.296e+75, cond(Quu)=1.000e+00
    max|Quu|=8.831e+75, cond(Quu)=1.000e+00
    max|Quu|=1.814e+76, cond(Quu)=1.000e+00
    max|Quu|=3.722e+76, cond(Quu)=1.000e+00
    max|Quu|=7.634e+76, cond(Quu)=1.000e+00
    max|Quu|=1.565e+77, cond(Quu)=1.000e+00
    max|Quu|=3.204e+77, cond(Quu)=1.000e+00
    max|Quu|=6.558e+77, cond(Quu)=1.000e+00
    max|Quu|=1.341e+78, cond(Quu)=1.000e+00
    max|Quu|=2.742e+78, cond(Quu)=1.000e+00
    max|Quu|=5.603e+78, cond(Quu)=1.000e+00
    max|Quu|=1.144e+79, cond(Quu)=1.000e+00
    max|Quu|=2.335e+79, cond(Quu)=1.000e+00
    max|Quu|=4.764e+79, cond(Quu)=1.000e+00
    max|Quu|=9.715e+79, cond(Quu)=1.000e+00
    max|Quu|=1.980e+80, cond(Quu)=1.000e+00
    max|Quu|=4.034e+80, cond(Quu)=1.000e+00
    max|Quu|=8.215e+80, cond(Quu)=1.000e+00
    max|Quu|=1.672e+81, cond(Quu)=1.000e+00
    max|Quu|=3.403e+81, cond(Quu)=1.000e+00
    max|Quu|=6.921e+81, cond(Quu)=1.000e+00
    max|Quu|=1.407e+82, cond(Quu)=1.000e+00
    max|Quu|=2.861e+82, cond(Quu)=1.000e+00
    max|Quu|=5.813e+82, cond(Quu)=1.000e+00
    max|Quu|=1.181e+83, cond(Quu)=1.000e+00
    max|Quu|=2.398e+83, cond(Quu)=1.000e+00
    max|Quu|=4.867e+83, cond(Quu)=1.000e+00
    max|Quu|=9.878e+83, cond(Quu)=1.000e+00
    max|Quu|=2.004e+84, cond(Quu)=1.000e+00
    max|Quu|=4.065e+84, cond(Quu)=1.000e+00
    max|Quu|=8.244e+84, cond(Quu)=1.000e+00
    max|Quu|=1.671e+85, cond(Quu)=1.000e+00
    max|Quu|=3.388e+85, cond(Quu)=1.000e+00
    max|Quu|=6.866e+85, cond(Quu)=1.000e+00
    max|Quu|=1.391e+86, cond(Quu)=1.000e+00
    max|Quu|=2.819e+86, cond(Quu)=1.000e+00
    max|Quu|=5.709e+86, cond(Quu)=1.000e+00
    max|Quu|=1.156e+87, cond(Quu)=1.000e+00
    max|Quu|=2.341e+87, cond(Quu)=1.000e+00
    max|Quu|=4.739e+87, cond(Quu)=1.000e+00
    max|Quu|=9.591e+87, cond(Quu)=1.000e+00
    max|Quu|=1.941e+88, cond(Quu)=1.000e+00
    max|Quu|=3.927e+88, cond(Quu)=1.000e+00
    max|Quu|=7.944e+88, cond(Quu)=1.000e+00
    max|Quu|=1.607e+89, cond(Quu)=1.000e+00
    max|Quu|=3.249e+89, cond(Quu)=1.000e+00
    max|Quu|=6.571e+89, cond(Quu)=1.000e+00
    max|Quu|=1.329e+90, cond(Quu)=1.000e+00
    max|Quu|=2.687e+90, cond(Quu)=1.000e+00
    max|Quu|=5.432e+90, cond(Quu)=1.000e+00
    max|Quu|=1.098e+91, cond(Quu)=1.000e+00
    max|Quu|=2.220e+91, cond(Quu)=1.000e+00
    max|Quu|=4.486e+91, cond(Quu)=1.000e+00
    max|Quu|=9.065e+91, cond(Quu)=1.000e+00
    max|Quu|=1.832e+92, cond(Quu)=1.000e+00
    max|Quu|=3.701e+92, cond(Quu)=1.000e+00
    max|Quu|=7.478e+92, cond(Quu)=1.000e+00
    max|Quu|=1.511e+93, cond(Quu)=1.000e+00
    max|Quu|=3.052e+93, cond(Quu)=1.000e+00
    max|Quu|=6.165e+93, cond(Quu)=1.000e+00
    max|Quu|=1.245e+94, cond(Quu)=1.000e+00
    max|Quu|=2.516e+94, cond(Quu)=1.000e+00
    max|Quu|=5.081e+94, cond(Quu)=1.000e+00
    max|Quu|=1.026e+95, cond(Quu)=1.000e+00
    max|Quu|=2.073e+95, cond(Quu)=1.000e+00
    max|Quu|=4.188e+95, cond(Quu)=1.000e+00
    max|Quu|=8.460e+95, cond(Quu)=1.000e+00
    max|Quu|=1.709e+96, cond(Quu)=1.000e+00
    max|Quu|=3.452e+96, cond(Quu)=1.000e+00
    max|Quu|=6.974e+96, cond(Quu)=1.000e+00
    max|Quu|=1.409e+97, cond(Quu)=1.000e+00
    max|Quu|=2.845e+97, cond(Quu)=1.000e+00
    max|Quu|=5.748e+97, cond(Quu)=1.000e+00
    max|Quu|=1.161e+98, cond(Quu)=1.000e+00
    max|Quu|=2.345e+98, cond(Quu)=1.000e+00
    max|Quu|=4.738e+98, cond(Quu)=1.000e+00
    max|Quu|=9.572e+98, cond(Quu)=1.000e+00
    max|Quu|=1.934e+99, cond(Quu)=1.000e+00
    max|Quu|=3.907e+99, cond(Quu)=1.000e+00
    max|Quu|=7.894e+99, cond(Quu)=1.000e+00
    max|Quu|=1.595e+100, cond(Quu)=1.000e+00
    max|Quu|=3.223e+100, cond(Quu)=1.000e+00
    max|Quu|=6.512e+100, cond(Quu)=1.000e+00
    max|Quu|=1.316e+101, cond(Quu)=1.000e+00
    max|Quu|=2.659e+101, cond(Quu)=1.000e+00
    max|Quu|=5.373e+101, cond(Quu)=1.000e+00
    max|Quu|=1.086e+102, cond(Quu)=1.000e+00
    max|Quu|=2.194e+102, cond(Quu)=1.000e+00
    max|Quu|=4.434e+102, cond(Quu)=1.000e+00
    max|Quu|=8.961e+102, cond(Quu)=1.000e+00
    max|Quu|=1.811e+103, cond(Quu)=1.000e+00
    max|Quu|=3.661e+103, cond(Quu)=1.000e+00
    max|Quu|=7.399e+103, cond(Quu)=1.000e+00
    max|Quu|=1.496e+104, cond(Quu)=1.000e+00
    max|Quu|=3.023e+104, cond(Quu)=1.000e+00
    max|Quu|=6.112e+104, cond(Quu)=1.000e+00
    max|Quu|=1.236e+105, cond(Quu)=1.000e+00
    max|Quu|=2.498e+105, cond(Quu)=1.000e+00
    max|Quu|=5.051e+105, cond(Quu)=1.000e+00
    max|Quu|=1.021e+106, cond(Quu)=1.000e+00
    max|Quu|=2.065e+106, cond(Quu)=1.000e+00
    max|Quu|=4.175e+106, cond(Quu)=1.000e+00
    max|Quu|=8.443e+106, cond(Quu)=1.000e+00
    max|Quu|=1.707e+107, cond(Quu)=1.000e+00
    max|Quu|=3.453e+107, cond(Quu)=1.000e+00
    max|Quu|=6.982e+107, cond(Quu)=1.000e+00
    max|Quu|=1.412e+108, cond(Quu)=1.000e+00
    max|Quu|=2.856e+108, cond(Quu)=1.000e+00
    max|Quu|=5.777e+108, cond(Quu)=1.000e+00
    max|Quu|=1.168e+109, cond(Quu)=1.000e+00
    max|Quu|=2.363e+109, cond(Quu)=1.000e+00
    max|Quu|=4.780e+109, cond(Quu)=1.000e+00
    max|Quu|=9.670e+109, cond(Quu)=1.000e+00
    max|Quu|=1.956e+110, cond(Quu)=1.000e+00
    max|Quu|=3.957e+110, cond(Quu)=1.000e+00
    max|Quu|=8.004e+110, cond(Quu)=1.000e+00
    max|Quu|=1.619e+111, cond(Quu)=1.000e+00
    max|Quu|=3.276e+111, cond(Quu)=1.000e+00
    max|Quu|=6.627e+111, cond(Quu)=1.000e+00
    max|Quu|=1.341e+112, cond(Quu)=1.000e+00
    max|Quu|=2.712e+112, cond(Quu)=1.000e+00
    max|Quu|=5.487e+112, cond(Quu)=1.000e+00
    max|Quu|=1.110e+113, cond(Quu)=1.000e+00
    max|Quu|=2.246e+113, cond(Quu)=1.000e+00
    max|Quu|=4.544e+113, cond(Quu)=1.000e+00
    max|Quu|=9.192e+113, cond(Quu)=1.000e+00
    max|Quu|=1.860e+114, cond(Quu)=1.000e+00
    max|Quu|=3.762e+114, cond(Quu)=1.000e+00
    max|Quu|=7.612e+114, cond(Quu)=1.000e+00
    max|Quu|=1.540e+115, cond(Quu)=1.000e+00
    max|Quu|=3.116e+115, cond(Quu)=1.000e+00
    max|Quu|=6.304e+115, cond(Quu)=1.000e+00
    max|Quu|=1.275e+116, cond(Quu)=1.000e+00
    max|Quu|=2.580e+116, cond(Quu)=1.000e+00
    max|Quu|=5.218e+116, cond(Quu)=1.000e+00
    max|Quu|=1.056e+117, cond(Quu)=1.000e+00
    max|Quu|=2.135e+117, cond(Quu)=1.000e+00
    max|Quu|=4.318e+117, cond(Quu)=1.000e+00
    max|Quu|=8.733e+117, cond(Quu)=1.000e+00
    max|Quu|=1.766e+118, cond(Quu)=1.000e+00
    max|Quu|=3.572e+118, cond(Quu)=1.000e+00
    max|Quu|=7.223e+118, cond(Quu)=1.000e+00
    max|Quu|=1.461e+119, cond(Quu)=1.000e+00
    max|Quu|=2.953e+119, cond(Quu)=1.000e+00
    max|Quu|=5.969e+119, cond(Quu)=1.000e+00
    max|Quu|=1.207e+120, cond(Quu)=1.000e+00
    max|Quu|=2.439e+120, cond(Quu)=1.000e+00
    max|Quu|=4.930e+120, cond(Quu)=1.000e+00
    max|Quu|=9.962e+120, cond(Quu)=1.000e+00
    max|Quu|=2.013e+121, cond(Quu)=1.000e+00
    max|Quu|=4.066e+121, cond(Quu)=1.000e+00
    max|Quu|=8.214e+121, cond(Quu)=1.000e+00
    max|Quu|=1.659e+122, cond(Quu)=1.000e+00
    max|Quu|=3.350e+122, cond(Quu)=1.000e+00
    max|Quu|=6.765e+122, cond(Quu)=1.000e+00
    max|Quu|=1.366e+123, cond(Quu)=1.000e+00
    max|Quu|=2.758e+123, cond(Quu)=1.000e+00
    max|Quu|=5.568e+123, cond(Quu)=1.000e+00
    max|Quu|=1.124e+124, cond(Quu)=1.000e+00
    max|Quu|=2.269e+124, cond(Quu)=1.000e+00
    max|Quu|=4.580e+124, cond(Quu)=1.000e+00
    max|Quu|=9.245e+124, cond(Quu)=1.000e+00
    max|Quu|=1.866e+125, cond(Quu)=1.000e+00
    max|Quu|=3.767e+125, cond(Quu)=1.000e+00
    max|Quu|=7.602e+125, cond(Quu)=1.000e+00
    max|Quu|=1.534e+126, cond(Quu)=1.000e+00
    max|Quu|=3.095e+126, cond(Quu)=1.000e+00
    max|Quu|=6.246e+126, cond(Quu)=1.000e+00
    max|Quu|=1.260e+127, cond(Quu)=1.000e+00
    max|Quu|=2.543e+127, cond(Quu)=1.000e+00
    max|Quu|=5.132e+127, cond(Quu)=1.000e+00
    max|Quu|=1.036e+128, cond(Quu)=1.000e+00
    max|Quu|=2.089e+128, cond(Quu)=1.000e+00
    max|Quu|=4.215e+128, cond(Quu)=1.000e+00
    max|Quu|=8.504e+128, cond(Quu)=1.000e+00
    max|Quu|=1.716e+129, cond(Quu)=1.000e+00
    max|Quu|=3.461e+129, cond(Quu)=1.000e+00
    max|Quu|=6.982e+129, cond(Quu)=1.000e+00
    max|Quu|=1.408e+130, cond(Quu)=1.000e+00
    max|Quu|=2.841e+130, cond(Quu)=1.000e+00
    max|Quu|=5.731e+130, cond(Quu)=1.000e+00
    max|Quu|=1.156e+131, cond(Quu)=1.000e+00
    max|Quu|=2.331e+131, cond(Quu)=1.000e+00
    max|Quu|=4.702e+131, cond(Quu)=1.000e+00
    max|Quu|=9.484e+131, cond(Quu)=1.000e+00
    max|Quu|=1.913e+132, cond(Quu)=1.000e+00
    max|Quu|=3.858e+132, cond(Quu)=1.000e+00
    max|Quu|=7.780e+132, cond(Quu)=1.000e+00
    max|Quu|=1.569e+133, cond(Quu)=1.000e+00
    max|Quu|=3.163e+133, cond(Quu)=1.000e+00
    max|Quu|=6.378e+133, cond(Quu)=1.000e+00
    max|Quu|=1.286e+134, cond(Quu)=1.000e+00
    max|Quu|=2.593e+134, cond(Quu)=1.000e+00
    max|Quu|=5.228e+134, cond(Quu)=1.000e+00
    max|Quu|=1.054e+135, cond(Quu)=1.000e+00
    max|Quu|=2.125e+135, cond(Quu)=1.000e+00
    max|Quu|=4.283e+135, cond(Quu)=1.000e+00
    max|Quu|=8.634e+135, cond(Quu)=1.000e+00
    max|Quu|=1.740e+136, cond(Quu)=1.000e+00
    max|Quu|=3.508e+136, cond(Quu)=1.000e+00
    max|Quu|=7.069e+136, cond(Quu)=1.000e+00
    max|Quu|=1.425e+137, cond(Quu)=1.000e+00
    max|Quu|=2.871e+137, cond(Quu)=1.000e+00
    max|Quu|=5.785e+137, cond(Quu)=1.000e+00
    max|Quu|=1.166e+138, cond(Quu)=1.000e+00
    max|Quu|=2.349e+138, cond(Quu)=1.000e+00
    max|Quu|=4.732e+138, cond(Quu)=1.000e+00
    max|Quu|=9.533e+138, cond(Quu)=1.000e+00
    max|Quu|=1.920e+139, cond(Quu)=1.000e+00
    max|Quu|=3.868e+139, cond(Quu)=1.000e+00
    max|Quu|=7.792e+139, cond(Quu)=1.000e+00
    max|Quu|=1.569e+140, cond(Quu)=1.000e+00
    max|Quu|=3.161e+140, cond(Quu)=1.000e+00
    max|Quu|=6.366e+140, cond(Quu)=1.000e+00
    max|Quu|=1.282e+141, cond(Quu)=1.000e+00
    max|Quu|=2.582e+141, cond(Quu)=1.000e+00
    max|Quu|=5.199e+141, cond(Quu)=1.000e+00
    max|Quu|=1.047e+142, cond(Quu)=1.000e+00
    max|Quu|=2.108e+142, cond(Quu)=1.000e+00
    max|Quu|=4.244e+142, cond(Quu)=1.000e+00
    max|Quu|=8.544e+142, cond(Quu)=1.000e+00
    max|Quu|=1.720e+143, cond(Quu)=1.000e+00
    max|Quu|=3.462e+143, cond(Quu)=1.000e+00
    max|Quu|=6.970e+143, cond(Quu)=1.000e+00
    max|Quu|=1.403e+144, cond(Quu)=1.000e+00
    max|Quu|=2.824e+144, cond(Quu)=1.000e+00
    max|Quu|=5.683e+144, cond(Quu)=1.000e+00
    max|Quu|=1.144e+145, cond(Quu)=1.000e+00
    max|Quu|=2.302e+145, cond(Quu)=1.000e+00
    max|Quu|=4.632e+145, cond(Quu)=1.000e+00
    max|Quu|=9.321e+145, cond(Quu)=1.000e+00
    max|Quu|=1.876e+146, cond(Quu)=1.000e+00
    max|Quu|=3.774e+146, cond(Quu)=1.000e+00
    max|Quu|=7.594e+146, cond(Quu)=1.000e+00
    max|Quu|=1.528e+147, cond(Quu)=1.000e+00
    max|Quu|=3.074e+147, cond(Quu)=1.000e+00
    max|Quu|=6.185e+147, cond(Quu)=1.000e+00
    max|Quu|=1.244e+148, cond(Quu)=1.000e+00
    max|Quu|=2.504e+148, cond(Quu)=1.000e+00
    max|Quu|=5.037e+148, cond(Quu)=1.000e+00
    max|Quu|=1.013e+149, cond(Quu)=1.000e+00
    max|Quu|=2.039e+149, cond(Quu)=1.000e+00
    max|Quu|=4.102e+149, cond(Quu)=1.000e+00
    max|Quu|=8.252e+149, cond(Quu)=1.000e+00
    max|Quu|=1.660e+150, cond(Quu)=1.000e+00
    max|Quu|=3.340e+150, cond(Quu)=1.000e+00
    max|Quu|=6.719e+150, cond(Quu)=1.000e+00
    max|Quu|=1.352e+151, cond(Quu)=1.000e+00
    max|Quu|=2.719e+151, cond(Quu)=1.000e+00
    max|Quu|=5.471e+151, cond(Quu)=1.000e+00
    max|Quu|=1.101e+152, cond(Quu)=1.000e+00
    max|Quu|=2.214e+152, cond(Quu)=1.000e+00
    max|Quu|=4.454e+152, cond(Quu)=1.000e+00
    max|Quu|=8.960e+152, cond(Quu)=1.000e+00
    max|Quu|=1.803e+153, cond(Quu)=1.000e+00
    max|Quu|=3.626e+153, cond(Quu)=1.000e+00
    max|Quu|=7.295e+153, cond(Quu)=1.000e+00
    max|Quu|=1.468e+154, cond(Quu)=1.000e+00
    max|Quu|=2.952e+154, cond(Quu)=1.000e+00
    max|Quu|=5.939e+154, cond(Quu)=1.000e+00
    max|Quu|=1.195e+155, cond(Quu)=1.000e+00
    max|Quu|=2.403e+155, cond(Quu)=1.000e+00
    max|Quu|=4.835e+155, cond(Quu)=1.000e+00
    max|Quu|=9.726e+155, cond(Quu)=1.000e+00
    max|Quu|=1.957e+156, cond(Quu)=1.000e+00
    max|Quu|=3.936e+156, cond(Quu)=1.000e+00
    max|Quu|=7.918e+156, cond(Quu)=1.000e+00
    max|Quu|=1.593e+157, cond(Quu)=1.000e+00
    max|Quu|=3.204e+157, cond(Quu)=1.000e+00
Measured previous rollout {"cost": 466.85029818768527, "position_rmse": 0.2653633095817069}
Defect construction {"mean_absolute": 0.016573536887876248, "max_absolute": 0.6317495526784249, "max_timestep": 741, "max_state_dimension": 6, "max_state_name": "wheel_speed", "per_state_max_absolute": [0.011228796582793077, 0.011379128429920282, 0.0075494558322133365, 0.02783369078005845, 0.07207186638517823, 0.10653244971967646, 0.6317495526784249, 7.105427357601002e-15, 5.551115123125783e-17]}
Defect reconstruction {"mean_absolute": 1.4307521806086331e-16, "max_absolute": 3.9968028886505635e-15, "max_timestep": 708, "max_state_dimension": 0, "max_state_name": "x", "per_state_max_absolute": [3.9968028886505635e-15, 1.7763568394002505e-15, 8.881784197001252e-16, 6.938893903907228e-18, 5.963111948670274e-19, 1.3877787807814457e-17, 3.552713678800501e-15, 0.0, 0.0]}
alpha=0 max |U_forward - U_old|: 5.659916979539048e-13
Unchanged control baseline {"unchanged_defect": {"cost": 466.85029818768584, "position_rmse": 0.26536330958170723}, "unchanged_nominal": {"cost": 20637.815384774305, "position_rmse": 2.237519538043194}}
Alpha candidate {"alpha": 0.5, "defect": {"cost": 417.2780404722557, "position_rmse": 0.2464137891879674}, "nominal": {"cost": 20722.422725987264, "position_rmse": 2.2436934251786367}, "defect_improvement": 49.57225771543011, "nominal_improvement": -84.607341212959}
Final selection {"status": "ACCEPT", "alpha": 0.5, "cost": 417.2780404722557, "reason": "Strictly lower defect-aware cost than unchanged-control prediction"}
STOP: candidate prepared; no actual rollout executed.
TRIAL {"trial": 6, "cost": 466.85029818768527, "position_rmse": 0.2653633095817069, "lateness_max": 0.0027281829970888793, "rate_hz": 39.998729558508614, "period_ms_min": 22.73049900031765, "period_ms_max": 27.314685998135246, "selection": "ACCEPT", "update_seconds": 3.545364473000518, "retries": 0}
Reset succeeded: [0. 0. 0. 0. 0. 0.]
    max|Quu|=1.000e+01, cond(Quu)=1.000e+05
    max|Quu|=1.313e+01, cond(Quu)=1.200e+05
    max|Quu|=1.551e+01, cond(Quu)=1.314e+05
    max|Quu|=1.668e+01, cond(Quu)=1.336e+05
    max|Quu|=1.713e+01, cond(Quu)=1.323e+05
    max|Quu|=1.729e+01, cond(Quu)=1.305e+05
    max|Quu|=1.734e+01, cond(Quu)=1.292e+05
    max|Quu|=1.736e+01, cond(Quu)=1.283e+05
    max|Quu|=1.737e+01, cond(Quu)=1.277e+05
    max|Quu|=1.737e+01, cond(Quu)=1.273e+05
    max|Quu|=1.737e+01, cond(Quu)=1.270e+05
    max|Quu|=1.737e+01, cond(Quu)=1.268e+05
    max|Quu|=1.737e+01, cond(Quu)=1.266e+05
    max|Quu|=1.737e+01, cond(Quu)=1.264e+05
    max|Quu|=1.737e+01, cond(Quu)=1.262e+05
    max|Quu|=1.737e+01, cond(Quu)=1.260e+05
    max|Quu|=1.737e+01, cond(Quu)=1.258e+05
    max|Quu|=1.737e+01, cond(Quu)=1.256e+05
    max|Quu|=1.737e+01, cond(Quu)=1.253e+05
    max|Quu|=1.737e+01, cond(Quu)=1.251e+05
    max|Quu|=1.737e+01, cond(Quu)=1.249e+05
    max|Quu|=1.737e+01, cond(Quu)=1.247e+05
    max|Quu|=1.737e+01, cond(Quu)=1.245e+05
    max|Quu|=1.737e+01, cond(Quu)=1.242e+05
    max|Quu|=1.737e+01, cond(Quu)=1.240e+05
    max|Quu|=1.737e+01, cond(Quu)=1.238e+05
    max|Quu|=1.737e+01, cond(Quu)=1.236e+05
    max|Quu|=1.737e+01, cond(Quu)=1.233e+05
    max|Quu|=1.737e+01, cond(Quu)=1.231e+05
    max|Quu|=1.737e+01, cond(Quu)=1.230e+05
    max|Quu|=1.737e+01, cond(Quu)=1.228e+05
    max|Quu|=1.738e+01, cond(Quu)=1.226e+05
    max|Quu|=1.738e+01, cond(Quu)=1.225e+05
    max|Quu|=1.738e+01, cond(Quu)=1.223e+05
    max|Quu|=1.738e+01, cond(Quu)=1.222e+05
    max|Quu|=1.738e+01, cond(Quu)=1.221e+05
    max|Quu|=1.738e+01, cond(Quu)=1.220e+05
    max|Quu|=1.738e+01, cond(Quu)=1.219e+05
    max|Quu|=1.738e+01, cond(Quu)=1.218e+05
    max|Quu|=1.739e+01, cond(Quu)=1.218e+05
    max|Quu|=1.739e+01, cond(Quu)=1.217e+05
    max|Quu|=1.739e+01, cond(Quu)=1.216e+05
    max|Quu|=1.739e+01, cond(Quu)=1.216e+05
    max|Quu|=1.740e+01, cond(Quu)=1.215e+05
    max|Quu|=1.740e+01, cond(Quu)=1.215e+05
    max|Quu|=1.740e+01, cond(Quu)=1.215e+05
    max|Quu|=1.740e+01, cond(Quu)=1.214e+05
    max|Quu|=1.741e+01, cond(Quu)=1.214e+05
    max|Quu|=1.741e+01, cond(Quu)=1.214e+05
    max|Quu|=1.742e+01, cond(Quu)=1.214e+05
    max|Quu|=1.742e+01, cond(Quu)=1.214e+05
    max|Quu|=1.742e+01, cond(Quu)=1.213e+05
    max|Quu|=1.743e+01, cond(Quu)=1.213e+05
    max|Quu|=1.743e+01, cond(Quu)=1.213e+05
    max|Quu|=1.744e+01, cond(Quu)=1.213e+05
    max|Quu|=1.744e+01, cond(Quu)=1.214e+05
    max|Quu|=1.745e+01, cond(Quu)=1.214e+05
    max|Quu|=1.746e+01, cond(Quu)=1.214e+05
    max|Quu|=1.746e+01, cond(Quu)=1.214e+05
    max|Quu|=1.747e+01, cond(Quu)=1.214e+05
    max|Quu|=1.747e+01, cond(Quu)=1.214e+05
    max|Quu|=1.748e+01, cond(Quu)=1.215e+05
    max|Quu|=1.749e+01, cond(Quu)=1.215e+05
    max|Quu|=1.749e+01, cond(Quu)=1.215e+05
    max|Quu|=1.750e+01, cond(Quu)=1.215e+05
    max|Quu|=1.750e+01, cond(Quu)=1.216e+05
    max|Quu|=1.751e+01, cond(Quu)=1.216e+05
    max|Quu|=1.752e+01, cond(Quu)=1.216e+05
    max|Quu|=1.752e+01, cond(Quu)=1.217e+05
    max|Quu|=1.753e+01, cond(Quu)=1.217e+05
    max|Quu|=1.754e+01, cond(Quu)=1.217e+05
    max|Quu|=1.754e+01, cond(Quu)=1.218e+05
    max|Quu|=1.755e+01, cond(Quu)=1.218e+05
    max|Quu|=1.755e+01, cond(Quu)=1.218e+05
    max|Quu|=1.756e+01, cond(Quu)=1.219e+05
    max|Quu|=1.757e+01, cond(Quu)=1.219e+05
    max|Quu|=1.757e+01, cond(Quu)=1.219e+05
    max|Quu|=1.758e+01, cond(Quu)=1.220e+05
    max|Quu|=1.759e+01, cond(Quu)=1.220e+05
    max|Quu|=1.760e+01, cond(Quu)=1.220e+05
    max|Quu|=1.760e+01, cond(Quu)=1.221e+05
    max|Quu|=1.761e+01, cond(Quu)=1.221e+05
    max|Quu|=1.761e+01, cond(Quu)=1.221e+05
    max|Quu|=1.762e+01, cond(Quu)=1.222e+05
    max|Quu|=1.762e+01, cond(Quu)=1.222e+05
    max|Quu|=1.763e+01, cond(Quu)=1.222e+05
    max|Quu|=1.763e+01, cond(Quu)=1.222e+05
    max|Quu|=1.764e+01, cond(Quu)=1.223e+05
    max|Quu|=1.765e+01, cond(Quu)=1.223e+05
    max|Quu|=1.765e+01, cond(Quu)=1.223e+05
    max|Quu|=1.766e+01, cond(Quu)=1.223e+05
    max|Quu|=1.766e+01, cond(Quu)=1.223e+05
    max|Quu|=1.766e+01, cond(Quu)=1.223e+05
    max|Quu|=1.767e+01, cond(Quu)=1.224e+05
    max|Quu|=1.767e+01, cond(Quu)=1.224e+05
    max|Quu|=1.767e+01, cond(Quu)=1.224e+05
    max|Quu|=1.768e+01, cond(Quu)=1.224e+05
    max|Quu|=1.768e+01, cond(Quu)=1.223e+05
    max|Quu|=1.768e+01, cond(Quu)=1.223e+05
    max|Quu|=1.768e+01, cond(Quu)=1.223e+05
    max|Quu|=1.768e+01, cond(Quu)=1.223e+05
    max|Quu|=1.768e+01, cond(Quu)=1.222e+05
    max|Quu|=1.768e+01, cond(Quu)=1.222e+05
    max|Quu|=1.768e+01, cond(Quu)=1.221e+05
    max|Quu|=1.768e+01, cond(Quu)=1.221e+05
    max|Quu|=1.767e+01, cond(Quu)=1.220e+05
    max|Quu|=1.767e+01, cond(Quu)=1.219e+05
    max|Quu|=1.767e+01, cond(Quu)=1.219e+05
    max|Quu|=1.767e+01, cond(Quu)=1.219e+05
    max|Quu|=1.767e+01, cond(Quu)=1.218e+05
    max|Quu|=1.767e+01, cond(Quu)=1.218e+05
    max|Quu|=1.767e+01, cond(Quu)=1.217e+05
    max|Quu|=1.766e+01, cond(Quu)=1.216e+05
    max|Quu|=1.766e+01, cond(Quu)=1.216e+05
    max|Quu|=1.766e+01, cond(Quu)=1.216e+05
    max|Quu|=1.765e+01, cond(Quu)=1.215e+05
    max|Quu|=1.765e+01, cond(Quu)=1.215e+05
    max|Quu|=1.764e+01, cond(Quu)=1.215e+05
    max|Quu|=1.764e+01, cond(Quu)=1.215e+05
    max|Quu|=1.764e+01, cond(Quu)=1.215e+05
    max|Quu|=1.764e+01, cond(Quu)=1.216e+05
    max|Quu|=1.764e+01, cond(Quu)=1.217e+05
    max|Quu|=1.764e+01, cond(Quu)=1.217e+05
    max|Quu|=1.764e+01, cond(Quu)=1.218e+05
    max|Quu|=1.764e+01, cond(Quu)=1.219e+05
    max|Quu|=1.764e+01, cond(Quu)=1.220e+05
    max|Quu|=1.764e+01, cond(Quu)=1.221e+05
    max|Quu|=1.764e+01, cond(Quu)=1.222e+05
    max|Quu|=1.764e+01, cond(Quu)=1.222e+05
    max|Quu|=1.764e+01, cond(Quu)=1.223e+05
    max|Quu|=1.763e+01, cond(Quu)=1.223e+05
    max|Quu|=1.763e+01, cond(Quu)=1.224e+05
    max|Quu|=1.763e+01, cond(Quu)=1.225e+05
    max|Quu|=1.763e+01, cond(Quu)=1.225e+05
    max|Quu|=1.763e+01, cond(Quu)=1.226e+05
    max|Quu|=1.763e+01, cond(Quu)=1.226e+05
    max|Quu|=1.763e+01, cond(Quu)=1.226e+05
    max|Quu|=1.763e+01, cond(Quu)=1.227e+05
    max|Quu|=1.763e+01, cond(Quu)=1.227e+05
    max|Quu|=1.763e+01, cond(Quu)=1.227e+05
    max|Quu|=1.763e+01, cond(Quu)=1.227e+05
    max|Quu|=1.763e+01, cond(Quu)=1.227e+05
    max|Quu|=1.763e+01, cond(Quu)=1.227e+05
    max|Quu|=1.763e+01, cond(Quu)=1.226e+05
    max|Quu|=1.763e+01, cond(Quu)=1.226e+05
    max|Quu|=1.763e+01, cond(Quu)=1.226e+05
    max|Quu|=1.763e+01, cond(Quu)=1.226e+05
    max|Quu|=1.763e+01, cond(Quu)=1.226e+05
    max|Quu|=1.763e+01, cond(Quu)=1.226e+05
    max|Quu|=1.763e+01, cond(Quu)=1.226e+05
    max|Quu|=1.763e+01, cond(Quu)=1.226e+05
    max|Quu|=1.764e+01, cond(Quu)=1.225e+05
    max|Quu|=1.764e+01, cond(Quu)=1.225e+05
    max|Quu|=1.764e+01, cond(Quu)=1.225e+05
    max|Quu|=1.764e+01, cond(Quu)=1.225e+05
    max|Quu|=1.764e+01, cond(Quu)=1.225e+05
    max|Quu|=1.764e+01, cond(Quu)=1.224e+05
    max|Quu|=1.764e+01, cond(Quu)=1.224e+05
    max|Quu|=1.764e+01, cond(Quu)=1.224e+05
    max|Quu|=1.765e+01, cond(Quu)=1.224e+05
    max|Quu|=1.765e+01, cond(Quu)=1.224e+05
    max|Quu|=1.765e+01, cond(Quu)=1.224e+05
    max|Quu|=1.765e+01, cond(Quu)=1.224e+05
    max|Quu|=1.765e+01, cond(Quu)=1.224e+05
    max|Quu|=1.765e+01, cond(Quu)=1.224e+05
    max|Quu|=1.766e+01, cond(Quu)=1.224e+05
    max|Quu|=1.766e+01, cond(Quu)=1.224e+05
    max|Quu|=1.766e+01, cond(Quu)=1.224e+05
    max|Quu|=1.766e+01, cond(Quu)=1.224e+05
    max|Quu|=1.766e+01, cond(Quu)=1.224e+05
    max|Quu|=1.767e+01, cond(Quu)=1.224e+05
    max|Quu|=1.767e+01, cond(Quu)=1.224e+05
    max|Quu|=1.767e+01, cond(Quu)=1.224e+05
    max|Quu|=1.767e+01, cond(Quu)=1.224e+05
    max|Quu|=1.767e+01, cond(Quu)=1.224e+05
    max|Quu|=1.768e+01, cond(Quu)=1.224e+05
    max|Quu|=1.768e+01, cond(Quu)=1.224e+05
    max|Quu|=1.768e+01, cond(Quu)=1.225e+05
    max|Quu|=1.768e+01, cond(Quu)=1.225e+05
    max|Quu|=1.768e+01, cond(Quu)=1.225e+05
    max|Quu|=1.769e+01, cond(Quu)=1.225e+05
    max|Quu|=1.769e+01, cond(Quu)=1.225e+05
    max|Quu|=1.769e+01, cond(Quu)=1.226e+05
    max|Quu|=1.770e+01, cond(Quu)=1.226e+05
    max|Quu|=1.770e+01, cond(Quu)=1.226e+05
    max|Quu|=1.770e+01, cond(Quu)=1.226e+05
    max|Quu|=1.770e+01, cond(Quu)=1.227e+05
    max|Quu|=1.771e+01, cond(Quu)=1.227e+05
    max|Quu|=1.771e+01, cond(Quu)=1.227e+05
    max|Quu|=1.771e+01, cond(Quu)=1.227e+05
    max|Quu|=1.771e+01, cond(Quu)=1.227e+05
    max|Quu|=1.771e+01, cond(Quu)=1.227e+05
    max|Quu|=1.771e+01, cond(Quu)=1.227e+05
    max|Quu|=1.771e+01, cond(Quu)=1.228e+05
    max|Quu|=1.771e+01, cond(Quu)=1.228e+05
    max|Quu|=1.771e+01, cond(Quu)=1.228e+05
    max|Quu|=1.771e+01, cond(Quu)=1.228e+05
    max|Quu|=1.772e+01, cond(Quu)=1.228e+05
    max|Quu|=1.772e+01, cond(Quu)=1.228e+05
    max|Quu|=1.772e+01, cond(Quu)=1.228e+05
    max|Quu|=1.772e+01, cond(Quu)=1.228e+05
    max|Quu|=1.772e+01, cond(Quu)=1.228e+05
    max|Quu|=1.772e+01, cond(Quu)=1.228e+05
    max|Quu|=1.772e+01, cond(Quu)=1.228e+05
    max|Quu|=1.772e+01, cond(Quu)=1.228e+05
    max|Quu|=1.772e+01, cond(Quu)=1.228e+05
    max|Quu|=1.772e+01, cond(Quu)=1.228e+05
    max|Quu|=1.771e+01, cond(Quu)=1.228e+05
    max|Quu|=1.771e+01, cond(Quu)=1.227e+05
    max|Quu|=1.771e+01, cond(Quu)=1.227e+05
    max|Quu|=1.771e+01, cond(Quu)=1.227e+05
    max|Quu|=1.771e+01, cond(Quu)=1.227e+05
    max|Quu|=1.771e+01, cond(Quu)=1.227e+05
    max|Quu|=1.771e+01, cond(Quu)=1.227e+05
    max|Quu|=1.771e+01, cond(Quu)=1.228e+05
    max|Quu|=1.772e+01, cond(Quu)=1.228e+05
    max|Quu|=1.772e+01, cond(Quu)=1.228e+05
    max|Quu|=1.772e+01, cond(Quu)=1.229e+05
    max|Quu|=1.772e+01, cond(Quu)=1.229e+05
    max|Quu|=1.772e+01, cond(Quu)=1.229e+05
    max|Quu|=1.772e+01, cond(Quu)=1.229e+05
    max|Quu|=1.772e+01, cond(Quu)=1.229e+05
    max|Quu|=1.772e+01, cond(Quu)=1.229e+05
    max|Quu|=1.772e+01, cond(Quu)=1.230e+05
    max|Quu|=1.772e+01, cond(Quu)=1.230e+05
    max|Quu|=1.772e+01, cond(Quu)=1.230e+05
    max|Quu|=1.772e+01, cond(Quu)=1.231e+05
    max|Quu|=1.772e+01, cond(Quu)=1.231e+05
    max|Quu|=1.772e+01, cond(Quu)=1.231e+05
    max|Quu|=1.773e+01, cond(Quu)=1.232e+05
    max|Quu|=1.773e+01, cond(Quu)=1.232e+05
    max|Quu|=1.773e+01, cond(Quu)=1.232e+05
    max|Quu|=1.773e+01, cond(Quu)=1.232e+05
    max|Quu|=1.773e+01, cond(Quu)=1.232e+05
    max|Quu|=1.773e+01, cond(Quu)=1.233e+05
    max|Quu|=1.773e+01, cond(Quu)=1.232e+05
    max|Quu|=1.773e+01, cond(Quu)=1.232e+05
    max|Quu|=1.773e+01, cond(Quu)=1.232e+05
    max|Quu|=1.773e+01, cond(Quu)=1.232e+05
    max|Quu|=1.773e+01, cond(Quu)=1.232e+05
    max|Quu|=1.773e+01, cond(Quu)=1.233e+05
    max|Quu|=1.773e+01, cond(Quu)=1.233e+05
    max|Quu|=1.774e+01, cond(Quu)=1.233e+05
    max|Quu|=1.774e+01, cond(Quu)=1.232e+05
    max|Quu|=1.774e+01, cond(Quu)=1.232e+05
    max|Quu|=1.774e+01, cond(Quu)=1.232e+05
    max|Quu|=1.774e+01, cond(Quu)=1.232e+05
    max|Quu|=1.774e+01, cond(Quu)=1.232e+05
    max|Quu|=1.774e+01, cond(Quu)=1.232e+05
    max|Quu|=1.774e+01, cond(Quu)=1.232e+05
    max|Quu|=1.774e+01, cond(Quu)=1.232e+05
    max|Quu|=1.774e+01, cond(Quu)=1.231e+05
    max|Quu|=1.774e+01, cond(Quu)=1.231e+05
    max|Quu|=1.774e+01, cond(Quu)=1.231e+05
    max|Quu|=1.773e+01, cond(Quu)=1.230e+05
    max|Quu|=1.773e+01, cond(Quu)=1.230e+05
    max|Quu|=1.772e+01, cond(Quu)=1.229e+05
    max|Quu|=1.770e+01, cond(Quu)=1.227e+05
    max|Quu|=1.768e+01, cond(Quu)=1.226e+05
    max|Quu|=1.765e+01, cond(Quu)=1.223e+05
    max|Quu|=1.760e+01, cond(Quu)=1.218e+05
    max|Quu|=1.752e+01, cond(Quu)=1.212e+05
    max|Quu|=1.741e+01, cond(Quu)=1.203e+05
    max|Quu|=1.724e+01, cond(Quu)=1.188e+05
    max|Quu|=1.699e+01, cond(Quu)=1.165e+05
    max|Quu|=1.658e+01, cond(Quu)=1.129e+05
    max|Quu|=1.595e+01, cond(Quu)=1.067e+05
    max|Quu|=1.489e+01, cond(Quu)=9.558e+04
    max|Quu|=1.303e+01, cond(Quu)=7.368e+04
    max|Quu|=9.601e+00, cond(Quu)=3.345e+04
    max|Quu|=4.137e+00, cond(Quu)=2.549e+03
    max|Quu|=1.846e+00, cond(Quu)=1.119e+02
    max|Quu|=2.807e+00, cond(Quu)=5.599e+01
    max|Quu|=2.855e+00, cond(Quu)=1.405e+01
    max|Quu|=2.882e+00, cond(Quu)=4.474e+00
    max|Quu|=3.749e+00, cond(Quu)=2.135e+00
    max|Quu|=7.997e+00, cond(Quu)=1.441e+00
    max|Quu|=1.704e+01, cond(Quu)=1.189e+00
    max|Quu|=3.626e+01, cond(Quu)=1.086e+00
    max|Quu|=7.708e+01, cond(Quu)=1.040e+00
    max|Quu|=1.636e+02, cond(Quu)=1.019e+00
    max|Quu|=3.470e+02, cond(Quu)=1.009e+00
    max|Quu|=7.349e+02, cond(Quu)=1.004e+00
    max|Quu|=1.555e+03, cond(Quu)=1.002e+00
    max|Quu|=3.287e+03, cond(Quu)=1.001e+00
    max|Quu|=6.939e+03, cond(Quu)=1.000e+00
    max|Quu|=1.464e+04, cond(Quu)=1.000e+00
    max|Quu|=3.085e+04, cond(Quu)=1.000e+00
    max|Quu|=6.496e+04, cond(Quu)=1.000e+00
    max|Quu|=1.367e+05, cond(Quu)=1.000e+00
    max|Quu|=2.873e+05, cond(Quu)=1.000e+00
    max|Quu|=6.034e+05, cond(Quu)=1.000e+00
    max|Quu|=1.266e+06, cond(Quu)=1.000e+00
    max|Quu|=2.655e+06, cond(Quu)=1.000e+00
    max|Quu|=5.561e+06, cond(Quu)=1.000e+00
    max|Quu|=1.164e+07, cond(Quu)=1.000e+00
    max|Quu|=2.436e+07, cond(Quu)=1.000e+00
    max|Quu|=5.092e+07, cond(Quu)=1.000e+00
    max|Quu|=1.063e+08, cond(Quu)=1.000e+00
    max|Quu|=2.219e+08, cond(Quu)=1.000e+00
    max|Quu|=4.628e+08, cond(Quu)=1.000e+00
    max|Quu|=9.644e+08, cond(Quu)=1.000e+00
    max|Quu|=2.009e+09, cond(Quu)=1.000e+00
    max|Quu|=4.181e+09, cond(Quu)=1.000e+00
    max|Quu|=8.696e+09, cond(Quu)=1.000e+00
    max|Quu|=1.807e+10, cond(Quu)=1.000e+00
    max|Quu|=3.754e+10, cond(Quu)=1.000e+00
    max|Quu|=7.792e+10, cond(Quu)=1.000e+00
    max|Quu|=1.616e+11, cond(Quu)=1.000e+00
    max|Quu|=3.350e+11, cond(Quu)=1.000e+00
    max|Quu|=6.941e+11, cond(Quu)=1.000e+00
    max|Quu|=1.437e+12, cond(Quu)=1.000e+00
    max|Quu|=2.974e+12, cond(Quu)=1.000e+00
    max|Quu|=6.148e+12, cond(Quu)=1.000e+00
    max|Quu|=1.270e+13, cond(Quu)=1.000e+00
    max|Quu|=2.624e+13, cond(Quu)=1.000e+00
    max|Quu|=5.416e+13, cond(Quu)=1.000e+00
    max|Quu|=1.118e+14, cond(Quu)=1.000e+00
    max|Quu|=2.305e+14, cond(Quu)=1.000e+00
    max|Quu|=4.752e+14, cond(Quu)=1.000e+00
    max|Quu|=9.790e+14, cond(Quu)=1.000e+00
    max|Quu|=2.016e+15, cond(Quu)=1.000e+00
    max|Quu|=4.149e+15, cond(Quu)=1.000e+00
    max|Quu|=8.534e+15, cond(Quu)=1.000e+00
    max|Quu|=1.755e+16, cond(Quu)=1.000e+00
    max|Quu|=3.607e+16, cond(Quu)=1.000e+00
    max|Quu|=7.411e+16, cond(Quu)=1.000e+00
    max|Quu|=1.522e+17, cond(Quu)=1.000e+00
    max|Quu|=3.124e+17, cond(Quu)=1.000e+00
    max|Quu|=6.408e+17, cond(Quu)=1.000e+00
    max|Quu|=1.314e+18, cond(Quu)=1.000e+00
    max|Quu|=2.694e+18, cond(Quu)=1.000e+00
    max|Quu|=5.520e+18, cond(Quu)=1.000e+00
    max|Quu|=1.131e+19, cond(Quu)=1.000e+00
    max|Quu|=2.315e+19, cond(Quu)=1.000e+00
    max|Quu|=4.737e+19, cond(Quu)=1.000e+00
    max|Quu|=9.691e+19, cond(Quu)=1.000e+00
    max|Quu|=1.981e+20, cond(Quu)=1.000e+00
    max|Quu|=4.050e+20, cond(Quu)=1.000e+00
    max|Quu|=8.275e+20, cond(Quu)=1.000e+00
    max|Quu|=1.690e+21, cond(Quu)=1.000e+00
    max|Quu|=3.451e+21, cond(Quu)=1.000e+00
    max|Quu|=7.042e+21, cond(Quu)=1.000e+00
    max|Quu|=1.437e+22, cond(Quu)=1.000e+00
    max|Quu|=2.930e+22, cond(Quu)=1.000e+00
    max|Quu|=5.974e+22, cond(Quu)=1.000e+00
    max|Quu|=1.217e+23, cond(Quu)=1.000e+00
    max|Quu|=2.480e+23, cond(Quu)=1.000e+00
    max|Quu|=5.050e+23, cond(Quu)=1.000e+00
    max|Quu|=1.028e+24, cond(Quu)=1.000e+00
    max|Quu|=2.092e+24, cond(Quu)=1.000e+00
    max|Quu|=4.255e+24, cond(Quu)=1.000e+00
    max|Quu|=8.653e+24, cond(Quu)=1.000e+00
    max|Quu|=1.759e+25, cond(Quu)=1.000e+00
    max|Quu|=3.575e+25, cond(Quu)=1.000e+00
    max|Quu|=7.263e+25, cond(Quu)=1.000e+00
    max|Quu|=1.475e+26, cond(Quu)=1.000e+00
    max|Quu|=2.995e+26, cond(Quu)=1.000e+00
    max|Quu|=6.079e+26, cond(Quu)=1.000e+00
    max|Quu|=1.233e+27, cond(Quu)=1.000e+00
    max|Quu|=2.502e+27, cond(Quu)=1.000e+00
    max|Quu|=5.073e+27, cond(Quu)=1.000e+00
    max|Quu|=1.028e+28, cond(Quu)=1.000e+00
    max|Quu|=2.084e+28, cond(Quu)=1.000e+00
    max|Quu|=4.223e+28, cond(Quu)=1.000e+00
    max|Quu|=8.552e+28, cond(Quu)=1.000e+00
    max|Quu|=1.732e+29, cond(Quu)=1.000e+00
    max|Quu|=3.505e+29, cond(Quu)=1.000e+00
    max|Quu|=7.092e+29, cond(Quu)=1.000e+00
    max|Quu|=1.435e+30, cond(Quu)=1.000e+00
    max|Quu|=2.902e+30, cond(Quu)=1.000e+00
    max|Quu|=5.867e+30, cond(Quu)=1.000e+00
    max|Quu|=1.186e+31, cond(Quu)=1.000e+00
    max|Quu|=2.396e+31, cond(Quu)=1.000e+00
    max|Quu|=4.840e+31, cond(Quu)=1.000e+00
    max|Quu|=9.775e+31, cond(Quu)=1.000e+00
    max|Quu|=1.974e+32, cond(Quu)=1.000e+00
    max|Quu|=3.984e+32, cond(Quu)=1.000e+00
    max|Quu|=8.039e+32, cond(Quu)=1.000e+00
    max|Quu|=1.622e+33, cond(Quu)=1.000e+00
    max|Quu|=3.271e+33, cond(Quu)=1.000e+00
    max|Quu|=6.596e+33, cond(Quu)=1.000e+00
    max|Quu|=1.330e+34, cond(Quu)=1.000e+00
    max|Quu|=2.680e+34, cond(Quu)=1.000e+00
    max|Quu|=5.399e+34, cond(Quu)=1.000e+00
    max|Quu|=1.088e+35, cond(Quu)=1.000e+00
    max|Quu|=2.190e+35, cond(Quu)=1.000e+00
    max|Quu|=4.410e+35, cond(Quu)=1.000e+00
    max|Quu|=8.876e+35, cond(Quu)=1.000e+00
    max|Quu|=1.786e+36, cond(Quu)=1.000e+00
    max|Quu|=3.593e+36, cond(Quu)=1.000e+00
    max|Quu|=7.227e+36, cond(Quu)=1.000e+00
    max|Quu|=1.453e+37, cond(Quu)=1.000e+00
    max|Quu|=2.922e+37, cond(Quu)=1.000e+00
    max|Quu|=5.872e+37, cond(Quu)=1.000e+00
    max|Quu|=1.180e+38, cond(Quu)=1.000e+00
    max|Quu|=2.370e+38, cond(Quu)=1.000e+00
    max|Quu|=4.760e+38, cond(Quu)=1.000e+00
    max|Quu|=9.558e+38, cond(Quu)=1.000e+00
    max|Quu|=1.919e+39, cond(Quu)=1.000e+00
    max|Quu|=3.850e+39, cond(Quu)=1.000e+00
    max|Quu|=7.725e+39, cond(Quu)=1.000e+00
    max|Quu|=1.550e+40, cond(Quu)=1.000e+00
    max|Quu|=3.107e+40, cond(Quu)=1.000e+00
    max|Quu|=6.229e+40, cond(Quu)=1.000e+00
    max|Quu|=1.249e+41, cond(Quu)=1.000e+00
    max|Quu|=2.502e+41, cond(Quu)=1.000e+00
    max|Quu|=5.011e+41, cond(Quu)=1.000e+00
    max|Quu|=1.003e+42, cond(Quu)=1.000e+00
    max|Quu|=2.009e+42, cond(Quu)=1.000e+00
    max|Quu|=4.021e+42, cond(Quu)=1.000e+00
    max|Quu|=8.046e+42, cond(Quu)=1.000e+00
    max|Quu|=1.609e+43, cond(Quu)=1.000e+00
    max|Quu|=3.219e+43, cond(Quu)=1.000e+00
    max|Quu|=6.435e+43, cond(Quu)=1.000e+00
    max|Quu|=1.286e+44, cond(Quu)=1.000e+00
    max|Quu|=2.570e+44, cond(Quu)=1.000e+00
    max|Quu|=5.134e+44, cond(Quu)=1.000e+00
    max|Quu|=1.025e+45, cond(Quu)=1.000e+00
    max|Quu|=2.047e+45, cond(Quu)=1.000e+00
    max|Quu|=4.085e+45, cond(Quu)=1.000e+00
    max|Quu|=8.150e+45, cond(Quu)=1.000e+00
    max|Quu|=1.626e+46, cond(Quu)=1.000e+00
    max|Quu|=3.242e+46, cond(Quu)=1.000e+00
    max|Quu|=6.462e+46, cond(Quu)=1.000e+00
    max|Quu|=1.288e+47, cond(Quu)=1.000e+00
    max|Quu|=2.566e+47, cond(Quu)=1.000e+00
    max|Quu|=5.109e+47, cond(Quu)=1.000e+00
    max|Quu|=1.017e+48, cond(Quu)=1.000e+00
    max|Quu|=2.024e+48, cond(Quu)=1.000e+00
    max|Quu|=4.027e+48, cond(Quu)=1.000e+00
    max|Quu|=8.009e+48, cond(Quu)=1.000e+00
    max|Quu|=1.592e+49, cond(Quu)=1.000e+00
    max|Quu|=3.164e+49, cond(Quu)=1.000e+00
    max|Quu|=6.284e+49, cond(Quu)=1.000e+00
    max|Quu|=1.248e+50, cond(Quu)=1.000e+00
    max|Quu|=2.476e+50, cond(Quu)=1.000e+00
    max|Quu|=4.912e+50, cond(Quu)=1.000e+00
    max|Quu|=9.740e+50, cond(Quu)=1.000e+00
    max|Quu|=1.931e+51, cond(Quu)=1.000e+00
    max|Quu|=3.825e+51, cond(Quu)=1.000e+00
    max|Quu|=7.573e+51, cond(Quu)=1.000e+00
    max|Quu|=1.499e+52, cond(Quu)=1.000e+00
    max|Quu|=2.964e+52, cond(Quu)=1.000e+00
    max|Quu|=5.860e+52, cond(Quu)=1.000e+00
    max|Quu|=1.158e+53, cond(Quu)=1.000e+00
    max|Quu|=2.286e+53, cond(Quu)=1.000e+00
    max|Quu|=4.510e+53, cond(Quu)=1.000e+00
    max|Quu|=8.893e+53, cond(Quu)=1.000e+00
    max|Quu|=1.752e+54, cond(Quu)=1.000e+00
    max|Quu|=3.451e+54, cond(Quu)=1.000e+00
    max|Quu|=6.790e+54, cond(Quu)=1.000e+00
    max|Quu|=1.335e+55, cond(Quu)=1.000e+00
    max|Quu|=2.621e+55, cond(Quu)=1.000e+00
    max|Quu|=5.144e+55, cond(Quu)=1.000e+00
    max|Quu|=1.008e+56, cond(Quu)=1.000e+00
    max|Quu|=1.975e+56, cond(Quu)=1.000e+00
    max|Quu|=3.863e+56, cond(Quu)=1.000e+00
    max|Quu|=7.546e+56, cond(Quu)=1.000e+00
    max|Quu|=1.472e+57, cond(Quu)=1.000e+00
    max|Quu|=2.869e+57, cond(Quu)=1.000e+00
    max|Quu|=5.583e+57, cond(Quu)=1.000e+00
    max|Quu|=1.085e+58, cond(Quu)=1.000e+00
    max|Quu|=2.104e+58, cond(Quu)=1.000e+00
    max|Quu|=4.073e+58, cond(Quu)=1.000e+00
    max|Quu|=7.868e+58, cond(Quu)=1.000e+00
    max|Quu|=1.517e+59, cond(Quu)=1.000e+00
    max|Quu|=2.917e+59, cond(Quu)=1.000e+00
    max|Quu|=5.596e+59, cond(Quu)=1.000e+00
    max|Quu|=1.071e+60, cond(Quu)=1.000e+00
    max|Quu|=2.042e+60, cond(Quu)=1.000e+00
    max|Quu|=3.883e+60, cond(Quu)=1.000e+00
    max|Quu|=7.355e+60, cond(Quu)=1.000e+00
    max|Quu|=1.387e+61, cond(Quu)=1.000e+00
    max|Quu|=2.604e+61, cond(Quu)=1.000e+00
    max|Quu|=4.862e+61, cond(Quu)=1.000e+00
    max|Quu|=9.019e+61, cond(Quu)=1.000e+00
    max|Quu|=1.660e+62, cond(Quu)=1.000e+00
    max|Quu|=3.029e+62, cond(Quu)=1.000e+00
    max|Quu|=5.467e+62, cond(Quu)=1.000e+00
    max|Quu|=9.732e+62, cond(Quu)=1.000e+00
    max|Quu|=1.702e+63, cond(Quu)=1.000e+00
    max|Quu|=2.910e+63, cond(Quu)=1.000e+00
    max|Quu|=4.820e+63, cond(Quu)=1.000e+00
    max|Quu|=7.634e+63, cond(Quu)=1.000e+00
    max|Quu|=1.124e+64, cond(Quu)=1.000e+00
    max|Quu|=1.433e+64, cond(Quu)=1.000e+00
    max|Quu|=1.220e+64, cond(Quu)=1.000e+00
    max|Quu|=8.784e+63, cond(Quu)=1.000e+00
    max|Quu|=8.441e+64, cond(Quu)=1.000e+00
    max|Quu|=3.032e+65, cond(Quu)=1.000e+00
    max|Quu|=8.755e+65, cond(Quu)=1.000e+00
    max|Quu|=2.288e+66, cond(Quu)=1.000e+00
    max|Quu|=5.649e+66, cond(Quu)=1.000e+00
    max|Quu|=1.345e+67, cond(Quu)=1.000e+00
    max|Quu|=3.123e+67, cond(Quu)=1.000e+00
    max|Quu|=7.110e+67, cond(Quu)=1.000e+00
    max|Quu|=1.595e+68, cond(Quu)=1.000e+00
    max|Quu|=3.536e+68, cond(Quu)=1.000e+00
    max|Quu|=7.764e+68, cond(Quu)=1.000e+00
    max|Quu|=1.691e+69, cond(Quu)=1.000e+00
    max|Quu|=3.657e+69, cond(Quu)=1.000e+00
    max|Quu|=7.859e+69, cond(Quu)=1.000e+00
    max|Quu|=1.680e+70, cond(Quu)=1.000e+00
    max|Quu|=3.576e+70, cond(Quu)=1.000e+00
    max|Quu|=7.583e+70, cond(Quu)=1.000e+00
    max|Quu|=1.602e+71, cond(Quu)=1.000e+00
    max|Quu|=3.375e+71, cond(Quu)=1.000e+00
    max|Quu|=7.088e+71, cond(Quu)=1.000e+00
    max|Quu|=1.485e+72, cond(Quu)=1.000e+00
    max|Quu|=3.103e+72, cond(Quu)=1.000e+00
    max|Quu|=6.472e+72, cond(Quu)=1.000e+00
    max|Quu|=1.347e+73, cond(Quu)=1.000e+00
    max|Quu|=2.799e+73, cond(Quu)=1.000e+00
    max|Quu|=5.806e+73, cond(Quu)=1.000e+00
    max|Quu|=1.203e+74, cond(Quu)=1.000e+00
    max|Quu|=2.487e+74, cond(Quu)=1.000e+00
    max|Quu|=5.136e+74, cond(Quu)=1.000e+00
    max|Quu|=1.059e+75, cond(Quu)=1.000e+00
    max|Quu|=2.183e+75, cond(Quu)=1.000e+00
    max|Quu|=4.492e+75, cond(Quu)=1.000e+00
    max|Quu|=9.234e+75, cond(Quu)=1.000e+00
    max|Quu|=1.897e+76, cond(Quu)=1.000e+00
    max|Quu|=3.891e+76, cond(Quu)=1.000e+00
    max|Quu|=7.978e+76, cond(Quu)=1.000e+00
    max|Quu|=1.634e+77, cond(Quu)=1.000e+00
    max|Quu|=3.345e+77, cond(Quu)=1.000e+00
    max|Quu|=6.841e+77, cond(Quu)=1.000e+00
    max|Quu|=1.398e+78, cond(Quu)=1.000e+00
    max|Quu|=2.856e+78, cond(Quu)=1.000e+00
    max|Quu|=5.829e+78, cond(Quu)=1.000e+00
    max|Quu|=1.189e+79, cond(Quu)=1.000e+00
    max|Quu|=2.424e+79, cond(Quu)=1.000e+00
    max|Quu|=4.939e+79, cond(Quu)=1.000e+00
    max|Quu|=1.006e+80, cond(Quu)=1.000e+00
    max|Quu|=2.047e+80, cond(Quu)=1.000e+00
    max|Quu|=4.165e+80, cond(Quu)=1.000e+00
    max|Quu|=8.470e+80, cond(Quu)=1.000e+00
    max|Quu|=1.722e+81, cond(Quu)=1.000e+00
    max|Quu|=3.498e+81, cond(Quu)=1.000e+00
    max|Quu|=7.104e+81, cond(Quu)=1.000e+00
    max|Quu|=1.442e+82, cond(Quu)=1.000e+00
    max|Quu|=2.927e+82, cond(Quu)=1.000e+00
    max|Quu|=5.937e+82, cond(Quu)=1.000e+00
    max|Quu|=1.204e+83, cond(Quu)=1.000e+00
    max|Quu|=2.441e+83, cond(Quu)=1.000e+00
    max|Quu|=4.948e+83, cond(Quu)=1.000e+00
    max|Quu|=1.003e+84, cond(Quu)=1.000e+00
    max|Quu|=2.031e+84, cond(Quu)=1.000e+00
    max|Quu|=4.114e+84, cond(Quu)=1.000e+00
    max|Quu|=8.331e+84, cond(Quu)=1.000e+00
    max|Quu|=1.687e+85, cond(Quu)=1.000e+00
    max|Quu|=3.414e+85, cond(Quu)=1.000e+00
    max|Quu|=6.908e+85, cond(Quu)=1.000e+00
    max|Quu|=1.398e+86, cond(Quu)=1.000e+00
    max|Quu|=2.827e+86, cond(Quu)=1.000e+00
    max|Quu|=5.717e+86, cond(Quu)=1.000e+00
    max|Quu|=1.156e+87, cond(Quu)=1.000e+00
    max|Quu|=2.337e+87, cond(Quu)=1.000e+00
    max|Quu|=4.725e+87, cond(Quu)=1.000e+00
    max|Quu|=9.551e+87, cond(Quu)=1.000e+00
    max|Quu|=1.931e+88, cond(Quu)=1.000e+00
    max|Quu|=3.902e+88, cond(Quu)=1.000e+00
    max|Quu|=7.885e+88, cond(Quu)=1.000e+00
    max|Quu|=1.593e+89, cond(Quu)=1.000e+00
    max|Quu|=3.219e+89, cond(Quu)=1.000e+00
    max|Quu|=6.503e+89, cond(Quu)=1.000e+00
    max|Quu|=1.314e+90, cond(Quu)=1.000e+00
    max|Quu|=2.654e+90, cond(Quu)=1.000e+00
    max|Quu|=5.361e+90, cond(Quu)=1.000e+00
    max|Quu|=1.083e+91, cond(Quu)=1.000e+00
    max|Quu|=2.187e+91, cond(Quu)=1.000e+00
    max|Quu|=4.417e+91, cond(Quu)=1.000e+00
    max|Quu|=8.921e+91, cond(Quu)=1.000e+00
    max|Quu|=1.802e+92, cond(Quu)=1.000e+00
    max|Quu|=3.639e+92, cond(Quu)=1.000e+00
    max|Quu|=7.351e+92, cond(Quu)=1.000e+00
    max|Quu|=1.485e+93, cond(Quu)=1.000e+00
    max|Quu|=3.000e+93, cond(Quu)=1.000e+00
    max|Quu|=6.060e+93, cond(Quu)=1.000e+00
    max|Quu|=1.224e+94, cond(Quu)=1.000e+00
    max|Quu|=2.473e+94, cond(Quu)=1.000e+00
    max|Quu|=4.998e+94, cond(Quu)=1.000e+00
    max|Quu|=1.010e+95, cond(Quu)=1.000e+00
    max|Quu|=2.040e+95, cond(Quu)=1.000e+00
    max|Quu|=4.123e+95, cond(Quu)=1.000e+00
    max|Quu|=8.331e+95, cond(Quu)=1.000e+00
    max|Quu|=1.684e+96, cond(Quu)=1.000e+00
    max|Quu|=3.403e+96, cond(Quu)=1.000e+00
    max|Quu|=6.880e+96, cond(Quu)=1.000e+00
    max|Quu|=1.391e+97, cond(Quu)=1.000e+00
    max|Quu|=2.812e+97, cond(Quu)=1.000e+00
    max|Quu|=5.686e+97, cond(Quu)=1.000e+00
    max|Quu|=1.150e+98, cond(Quu)=1.000e+00
    max|Quu|=2.325e+98, cond(Quu)=1.000e+00
    max|Quu|=4.703e+98, cond(Quu)=1.000e+00
    max|Quu|=9.514e+98, cond(Quu)=1.000e+00
    max|Quu|=1.925e+99, cond(Quu)=1.000e+00
    max|Quu|=3.893e+99, cond(Quu)=1.000e+00
    max|Quu|=7.877e+99, cond(Quu)=1.000e+00
    max|Quu|=1.594e+100, cond(Quu)=1.000e+00
    max|Quu|=3.225e+100, cond(Quu)=1.000e+00
    max|Quu|=6.528e+100, cond(Quu)=1.000e+00
    max|Quu|=1.321e+101, cond(Quu)=1.000e+00
    max|Quu|=2.675e+101, cond(Quu)=1.000e+00
    max|Quu|=5.415e+101, cond(Quu)=1.000e+00
    max|Quu|=1.096e+102, cond(Quu)=1.000e+00
    max|Quu|=2.220e+102, cond(Quu)=1.000e+00
    max|Quu|=4.496e+102, cond(Quu)=1.000e+00
    max|Quu|=9.107e+102, cond(Quu)=1.000e+00
    max|Quu|=1.845e+103, cond(Quu)=1.000e+00
    max|Quu|=3.737e+103, cond(Quu)=1.000e+00
    max|Quu|=7.572e+103, cond(Quu)=1.000e+00
    max|Quu|=1.534e+104, cond(Quu)=1.000e+00
    max|Quu|=3.109e+104, cond(Quu)=1.000e+00
    max|Quu|=6.301e+104, cond(Quu)=1.000e+00
    max|Quu|=1.277e+105, cond(Quu)=1.000e+00
    max|Quu|=2.589e+105, cond(Quu)=1.000e+00
    max|Quu|=5.247e+105, cond(Quu)=1.000e+00
    max|Quu|=1.064e+106, cond(Quu)=1.000e+00
    max|Quu|=2.157e+106, cond(Quu)=1.000e+00
    max|Quu|=4.373e+106, cond(Quu)=1.000e+00
    max|Quu|=8.869e+106, cond(Quu)=1.000e+00
    max|Quu|=1.799e+107, cond(Quu)=1.000e+00
    max|Quu|=3.648e+107, cond(Quu)=1.000e+00
    max|Quu|=7.398e+107, cond(Quu)=1.000e+00
    max|Quu|=1.501e+108, cond(Quu)=1.000e+00
    max|Quu|=3.044e+108, cond(Quu)=1.000e+00
    max|Quu|=6.175e+108, cond(Quu)=1.000e+00
    max|Quu|=1.253e+109, cond(Quu)=1.000e+00
    max|Quu|=2.541e+109, cond(Quu)=1.000e+00
    max|Quu|=5.156e+109, cond(Quu)=1.000e+00
    max|Quu|=1.046e+110, cond(Quu)=1.000e+00
    max|Quu|=2.123e+110, cond(Quu)=1.000e+00
    max|Quu|=4.307e+110, cond(Quu)=1.000e+00
    max|Quu|=8.740e+110, cond(Quu)=1.000e+00
    max|Quu|=1.773e+111, cond(Quu)=1.000e+00
    max|Quu|=3.599e+111, cond(Quu)=1.000e+00
    max|Quu|=7.303e+111, cond(Quu)=1.000e+00
    max|Quu|=1.482e+112, cond(Quu)=1.000e+00
    max|Quu|=3.007e+112, cond(Quu)=1.000e+00
    max|Quu|=6.103e+112, cond(Quu)=1.000e+00
    max|Quu|=1.239e+113, cond(Quu)=1.000e+00
    max|Quu|=2.514e+113, cond(Quu)=1.000e+00
    max|Quu|=5.101e+113, cond(Quu)=1.000e+00
    max|Quu|=1.035e+114, cond(Quu)=1.000e+00
    max|Quu|=2.101e+114, cond(Quu)=1.000e+00
    max|Quu|=4.262e+114, cond(Quu)=1.000e+00
    max|Quu|=8.648e+114, cond(Quu)=1.000e+00
    max|Quu|=1.755e+115, cond(Quu)=1.000e+00
    max|Quu|=3.560e+115, cond(Quu)=1.000e+00
    max|Quu|=7.221e+115, cond(Quu)=1.000e+00
    max|Quu|=1.465e+116, cond(Quu)=1.000e+00
    max|Quu|=2.972e+116, cond(Quu)=1.000e+00
    max|Quu|=6.027e+116, cond(Quu)=1.000e+00
    max|Quu|=1.222e+117, cond(Quu)=1.000e+00
    max|Quu|=2.478e+117, cond(Quu)=1.000e+00
    max|Quu|=5.025e+117, cond(Quu)=1.000e+00
    max|Quu|=1.019e+118, cond(Quu)=1.000e+00
    max|Quu|=2.065e+118, cond(Quu)=1.000e+00
    max|Quu|=4.186e+118, cond(Quu)=1.000e+00
    max|Quu|=8.483e+118, cond(Quu)=1.000e+00
    max|Quu|=1.719e+119, cond(Quu)=1.000e+00
    max|Quu|=3.482e+119, cond(Quu)=1.000e+00
    max|Quu|=7.052e+119, cond(Quu)=1.000e+00
    max|Quu|=1.428e+120, cond(Quu)=1.000e+00
    max|Quu|=2.891e+120, cond(Quu)=1.000e+00
    max|Quu|=5.853e+120, cond(Quu)=1.000e+00
    max|Quu|=1.185e+121, cond(Quu)=1.000e+00
    max|Quu|=2.398e+121, cond(Quu)=1.000e+00
    max|Quu|=4.852e+121, cond(Quu)=1.000e+00
    max|Quu|=9.818e+121, cond(Quu)=1.000e+00
    max|Quu|=1.986e+122, cond(Quu)=1.000e+00
    max|Quu|=4.019e+122, cond(Quu)=1.000e+00
    max|Quu|=8.130e+122, cond(Quu)=1.000e+00
    max|Quu|=1.644e+123, cond(Quu)=1.000e+00
    max|Quu|=3.326e+123, cond(Quu)=1.000e+00
    max|Quu|=6.727e+123, cond(Quu)=1.000e+00
    max|Quu|=1.360e+124, cond(Quu)=1.000e+00
    max|Quu|=2.751e+124, cond(Quu)=1.000e+00
    max|Quu|=5.562e+124, cond(Quu)=1.000e+00
    max|Quu|=1.124e+125, cond(Quu)=1.000e+00
    max|Quu|=2.273e+125, cond(Quu)=1.000e+00
    max|Quu|=4.595e+125, cond(Quu)=1.000e+00
    max|Quu|=9.289e+125, cond(Quu)=1.000e+00
    max|Quu|=1.878e+126, cond(Quu)=1.000e+00
    max|Quu|=3.795e+126, cond(Quu)=1.000e+00
    max|Quu|=7.670e+126, cond(Quu)=1.000e+00
    max|Quu|=1.550e+127, cond(Quu)=1.000e+00
    max|Quu|=3.132e+127, cond(Quu)=1.000e+00
    max|Quu|=6.329e+127, cond(Quu)=1.000e+00
    max|Quu|=1.279e+128, cond(Quu)=1.000e+00
    max|Quu|=2.584e+128, cond(Quu)=1.000e+00
    max|Quu|=5.220e+128, cond(Quu)=1.000e+00
    max|Quu|=1.054e+129, cond(Quu)=1.000e+00
    max|Quu|=2.130e+129, cond(Quu)=1.000e+00
    max|Quu|=4.303e+129, cond(Quu)=1.000e+00
    max|Quu|=8.691e+129, cond(Quu)=1.000e+00
    max|Quu|=1.755e+130, cond(Quu)=1.000e+00
    max|Quu|=3.545e+130, cond(Quu)=1.000e+00
    max|Quu|=7.159e+130, cond(Quu)=1.000e+00
    max|Quu|=1.446e+131, cond(Quu)=1.000e+00
    max|Quu|=2.919e+131, cond(Quu)=1.000e+00
    max|Quu|=5.894e+131, cond(Quu)=1.000e+00
    max|Quu|=1.190e+132, cond(Quu)=1.000e+00
    max|Quu|=2.402e+132, cond(Quu)=1.000e+00
    max|Quu|=4.849e+132, cond(Quu)=1.000e+00
    max|Quu|=9.788e+132, cond(Quu)=1.000e+00
    max|Quu|=1.976e+133, cond(Quu)=1.000e+00
    max|Quu|=3.987e+133, cond(Quu)=1.000e+00
    max|Quu|=8.047e+133, cond(Quu)=1.000e+00
    max|Quu|=1.624e+134, cond(Quu)=1.000e+00
    max|Quu|=3.277e+134, cond(Quu)=1.000e+00
    max|Quu|=6.611e+134, cond(Quu)=1.000e+00
    max|Quu|=1.334e+135, cond(Quu)=1.000e+00
    max|Quu|=2.691e+135, cond(Quu)=1.000e+00
    max|Quu|=5.428e+135, cond(Quu)=1.000e+00
    max|Quu|=1.095e+136, cond(Quu)=1.000e+00
    max|Quu|=2.208e+136, cond(Quu)=1.000e+00
    max|Quu|=4.453e+136, cond(Quu)=1.000e+00
    max|Quu|=8.980e+136, cond(Quu)=1.000e+00
    max|Quu|=1.811e+137, cond(Quu)=1.000e+00
    max|Quu|=3.651e+137, cond(Quu)=1.000e+00
    max|Quu|=7.361e+137, cond(Quu)=1.000e+00
    max|Quu|=1.484e+138, cond(Quu)=1.000e+00
    max|Quu|=2.992e+138, cond(Quu)=1.000e+00
    max|Quu|=6.030e+138, cond(Quu)=1.000e+00
    max|Quu|=1.216e+139, cond(Quu)=1.000e+00
    max|Quu|=2.450e+139, cond(Quu)=1.000e+00
    max|Quu|=4.937e+139, cond(Quu)=1.000e+00
    max|Quu|=9.950e+139, cond(Quu)=1.000e+00
    max|Quu|=2.005e+140, cond(Quu)=1.000e+00
    max|Quu|=4.040e+140, cond(Quu)=1.000e+00
    max|Quu|=8.139e+140, cond(Quu)=1.000e+00
    max|Quu|=1.640e+141, cond(Quu)=1.000e+00
    max|Quu|=3.304e+141, cond(Quu)=1.000e+00
    max|Quu|=6.655e+141, cond(Quu)=1.000e+00
    max|Quu|=1.341e+142, cond(Quu)=1.000e+00
    max|Quu|=2.700e+142, cond(Quu)=1.000e+00
    max|Quu|=5.438e+142, cond(Quu)=1.000e+00
    max|Quu|=1.095e+143, cond(Quu)=1.000e+00
    max|Quu|=2.206e+143, cond(Quu)=1.000e+00
    max|Quu|=4.442e+143, cond(Quu)=1.000e+00
    max|Quu|=8.945e+143, cond(Quu)=1.000e+00
    max|Quu|=1.801e+144, cond(Quu)=1.000e+00
    max|Quu|=3.627e+144, cond(Quu)=1.000e+00
    max|Quu|=7.302e+144, cond(Quu)=1.000e+00
    max|Quu|=1.470e+145, cond(Quu)=1.000e+00
    max|Quu|=2.960e+145, cond(Quu)=1.000e+00
    max|Quu|=5.959e+145, cond(Quu)=1.000e+00
    max|Quu|=1.200e+146, cond(Quu)=1.000e+00
    max|Quu|=2.415e+146, cond(Quu)=1.000e+00
    max|Quu|=4.862e+146, cond(Quu)=1.000e+00
    max|Quu|=9.788e+146, cond(Quu)=1.000e+00
    max|Quu|=1.970e+147, cond(Quu)=1.000e+00
    max|Quu|=3.967e+147, cond(Quu)=1.000e+00
    max|Quu|=7.985e+147, cond(Quu)=1.000e+00
    max|Quu|=1.607e+148, cond(Quu)=1.000e+00
    max|Quu|=3.236e+148, cond(Quu)=1.000e+00
    max|Quu|=6.514e+148, cond(Quu)=1.000e+00
    max|Quu|=1.311e+149, cond(Quu)=1.000e+00
    max|Quu|=2.639e+149, cond(Quu)=1.000e+00
    max|Quu|=5.313e+149, cond(Quu)=1.000e+00
    max|Quu|=1.069e+150, cond(Quu)=1.000e+00
    max|Quu|=2.153e+150, cond(Quu)=1.000e+00
    max|Quu|=4.333e+150, cond(Quu)=1.000e+00
    max|Quu|=8.723e+150, cond(Quu)=1.000e+00
    max|Quu|=1.756e+151, cond(Quu)=1.000e+00
    max|Quu|=3.534e+151, cond(Quu)=1.000e+00
    max|Quu|=7.114e+151, cond(Quu)=1.000e+00
    max|Quu|=1.432e+152, cond(Quu)=1.000e+00
    max|Quu|=2.882e+152, cond(Quu)=1.000e+00
    max|Quu|=5.802e+152, cond(Quu)=1.000e+00
    max|Quu|=1.168e+153, cond(Quu)=1.000e+00
    max|Quu|=2.351e+153, cond(Quu)=1.000e+00
    max|Quu|=4.731e+153, cond(Quu)=1.000e+00
    max|Quu|=9.523e+153, cond(Quu)=1.000e+00
    max|Quu|=1.917e+154, cond(Quu)=1.000e+00
    max|Quu|=3.858e+154, cond(Quu)=1.000e+00
    max|Quu|=7.766e+154, cond(Quu)=1.000e+00
    max|Quu|=1.563e+155, cond(Quu)=1.000e+00
    max|Quu|=3.146e+155, cond(Quu)=1.000e+00
    max|Quu|=6.333e+155, cond(Quu)=1.000e+00
Measured previous rollout {"cost": 427.28092034948077, "position_rmse": 0.2515629195964593}
Defect construction {"mean_absolute": 0.016434457083848705, "max_absolute": 0.6398759260284983, "max_timestep": 742, "max_state_dimension": 6, "max_state_name": "wheel_speed", "per_state_max_absolute": [0.011179956376282218, 0.011323209021669278, 0.007721497119262288, 0.030116072308391632, 0.07189197186781604, 0.10669776112382623, 0.6398759260284983, 7.105427357601002e-15, 5.551115123125783e-17]}
Defect reconstruction {"mean_absolute": 1.1847832234528988e-18, "max_absolute": 4.440892098500626e-16, "max_timestep": 5, "max_state_dimension": 6, "max_state_name": "wheel_speed", "per_state_max_absolute": [8.673617379884035e-19, 1.1102230246251565e-16, 5.551115123125783e-17, 1.734723475976807e-18, 2.168404344971009e-19, 1.3877787807814457e-17, 4.440892098500626e-16, 0.0, 0.0]}
alpha=0 max |U_forward - U_old|: 1.9984014443252818e-14
Unchanged control baseline {"unchanged_defect": {"cost": 427.28092034948077, "position_rmse": 0.2515629195964593}, "unchanged_nominal": {"cost": 20722.422725987264, "position_rmse": 2.2436934251786367}}
Alpha candidate {"alpha": 0.5, "defect": {"cost": 439.2704074156104, "position_rmse": 0.25612581481860003}, "nominal": {"cost": 20175.348158139524, "position_rmse": 2.2141187712629864}, "defect_improvement": -11.98948706612964, "nominal_improvement": 547.0745678477397}
Final selection {"status": "REJECT", "alpha": 0.0, "cost": 427.28092034948077, "reason": "No candidate improves unchanged-control model prediction; keeping previous controls."}
No candidate improves unchanged-control model prediction; keeping previous controls.
STOP: candidate prepared; no actual rollout executed.
TRIAL {"trial": 7, "cost": 427.28092034948077, "position_rmse": 0.2515629195964593, "lateness_max": 0.0020296439979574643, "rate_hz": 39.99834209838756, "period_ms_min": 23.38458599842852, "period_ms_max": 26.61159899798804, "selection": "REJECT", "update_seconds": 3.540810873000737, "retries": 0}
Reset succeeded: [0. 0. 0. 0. 0. 0.]
    max|Quu|=1.000e+01, cond(Quu)=1.000e+05
    max|Quu|=1.313e+01, cond(Quu)=1.200e+05
    max|Quu|=1.551e+01, cond(Quu)=1.314e+05
    max|Quu|=1.668e+01, cond(Quu)=1.336e+05
    max|Quu|=1.713e+01, cond(Quu)=1.323e+05
    max|Quu|=1.729e+01, cond(Quu)=1.305e+05
    max|Quu|=1.734e+01, cond(Quu)=1.292e+05
    max|Quu|=1.736e+01, cond(Quu)=1.283e+05
    max|Quu|=1.737e+01, cond(Quu)=1.277e+05
    max|Quu|=1.737e+01, cond(Quu)=1.273e+05
    max|Quu|=1.737e+01, cond(Quu)=1.270e+05
    max|Quu|=1.737e+01, cond(Quu)=1.268e+05
    max|Quu|=1.737e+01, cond(Quu)=1.266e+05
    max|Quu|=1.737e+01, cond(Quu)=1.264e+05
    max|Quu|=1.737e+01, cond(Quu)=1.262e+05
    max|Quu|=1.737e+01, cond(Quu)=1.260e+05
    max|Quu|=1.737e+01, cond(Quu)=1.258e+05
    max|Quu|=1.737e+01, cond(Quu)=1.256e+05
    max|Quu|=1.737e+01, cond(Quu)=1.253e+05
    max|Quu|=1.737e+01, cond(Quu)=1.251e+05
    max|Quu|=1.737e+01, cond(Quu)=1.249e+05
    max|Quu|=1.737e+01, cond(Quu)=1.247e+05
    max|Quu|=1.737e+01, cond(Quu)=1.245e+05
    max|Quu|=1.737e+01, cond(Quu)=1.242e+05
    max|Quu|=1.737e+01, cond(Quu)=1.240e+05
    max|Quu|=1.737e+01, cond(Quu)=1.238e+05
    max|Quu|=1.737e+01, cond(Quu)=1.236e+05
    max|Quu|=1.737e+01, cond(Quu)=1.233e+05
    max|Quu|=1.737e+01, cond(Quu)=1.231e+05
    max|Quu|=1.737e+01, cond(Quu)=1.230e+05
    max|Quu|=1.737e+01, cond(Quu)=1.228e+05
    max|Quu|=1.738e+01, cond(Quu)=1.226e+05
    max|Quu|=1.738e+01, cond(Quu)=1.225e+05
    max|Quu|=1.738e+01, cond(Quu)=1.223e+05
    max|Quu|=1.738e+01, cond(Quu)=1.222e+05
    max|Quu|=1.738e+01, cond(Quu)=1.221e+05
    max|Quu|=1.738e+01, cond(Quu)=1.220e+05
    max|Quu|=1.738e+01, cond(Quu)=1.219e+05
    max|Quu|=1.738e+01, cond(Quu)=1.218e+05
    max|Quu|=1.739e+01, cond(Quu)=1.218e+05
    max|Quu|=1.739e+01, cond(Quu)=1.217e+05
    max|Quu|=1.739e+01, cond(Quu)=1.216e+05
    max|Quu|=1.739e+01, cond(Quu)=1.216e+05
    max|Quu|=1.740e+01, cond(Quu)=1.215e+05
    max|Quu|=1.740e+01, cond(Quu)=1.215e+05
    max|Quu|=1.740e+01, cond(Quu)=1.215e+05
    max|Quu|=1.740e+01, cond(Quu)=1.214e+05
    max|Quu|=1.741e+01, cond(Quu)=1.214e+05
    max|Quu|=1.741e+01, cond(Quu)=1.214e+05
    max|Quu|=1.742e+01, cond(Quu)=1.214e+05
    max|Quu|=1.742e+01, cond(Quu)=1.214e+05
    max|Quu|=1.742e+01, cond(Quu)=1.213e+05
    max|Quu|=1.743e+01, cond(Quu)=1.213e+05
    max|Quu|=1.743e+01, cond(Quu)=1.213e+05
    max|Quu|=1.744e+01, cond(Quu)=1.213e+05
    max|Quu|=1.744e+01, cond(Quu)=1.214e+05
    max|Quu|=1.745e+01, cond(Quu)=1.214e+05
    max|Quu|=1.746e+01, cond(Quu)=1.214e+05
    max|Quu|=1.746e+01, cond(Quu)=1.214e+05
    max|Quu|=1.747e+01, cond(Quu)=1.214e+05
    max|Quu|=1.747e+01, cond(Quu)=1.214e+05
    max|Quu|=1.748e+01, cond(Quu)=1.215e+05
    max|Quu|=1.749e+01, cond(Quu)=1.215e+05
    max|Quu|=1.749e+01, cond(Quu)=1.215e+05
    max|Quu|=1.750e+01, cond(Quu)=1.215e+05
    max|Quu|=1.750e+01, cond(Quu)=1.216e+05
    max|Quu|=1.751e+01, cond(Quu)=1.216e+05
    max|Quu|=1.752e+01, cond(Quu)=1.216e+05
    max|Quu|=1.752e+01, cond(Quu)=1.217e+05
    max|Quu|=1.753e+01, cond(Quu)=1.217e+05
    max|Quu|=1.754e+01, cond(Quu)=1.217e+05
    max|Quu|=1.754e+01, cond(Quu)=1.218e+05
    max|Quu|=1.755e+01, cond(Quu)=1.218e+05
    max|Quu|=1.755e+01, cond(Quu)=1.218e+05
    max|Quu|=1.756e+01, cond(Quu)=1.219e+05
    max|Quu|=1.757e+01, cond(Quu)=1.219e+05
    max|Quu|=1.757e+01, cond(Quu)=1.219e+05
    max|Quu|=1.758e+01, cond(Quu)=1.220e+05
    max|Quu|=1.759e+01, cond(Quu)=1.220e+05
    max|Quu|=1.759e+01, cond(Quu)=1.220e+05
    max|Quu|=1.760e+01, cond(Quu)=1.221e+05
    max|Quu|=1.761e+01, cond(Quu)=1.221e+05
    max|Quu|=1.761e+01, cond(Quu)=1.221e+05
    max|Quu|=1.762e+01, cond(Quu)=1.222e+05
    max|Quu|=1.762e+01, cond(Quu)=1.222e+05
    max|Quu|=1.763e+01, cond(Quu)=1.222e+05
    max|Quu|=1.763e+01, cond(Quu)=1.222e+05
    max|Quu|=1.764e+01, cond(Quu)=1.223e+05
    max|Quu|=1.765e+01, cond(Quu)=1.223e+05
    max|Quu|=1.765e+01, cond(Quu)=1.223e+05
    max|Quu|=1.766e+01, cond(Quu)=1.223e+05
    max|Quu|=1.766e+01, cond(Quu)=1.223e+05
    max|Quu|=1.766e+01, cond(Quu)=1.223e+05
    max|Quu|=1.767e+01, cond(Quu)=1.224e+05
    max|Quu|=1.767e+01, cond(Quu)=1.224e+05
    max|Quu|=1.767e+01, cond(Quu)=1.224e+05
    max|Quu|=1.768e+01, cond(Quu)=1.224e+05
    max|Quu|=1.768e+01, cond(Quu)=1.223e+05
    max|Quu|=1.768e+01, cond(Quu)=1.223e+05
    max|Quu|=1.768e+01, cond(Quu)=1.223e+05
    max|Quu|=1.768e+01, cond(Quu)=1.223e+05
    max|Quu|=1.768e+01, cond(Quu)=1.222e+05
    max|Quu|=1.768e+01, cond(Quu)=1.222e+05
    max|Quu|=1.768e+01, cond(Quu)=1.221e+05
    max|Quu|=1.768e+01, cond(Quu)=1.221e+05
    max|Quu|=1.767e+01, cond(Quu)=1.220e+05
    max|Quu|=1.767e+01, cond(Quu)=1.219e+05
    max|Quu|=1.767e+01, cond(Quu)=1.219e+05
    max|Quu|=1.767e+01, cond(Quu)=1.218e+05
    max|Quu|=1.767e+01, cond(Quu)=1.218e+05
    max|Quu|=1.767e+01, cond(Quu)=1.218e+05
    max|Quu|=1.767e+01, cond(Quu)=1.217e+05
    max|Quu|=1.766e+01, cond(Quu)=1.217e+05
    max|Quu|=1.766e+01, cond(Quu)=1.216e+05
    max|Quu|=1.766e+01, cond(Quu)=1.216e+05
    max|Quu|=1.765e+01, cond(Quu)=1.215e+05
    max|Quu|=1.765e+01, cond(Quu)=1.215e+05
    max|Quu|=1.764e+01, cond(Quu)=1.215e+05
    max|Quu|=1.764e+01, cond(Quu)=1.215e+05
    max|Quu|=1.764e+01, cond(Quu)=1.215e+05
    max|Quu|=1.764e+01, cond(Quu)=1.216e+05
    max|Quu|=1.764e+01, cond(Quu)=1.217e+05
    max|Quu|=1.764e+01, cond(Quu)=1.218e+05
    max|Quu|=1.764e+01, cond(Quu)=1.218e+05
    max|Quu|=1.764e+01, cond(Quu)=1.219e+05
    max|Quu|=1.764e+01, cond(Quu)=1.220e+05
    max|Quu|=1.764e+01, cond(Quu)=1.221e+05
    max|Quu|=1.764e+01, cond(Quu)=1.222e+05
    max|Quu|=1.764e+01, cond(Quu)=1.222e+05
    max|Quu|=1.764e+01, cond(Quu)=1.223e+05
    max|Quu|=1.763e+01, cond(Quu)=1.223e+05
    max|Quu|=1.763e+01, cond(Quu)=1.224e+05
    max|Quu|=1.763e+01, cond(Quu)=1.225e+05
    max|Quu|=1.763e+01, cond(Quu)=1.225e+05
    max|Quu|=1.763e+01, cond(Quu)=1.226e+05
    max|Quu|=1.763e+01, cond(Quu)=1.226e+05
    max|Quu|=1.763e+01, cond(Quu)=1.226e+05
    max|Quu|=1.763e+01, cond(Quu)=1.227e+05
    max|Quu|=1.763e+01, cond(Quu)=1.227e+05
    max|Quu|=1.763e+01, cond(Quu)=1.227e+05
    max|Quu|=1.763e+01, cond(Quu)=1.227e+05
    max|Quu|=1.763e+01, cond(Quu)=1.227e+05
    max|Quu|=1.763e+01, cond(Quu)=1.227e+05
    max|Quu|=1.763e+01, cond(Quu)=1.226e+05
    max|Quu|=1.763e+01, cond(Quu)=1.226e+05
    max|Quu|=1.763e+01, cond(Quu)=1.226e+05
    max|Quu|=1.763e+01, cond(Quu)=1.226e+05
    max|Quu|=1.763e+01, cond(Quu)=1.226e+05
    max|Quu|=1.763e+01, cond(Quu)=1.226e+05
    max|Quu|=1.763e+01, cond(Quu)=1.226e+05
    max|Quu|=1.763e+01, cond(Quu)=1.226e+05
    max|Quu|=1.764e+01, cond(Quu)=1.225e+05
    max|Quu|=1.764e+01, cond(Quu)=1.225e+05
    max|Quu|=1.764e+01, cond(Quu)=1.225e+05
    max|Quu|=1.764e+01, cond(Quu)=1.225e+05
    max|Quu|=1.764e+01, cond(Quu)=1.225e+05
    max|Quu|=1.764e+01, cond(Quu)=1.224e+05
    max|Quu|=1.764e+01, cond(Quu)=1.224e+05
    max|Quu|=1.764e+01, cond(Quu)=1.224e+05
    max|Quu|=1.765e+01, cond(Quu)=1.224e+05
    max|Quu|=1.765e+01, cond(Quu)=1.224e+05
    max|Quu|=1.765e+01, cond(Quu)=1.224e+05
    max|Quu|=1.765e+01, cond(Quu)=1.224e+05
    max|Quu|=1.765e+01, cond(Quu)=1.224e+05
    max|Quu|=1.765e+01, cond(Quu)=1.224e+05
    max|Quu|=1.766e+01, cond(Quu)=1.224e+05
    max|Quu|=1.766e+01, cond(Quu)=1.224e+05
    max|Quu|=1.766e+01, cond(Quu)=1.224e+05
    max|Quu|=1.766e+01, cond(Quu)=1.224e+05
    max|Quu|=1.766e+01, cond(Quu)=1.224e+05
    max|Quu|=1.767e+01, cond(Quu)=1.224e+05
    max|Quu|=1.767e+01, cond(Quu)=1.224e+05
    max|Quu|=1.767e+01, cond(Quu)=1.224e+05
    max|Quu|=1.767e+01, cond(Quu)=1.224e+05
    max|Quu|=1.767e+01, cond(Quu)=1.224e+05
    max|Quu|=1.768e+01, cond(Quu)=1.224e+05
    max|Quu|=1.768e+01, cond(Quu)=1.224e+05
    max|Quu|=1.768e+01, cond(Quu)=1.225e+05
    max|Quu|=1.768e+01, cond(Quu)=1.225e+05
    max|Quu|=1.768e+01, cond(Quu)=1.225e+05
    max|Quu|=1.769e+01, cond(Quu)=1.225e+05
    max|Quu|=1.769e+01, cond(Quu)=1.225e+05
    max|Quu|=1.769e+01, cond(Quu)=1.226e+05
    max|Quu|=1.770e+01, cond(Quu)=1.226e+05
    max|Quu|=1.770e+01, cond(Quu)=1.226e+05
    max|Quu|=1.770e+01, cond(Quu)=1.226e+05
    max|Quu|=1.770e+01, cond(Quu)=1.227e+05
    max|Quu|=1.771e+01, cond(Quu)=1.227e+05
    max|Quu|=1.771e+01, cond(Quu)=1.227e+05
    max|Quu|=1.771e+01, cond(Quu)=1.227e+05
    max|Quu|=1.771e+01, cond(Quu)=1.227e+05
    max|Quu|=1.771e+01, cond(Quu)=1.227e+05
    max|Quu|=1.771e+01, cond(Quu)=1.227e+05
    max|Quu|=1.771e+01, cond(Quu)=1.228e+05
    max|Quu|=1.771e+01, cond(Quu)=1.228e+05
    max|Quu|=1.771e+01, cond(Quu)=1.228e+05
    max|Quu|=1.771e+01, cond(Quu)=1.228e+05
    max|Quu|=1.771e+01, cond(Quu)=1.228e+05
    max|Quu|=1.772e+01, cond(Quu)=1.228e+05
    max|Quu|=1.772e+01, cond(Quu)=1.228e+05
    max|Quu|=1.772e+01, cond(Quu)=1.228e+05
    max|Quu|=1.772e+01, cond(Quu)=1.228e+05
    max|Quu|=1.772e+01, cond(Quu)=1.228e+05
    max|Quu|=1.772e+01, cond(Quu)=1.228e+05
    max|Quu|=1.772e+01, cond(Quu)=1.228e+05
    max|Quu|=1.772e+01, cond(Quu)=1.228e+05
    max|Quu|=1.772e+01, cond(Quu)=1.228e+05
    max|Quu|=1.771e+01, cond(Quu)=1.228e+05
    max|Quu|=1.771e+01, cond(Quu)=1.227e+05
    max|Quu|=1.771e+01, cond(Quu)=1.227e+05
    max|Quu|=1.771e+01, cond(Quu)=1.227e+05
    max|Quu|=1.771e+01, cond(Quu)=1.227e+05
    max|Quu|=1.771e+01, cond(Quu)=1.227e+05
    max|Quu|=1.771e+01, cond(Quu)=1.227e+05
    max|Quu|=1.771e+01, cond(Quu)=1.228e+05
    max|Quu|=1.772e+01, cond(Quu)=1.228e+05
    max|Quu|=1.772e+01, cond(Quu)=1.228e+05
    max|Quu|=1.772e+01, cond(Quu)=1.229e+05
    max|Quu|=1.772e+01, cond(Quu)=1.229e+05
    max|Quu|=1.772e+01, cond(Quu)=1.229e+05
    max|Quu|=1.772e+01, cond(Quu)=1.229e+05
    max|Quu|=1.772e+01, cond(Quu)=1.229e+05
    max|Quu|=1.772e+01, cond(Quu)=1.229e+05
    max|Quu|=1.772e+01, cond(Quu)=1.230e+05
    max|Quu|=1.772e+01, cond(Quu)=1.230e+05
    max|Quu|=1.772e+01, cond(Quu)=1.230e+05
    max|Quu|=1.772e+01, cond(Quu)=1.231e+05
    max|Quu|=1.772e+01, cond(Quu)=1.231e+05
    max|Quu|=1.772e+01, cond(Quu)=1.231e+05
    max|Quu|=1.773e+01, cond(Quu)=1.232e+05
    max|Quu|=1.773e+01, cond(Quu)=1.232e+05
    max|Quu|=1.773e+01, cond(Quu)=1.232e+05
    max|Quu|=1.773e+01, cond(Quu)=1.232e+05
    max|Quu|=1.773e+01, cond(Quu)=1.232e+05
    max|Quu|=1.773e+01, cond(Quu)=1.232e+05
    max|Quu|=1.773e+01, cond(Quu)=1.232e+05
    max|Quu|=1.773e+01, cond(Quu)=1.232e+05
    max|Quu|=1.773e+01, cond(Quu)=1.232e+05
    max|Quu|=1.773e+01, cond(Quu)=1.232e+05
    max|Quu|=1.773e+01, cond(Quu)=1.232e+05
    max|Quu|=1.773e+01, cond(Quu)=1.232e+05
    max|Quu|=1.773e+01, cond(Quu)=1.232e+05
    max|Quu|=1.774e+01, cond(Quu)=1.232e+05
    max|Quu|=1.774e+01, cond(Quu)=1.232e+05
    max|Quu|=1.774e+01, cond(Quu)=1.232e+05
    max|Quu|=1.774e+01, cond(Quu)=1.232e+05
    max|Quu|=1.774e+01, cond(Quu)=1.232e+05
    max|Quu|=1.774e+01, cond(Quu)=1.232e+05
    max|Quu|=1.774e+01, cond(Quu)=1.232e+05
    max|Quu|=1.774e+01, cond(Quu)=1.231e+05
    max|Quu|=1.773e+01, cond(Quu)=1.231e+05
    max|Quu|=1.773e+01, cond(Quu)=1.230e+05
    max|Quu|=1.772e+01, cond(Quu)=1.229e+05
    max|Quu|=1.771e+01, cond(Quu)=1.228e+05
    max|Quu|=1.769e+01, cond(Quu)=1.227e+05
    max|Quu|=1.766e+01, cond(Quu)=1.224e+05
    max|Quu|=1.762e+01, cond(Quu)=1.221e+05
    max|Quu|=1.756e+01, cond(Quu)=1.215e+05
    max|Quu|=1.746e+01, cond(Quu)=1.207e+05
    max|Quu|=1.732e+01, cond(Quu)=1.195e+05
    max|Quu|=1.710e+01, cond(Quu)=1.176e+05
    max|Quu|=1.677e+01, cond(Quu)=1.147e+05
    max|Quu|=1.625e+01, cond(Quu)=1.098e+05
    max|Quu|=1.540e+01, cond(Quu)=1.012e+05
    max|Quu|=1.395e+01, cond(Quu)=8.486e+04
    max|Quu|=1.131e+01, cond(Quu)=5.259e+04
    max|Quu|=6.580e+00, cond(Quu)=1.060e+04
    max|Quu|=1.949e+00, cond(Quu)=2.406e+02
    max|Quu|=2.544e+00, cond(Quu)=8.717e+01
    max|Quu|=2.878e+00, cond(Quu)=2.550e+01
    max|Quu|=2.878e+00, cond(Quu)=6.991e+00
    max|Quu|=2.916e+00, cond(Quu)=2.796e+00
    max|Quu|=5.793e+00, cond(Quu)=1.653e+00
    max|Quu|=1.235e+01, cond(Quu)=1.271e+00
    max|Quu|=2.628e+01, cond(Quu)=1.120e+00
    max|Quu|=5.585e+01, cond(Quu)=1.056e+00
    max|Quu|=1.186e+02, cond(Quu)=1.026e+00
    max|Quu|=2.516e+02, cond(Quu)=1.012e+00
    max|Quu|=5.331e+02, cond(Quu)=1.006e+00
    max|Quu|=1.128e+03, cond(Quu)=1.003e+00
    max|Quu|=2.386e+03, cond(Quu)=1.001e+00
    max|Quu|=5.040e+03, cond(Quu)=1.001e+00
    max|Quu|=1.063e+04, cond(Quu)=1.000e+00
    max|Quu|=2.242e+04, cond(Quu)=1.000e+00
    max|Quu|=4.722e+04, cond(Quu)=1.000e+00
    max|Quu|=9.937e+04, cond(Quu)=1.000e+00
    max|Quu|=2.089e+05, cond(Quu)=1.000e+00
    max|Quu|=4.390e+05, cond(Quu)=1.000e+00
    max|Quu|=9.216e+05, cond(Quu)=1.000e+00
    max|Quu|=1.933e+06, cond(Quu)=1.000e+00
    max|Quu|=4.053e+06, cond(Quu)=1.000e+00
    max|Quu|=8.488e+06, cond(Quu)=1.000e+00
    max|Quu|=1.776e+07, cond(Quu)=1.000e+00
    max|Quu|=3.715e+07, cond(Quu)=1.000e+00
    max|Quu|=7.763e+07, cond(Quu)=1.000e+00
    max|Quu|=1.621e+08, cond(Quu)=1.000e+00
    max|Quu|=3.384e+08, cond(Quu)=1.000e+00
    max|Quu|=7.057e+08, cond(Quu)=1.000e+00
    max|Quu|=1.471e+09, cond(Quu)=1.000e+00
    max|Quu|=3.062e+09, cond(Quu)=1.000e+00
    max|Quu|=6.372e+09, cond(Quu)=1.000e+00
    max|Quu|=1.325e+10, cond(Quu)=1.000e+00
    max|Quu|=2.755e+10, cond(Quu)=1.000e+00
    max|Quu|=5.723e+10, cond(Quu)=1.000e+00
    max|Quu|=1.188e+11, cond(Quu)=1.000e+00
    max|Quu|=2.465e+11, cond(Quu)=1.000e+00
    max|Quu|=5.110e+11, cond(Quu)=1.000e+00
    max|Quu|=1.059e+12, cond(Quu)=1.000e+00
    max|Quu|=2.192e+12, cond(Quu)=1.000e+00
    max|Quu|=4.537e+12, cond(Quu)=1.000e+00
    max|Quu|=9.385e+12, cond(Quu)=1.000e+00
    max|Quu|=1.940e+13, cond(Quu)=1.000e+00
    max|Quu|=4.008e+13, cond(Quu)=1.000e+00
    max|Quu|=8.275e+13, cond(Quu)=1.000e+00
    max|Quu|=1.707e+14, cond(Quu)=1.000e+00
    max|Quu|=3.521e+14, cond(Quu)=1.000e+00
    max|Quu|=7.259e+14, cond(Quu)=1.000e+00
    max|Quu|=1.496e+15, cond(Quu)=1.000e+00
    max|Quu|=3.081e+15, cond(Quu)=1.000e+00
    max|Quu|=6.342e+15, cond(Quu)=1.000e+00
    max|Quu|=1.305e+16, cond(Quu)=1.000e+00
    max|Quu|=2.684e+16, cond(Quu)=1.000e+00
    max|Quu|=5.517e+16, cond(Quu)=1.000e+00
    max|Quu|=1.134e+17, cond(Quu)=1.000e+00
    max|Quu|=2.328e+17, cond(Quu)=1.000e+00
    max|Quu|=4.780e+17, cond(Quu)=1.000e+00
    max|Quu|=9.809e+17, cond(Quu)=1.000e+00
    max|Quu|=2.012e+18, cond(Quu)=1.000e+00
    max|Quu|=4.125e+18, cond(Quu)=1.000e+00
    max|Quu|=8.454e+18, cond(Quu)=1.000e+00
    max|Quu|=1.732e+19, cond(Quu)=1.000e+00
    max|Quu|=3.546e+19, cond(Quu)=1.000e+00
    max|Quu|=7.260e+19, cond(Quu)=1.000e+00
    max|Quu|=1.486e+20, cond(Quu)=1.000e+00
    max|Quu|=3.038e+20, cond(Quu)=1.000e+00
    max|Quu|=6.212e+20, cond(Quu)=1.000e+00
    max|Quu|=1.270e+21, cond(Quu)=1.000e+00
    max|Quu|=2.594e+21, cond(Quu)=1.000e+00
    max|Quu|=5.296e+21, cond(Quu)=1.000e+00
    max|Quu|=1.081e+22, cond(Quu)=1.000e+00
    max|Quu|=2.206e+22, cond(Quu)=1.000e+00
    max|Quu|=4.501e+22, cond(Quu)=1.000e+00
    max|Quu|=9.178e+22, cond(Quu)=1.000e+00
    max|Quu|=1.871e+23, cond(Quu)=1.000e+00
    max|Quu|=3.812e+23, cond(Quu)=1.000e+00
    max|Quu|=7.766e+23, cond(Quu)=1.000e+00
    max|Quu|=1.581e+24, cond(Quu)=1.000e+00
    max|Quu|=3.219e+24, cond(Quu)=1.000e+00
    max|Quu|=6.549e+24, cond(Quu)=1.000e+00
    max|Quu|=1.332e+25, cond(Quu)=1.000e+00
    max|Quu|=2.709e+25, cond(Quu)=1.000e+00
    max|Quu|=5.506e+25, cond(Quu)=1.000e+00
    max|Quu|=1.119e+26, cond(Quu)=1.000e+00
    max|Quu|=2.273e+26, cond(Quu)=1.000e+00
    max|Quu|=4.616e+26, cond(Quu)=1.000e+00
    max|Quu|=9.371e+26, cond(Quu)=1.000e+00
    max|Quu|=1.902e+27, cond(Quu)=1.000e+00
    max|Quu|=3.859e+27, cond(Quu)=1.000e+00
    max|Quu|=7.827e+27, cond(Quu)=1.000e+00
    max|Quu|=1.587e+28, cond(Quu)=1.000e+00
    max|Quu|=3.217e+28, cond(Quu)=1.000e+00
    max|Quu|=6.519e+28, cond(Quu)=1.000e+00
    max|Quu|=1.321e+29, cond(Quu)=1.000e+00
    max|Quu|=2.675e+29, cond(Quu)=1.000e+00
    max|Quu|=5.415e+29, cond(Quu)=1.000e+00
    max|Quu|=1.096e+30, cond(Quu)=1.000e+00
    max|Quu|=2.218e+30, cond(Quu)=1.000e+00
    max|Quu|=4.486e+30, cond(Quu)=1.000e+00
    max|Quu|=9.072e+30, cond(Quu)=1.000e+00
    max|Quu|=1.834e+31, cond(Quu)=1.000e+00
    max|Quu|=3.707e+31, cond(Quu)=1.000e+00
    max|Quu|=7.489e+31, cond(Quu)=1.000e+00
    max|Quu|=1.513e+32, cond(Quu)=1.000e+00
    max|Quu|=3.055e+32, cond(Quu)=1.000e+00
    max|Quu|=6.167e+32, cond(Quu)=1.000e+00
    max|Quu|=1.245e+33, cond(Quu)=1.000e+00
    max|Quu|=2.512e+33, cond(Quu)=1.000e+00
    max|Quu|=5.066e+33, cond(Quu)=1.000e+00
    max|Quu|=1.022e+34, cond(Quu)=1.000e+00
    max|Quu|=2.060e+34, cond(Quu)=1.000e+00
    max|Quu|=4.152e+34, cond(Quu)=1.000e+00
    max|Quu|=8.366e+34, cond(Quu)=1.000e+00
    max|Quu|=1.685e+35, cond(Quu)=1.000e+00
    max|Quu|=3.395e+35, cond(Quu)=1.000e+00
    max|Quu|=6.835e+35, cond(Quu)=1.000e+00
    max|Quu|=1.376e+36, cond(Quu)=1.000e+00
    max|Quu|=2.769e+36, cond(Quu)=1.000e+00
    max|Quu|=5.571e+36, cond(Quu)=1.000e+00
    max|Quu|=1.121e+37, cond(Quu)=1.000e+00
    max|Quu|=2.253e+37, cond(Quu)=1.000e+00
    max|Quu|=4.530e+37, cond(Quu)=1.000e+00
    max|Quu|=9.105e+37, cond(Quu)=1.000e+00
    max|Quu|=1.830e+38, cond(Quu)=1.000e+00
    max|Quu|=3.675e+38, cond(Quu)=1.000e+00
    max|Quu|=7.382e+38, cond(Quu)=1.000e+00
    max|Quu|=1.482e+39, cond(Quu)=1.000e+00
    max|Quu|=2.975e+39, cond(Quu)=1.000e+00
    max|Quu|=5.971e+39, cond(Quu)=1.000e+00
    max|Quu|=1.198e+40, cond(Quu)=1.000e+00
    max|Quu|=2.403e+40, cond(Quu)=1.000e+00
    max|Quu|=4.818e+40, cond(Quu)=1.000e+00
    max|Quu|=9.660e+40, cond(Quu)=1.000e+00
    max|Quu|=1.936e+41, cond(Quu)=1.000e+00
    max|Quu|=3.879e+41, cond(Quu)=1.000e+00
    max|Quu|=7.769e+41, cond(Quu)=1.000e+00
    max|Quu|=1.556e+42, cond(Quu)=1.000e+00
    max|Quu|=3.115e+42, cond(Quu)=1.000e+00
    max|Quu|=6.233e+42, cond(Quu)=1.000e+00
    max|Quu|=1.247e+43, cond(Quu)=1.000e+00
    max|Quu|=2.494e+43, cond(Quu)=1.000e+00
    max|Quu|=4.987e+43, cond(Quu)=1.000e+00
    max|Quu|=9.970e+43, cond(Quu)=1.000e+00
    max|Quu|=1.992e+44, cond(Quu)=1.000e+00
    max|Quu|=3.980e+44, cond(Quu)=1.000e+00
    max|Quu|=7.949e+44, cond(Quu)=1.000e+00
    max|Quu|=1.587e+45, cond(Quu)=1.000e+00
    max|Quu|=3.168e+45, cond(Quu)=1.000e+00
    max|Quu|=6.320e+45, cond(Quu)=1.000e+00
    max|Quu|=1.261e+46, cond(Quu)=1.000e+00
    max|Quu|=2.514e+46, cond(Quu)=1.000e+00
    max|Quu|=5.011e+46, cond(Quu)=1.000e+00
    max|Quu|=9.985e+46, cond(Quu)=1.000e+00
    max|Quu|=1.989e+47, cond(Quu)=1.000e+00
    max|Quu|=3.961e+47, cond(Quu)=1.000e+00
    max|Quu|=7.884e+47, cond(Quu)=1.000e+00
    max|Quu|=1.569e+48, cond(Quu)=1.000e+00
    max|Quu|=3.121e+48, cond(Quu)=1.000e+00
    max|Quu|=6.206e+48, cond(Quu)=1.000e+00
    max|Quu|=1.234e+49, cond(Quu)=1.000e+00
    max|Quu|=2.451e+49, cond(Quu)=1.000e+00
    max|Quu|=4.867e+49, cond(Quu)=1.000e+00
    max|Quu|=9.662e+49, cond(Quu)=1.000e+00
    max|Quu|=1.917e+50, cond(Quu)=1.000e+00
    max|Quu|=3.802e+50, cond(Quu)=1.000e+00
    max|Quu|=7.538e+50, cond(Quu)=1.000e+00
    max|Quu|=1.493e+51, cond(Quu)=1.000e+00
    max|Quu|=2.958e+51, cond(Quu)=1.000e+00
    max|Quu|=5.854e+51, cond(Quu)=1.000e+00
    max|Quu|=1.158e+52, cond(Quu)=1.000e+00
    max|Quu|=2.290e+52, cond(Quu)=1.000e+00
    max|Quu|=4.525e+52, cond(Quu)=1.000e+00
    max|Quu|=8.937e+52, cond(Quu)=1.000e+00
    max|Quu|=1.764e+53, cond(Quu)=1.000e+00
    max|Quu|=3.478e+53, cond(Quu)=1.000e+00
    max|Quu|=6.855e+53, cond(Quu)=1.000e+00
    max|Quu|=1.350e+54, cond(Quu)=1.000e+00
    max|Quu|=2.657e+54, cond(Quu)=1.000e+00
    max|Quu|=5.223e+54, cond(Quu)=1.000e+00
    max|Quu|=1.026e+55, cond(Quu)=1.000e+00
    max|Quu|=2.014e+55, cond(Quu)=1.000e+00
    max|Quu|=3.950e+55, cond(Quu)=1.000e+00
    max|Quu|=7.739e+55, cond(Quu)=1.000e+00
    max|Quu|=1.514e+56, cond(Quu)=1.000e+00
    max|Quu|=2.959e+56, cond(Quu)=1.000e+00
    max|Quu|=5.777e+56, cond(Quu)=1.000e+00
    max|Quu|=1.126e+57, cond(Quu)=1.000e+00
    max|Quu|=2.193e+57, cond(Quu)=1.000e+00
    max|Quu|=4.262e+57, cond(Quu)=1.000e+00
    max|Quu|=8.268e+57, cond(Quu)=1.000e+00
    max|Quu|=1.601e+58, cond(Quu)=1.000e+00
    max|Quu|=3.096e+58, cond(Quu)=1.000e+00
    max|Quu|=5.972e+58, cond(Quu)=1.000e+00
    max|Quu|=1.150e+59, cond(Quu)=1.000e+00
    max|Quu|=2.207e+59, cond(Quu)=1.000e+00
    max|Quu|=4.226e+59, cond(Quu)=1.000e+00
    max|Quu|=8.061e+59, cond(Quu)=1.000e+00
    max|Quu|=1.533e+60, cond(Quu)=1.000e+00
    max|Quu|=2.903e+60, cond(Quu)=1.000e+00
    max|Quu|=5.474e+60, cond(Quu)=1.000e+00
    max|Quu|=1.027e+61, cond(Quu)=1.000e+00
    max|Quu|=1.917e+61, cond(Quu)=1.000e+00
    max|Quu|=3.555e+61, cond(Quu)=1.000e+00
    max|Quu|=6.540e+61, cond(Quu)=1.000e+00
    max|Quu|=1.192e+62, cond(Quu)=1.000e+00
    max|Quu|=2.149e+62, cond(Quu)=1.000e+00
    max|Quu|=3.819e+62, cond(Quu)=1.000e+00
    max|Quu|=6.664e+62, cond(Quu)=1.000e+00
    max|Quu|=1.135e+63, cond(Quu)=1.000e+00
    max|Quu|=1.867e+63, cond(Quu)=1.000e+00
    max|Quu|=2.915e+63, cond(Quu)=1.000e+00
    max|Quu|=4.170e+63, cond(Quu)=1.000e+00
    max|Quu|=4.965e+63, cond(Quu)=1.000e+00
    max|Quu|=3.085e+63, cond(Quu)=1.000e+00
    max|Quu|=7.670e+63, cond(Quu)=1.000e+00
    max|Quu|=4.313e+64, cond(Quu)=1.000e+00
    max|Quu|=1.421e+65, cond(Quu)=1.000e+00
    max|Quu|=3.974e+65, cond(Quu)=1.000e+00
    max|Quu|=1.024e+66, cond(Quu)=1.000e+00
    max|Quu|=2.509e+66, cond(Quu)=1.000e+00
    max|Quu|=5.951e+66, cond(Quu)=1.000e+00
    max|Quu|=1.378e+67, cond(Quu)=1.000e+00
    max|Quu|=3.132e+67, cond(Quu)=1.000e+00
    max|Quu|=7.016e+67, cond(Quu)=1.000e+00
    max|Quu|=1.554e+68, cond(Quu)=1.000e+00
    max|Quu|=3.411e+68, cond(Quu)=1.000e+00
    max|Quu|=7.430e+68, cond(Quu)=1.000e+00
    max|Quu|=1.608e+69, cond(Quu)=1.000e+00
    max|Quu|=3.461e+69, cond(Quu)=1.000e+00
    max|Quu|=7.413e+69, cond(Quu)=1.000e+00
    max|Quu|=1.581e+70, cond(Quu)=1.000e+00
    max|Quu|=3.359e+70, cond(Quu)=1.000e+00
    max|Quu|=7.109e+70, cond(Quu)=1.000e+00
    max|Quu|=1.500e+71, cond(Quu)=1.000e+00
    max|Quu|=3.155e+71, cond(Quu)=1.000e+00
    max|Quu|=6.621e+71, cond(Quu)=1.000e+00
    max|Quu|=1.386e+72, cond(Quu)=1.000e+00
    max|Quu|=2.896e+72, cond(Quu)=1.000e+00
    max|Quu|=6.039e+72, cond(Quu)=1.000e+00
    max|Quu|=1.257e+73, cond(Quu)=1.000e+00
    max|Quu|=2.612e+73, cond(Quu)=1.000e+00
    max|Quu|=5.419e+73, cond(Quu)=1.000e+00
    max|Quu|=1.123e+74, cond(Quu)=1.000e+00
    max|Quu|=2.323e+74, cond(Quu)=1.000e+00
    max|Quu|=4.801e+74, cond(Quu)=1.000e+00
    max|Quu|=9.910e+74, cond(Quu)=1.000e+00
    max|Quu|=2.043e+75, cond(Quu)=1.000e+00
    max|Quu|=4.208e+75, cond(Quu)=1.000e+00
    max|Quu|=8.659e+75, cond(Quu)=1.000e+00
    max|Quu|=1.780e+76, cond(Quu)=1.000e+00
    max|Quu|=3.656e+76, cond(Quu)=1.000e+00
    max|Quu|=7.504e+76, cond(Quu)=1.000e+00
    max|Quu|=1.539e+77, cond(Quu)=1.000e+00
    max|Quu|=3.153e+77, cond(Quu)=1.000e+00
    max|Quu|=6.456e+77, cond(Quu)=1.000e+00
    max|Quu|=1.321e+78, cond(Quu)=1.000e+00
    max|Quu|=2.701e+78, cond(Quu)=1.000e+00
    max|Quu|=5.521e+78, cond(Quu)=1.000e+00
    max|Quu|=1.128e+79, cond(Quu)=1.000e+00
    max|Quu|=2.302e+79, cond(Quu)=1.000e+00
    max|Quu|=4.696e+79, cond(Quu)=1.000e+00
    max|Quu|=9.576e+79, cond(Quu)=1.000e+00
    max|Quu|=1.952e+80, cond(Quu)=1.000e+00
    max|Quu|=3.976e+80, cond(Quu)=1.000e+00
    max|Quu|=8.096e+80, cond(Quu)=1.000e+00
    max|Quu|=1.648e+81, cond(Quu)=1.000e+00
    max|Quu|=3.352e+81, cond(Quu)=1.000e+00
    max|Quu|=6.818e+81, cond(Quu)=1.000e+00
    max|Quu|=1.386e+82, cond(Quu)=1.000e+00
    max|Quu|=2.816e+82, cond(Quu)=1.000e+00
    max|Quu|=5.721e+82, cond(Quu)=1.000e+00
    max|Quu|=1.162e+83, cond(Quu)=1.000e+00
    max|Quu|=2.359e+83, cond(Quu)=1.000e+00
    max|Quu|=4.786e+83, cond(Quu)=1.000e+00
    max|Quu|=9.711e+83, cond(Quu)=1.000e+00
    max|Quu|=1.969e+84, cond(Quu)=1.000e+00
    max|Quu|=3.994e+84, cond(Quu)=1.000e+00
    max|Quu|=8.097e+84, cond(Quu)=1.000e+00
    max|Quu|=1.641e+85, cond(Quu)=1.000e+00
    max|Quu|=3.326e+85, cond(Quu)=1.000e+00
    max|Quu|=6.738e+85, cond(Quu)=1.000e+00
    max|Quu|=1.365e+86, cond(Quu)=1.000e+00
    max|Quu|=2.764e+86, cond(Quu)=1.000e+00
    max|Quu|=5.596e+86, cond(Quu)=1.000e+00
    max|Quu|=1.133e+87, cond(Quu)=1.000e+00
    max|Quu|=2.293e+87, cond(Quu)=1.000e+00
    max|Quu|=4.639e+87, cond(Quu)=1.000e+00
    max|Quu|=9.386e+87, cond(Quu)=1.000e+00
    max|Quu|=1.899e+88, cond(Quu)=1.000e+00
    max|Quu|=3.840e+88, cond(Quu)=1.000e+00
    max|Quu|=7.766e+88, cond(Quu)=1.000e+00
    max|Quu|=1.570e+89, cond(Quu)=1.000e+00
    max|Quu|=3.175e+89, cond(Quu)=1.000e+00
    max|Quu|=6.420e+89, cond(Quu)=1.000e+00
    max|Quu|=1.298e+90, cond(Quu)=1.000e+00
    max|Quu|=2.623e+90, cond(Quu)=1.000e+00
    max|Quu|=5.302e+90, cond(Quu)=1.000e+00
    max|Quu|=1.072e+91, cond(Quu)=1.000e+00
    max|Quu|=2.165e+91, cond(Quu)=1.000e+00
    max|Quu|=4.375e+91, cond(Quu)=1.000e+00
    max|Quu|=8.840e+91, cond(Quu)=1.000e+00
    max|Quu|=1.786e+92, cond(Quu)=1.000e+00
    max|Quu|=3.608e+92, cond(Quu)=1.000e+00
    max|Quu|=7.288e+92, cond(Quu)=1.000e+00
    max|Quu|=1.472e+93, cond(Quu)=1.000e+00
    max|Quu|=2.974e+93, cond(Quu)=1.000e+00
    max|Quu|=6.007e+93, cond(Quu)=1.000e+00
    max|Quu|=1.214e+94, cond(Quu)=1.000e+00
    max|Quu|=2.451e+94, cond(Quu)=1.000e+00
    max|Quu|=4.952e+94, cond(Quu)=1.000e+00
    max|Quu|=1.000e+95, cond(Quu)=1.000e+00
    max|Quu|=2.021e+95, cond(Quu)=1.000e+00
    max|Quu|=4.083e+95, cond(Quu)=1.000e+00
    max|Quu|=8.248e+95, cond(Quu)=1.000e+00
    max|Quu|=1.666e+96, cond(Quu)=1.000e+00
    max|Quu|=3.366e+96, cond(Quu)=1.000e+00
    max|Quu|=6.800e+96, cond(Quu)=1.000e+00
    max|Quu|=1.374e+97, cond(Quu)=1.000e+00
    max|Quu|=2.775e+97, cond(Quu)=1.000e+00
    max|Quu|=5.608e+97, cond(Quu)=1.000e+00
    max|Quu|=1.133e+98, cond(Quu)=1.000e+00
    max|Quu|=2.290e+98, cond(Quu)=1.000e+00
    max|Quu|=4.627e+98, cond(Quu)=1.000e+00
    max|Quu|=9.351e+98, cond(Quu)=1.000e+00
    max|Quu|=1.890e+99, cond(Quu)=1.000e+00
    max|Quu|=3.820e+99, cond(Quu)=1.000e+00
    max|Quu|=7.720e+99, cond(Quu)=1.000e+00
    max|Quu|=1.561e+100, cond(Quu)=1.000e+00
    max|Quu|=3.154e+100, cond(Quu)=1.000e+00
    max|Quu|=6.376e+100, cond(Quu)=1.000e+00
    max|Quu|=1.289e+101, cond(Quu)=1.000e+00
    max|Quu|=2.606e+101, cond(Quu)=1.000e+00
    max|Quu|=5.268e+101, cond(Quu)=1.000e+00
    max|Quu|=1.065e+102, cond(Quu)=1.000e+00
    max|Quu|=2.154e+102, cond(Quu)=1.000e+00
    max|Quu|=4.355e+102, cond(Quu)=1.000e+00
    max|Quu|=8.807e+102, cond(Quu)=1.000e+00
    max|Quu|=1.781e+103, cond(Quu)=1.000e+00
    max|Quu|=3.602e+103, cond(Quu)=1.000e+00
    max|Quu|=7.287e+103, cond(Quu)=1.000e+00
    max|Quu|=1.474e+104, cond(Quu)=1.000e+00
    max|Quu|=2.982e+104, cond(Quu)=1.000e+00
    max|Quu|=6.032e+104, cond(Quu)=1.000e+00
    max|Quu|=1.220e+105, cond(Quu)=1.000e+00
    max|Quu|=2.469e+105, cond(Quu)=1.000e+00
    max|Quu|=4.996e+105, cond(Quu)=1.000e+00
    max|Quu|=1.011e+106, cond(Quu)=1.000e+00
    max|Quu|=2.046e+106, cond(Quu)=1.000e+00
    max|Quu|=4.141e+106, cond(Quu)=1.000e+00
    max|Quu|=8.380e+106, cond(Quu)=1.000e+00
    max|Quu|=1.696e+107, cond(Quu)=1.000e+00
    max|Quu|=3.433e+107, cond(Quu)=1.000e+00
    max|Quu|=6.949e+107, cond(Quu)=1.000e+00
    max|Quu|=1.407e+108, cond(Quu)=1.000e+00
    max|Quu|=2.848e+108, cond(Quu)=1.000e+00
    max|Quu|=5.765e+108, cond(Quu)=1.000e+00
    max|Quu|=1.167e+109, cond(Quu)=1.000e+00
    max|Quu|=2.363e+109, cond(Quu)=1.000e+00
    max|Quu|=4.785e+109, cond(Quu)=1.000e+00
    max|Quu|=9.689e+109, cond(Quu)=1.000e+00
    max|Quu|=1.962e+110, cond(Quu)=1.000e+00
    max|Quu|=3.973e+110, cond(Quu)=1.000e+00
    max|Quu|=8.044e+110, cond(Quu)=1.000e+00
    max|Quu|=1.629e+111, cond(Quu)=1.000e+00
    max|Quu|=3.299e+111, cond(Quu)=1.000e+00
    max|Quu|=6.681e+111, cond(Quu)=1.000e+00
    max|Quu|=1.353e+112, cond(Quu)=1.000e+00
    max|Quu|=2.740e+112, cond(Quu)=1.000e+00
    max|Quu|=5.549e+112, cond(Quu)=1.000e+00
    max|Quu|=1.124e+113, cond(Quu)=1.000e+00
    max|Quu|=2.276e+113, cond(Quu)=1.000e+00
    max|Quu|=4.609e+113, cond(Quu)=1.000e+00
    max|Quu|=9.335e+113, cond(Quu)=1.000e+00
    max|Quu|=1.891e+114, cond(Quu)=1.000e+00
    max|Quu|=3.830e+114, cond(Quu)=1.000e+00
    max|Quu|=7.756e+114, cond(Quu)=1.000e+00
    max|Quu|=1.571e+115, cond(Quu)=1.000e+00
    max|Quu|=3.181e+115, cond(Quu)=1.000e+00
    max|Quu|=6.443e+115, cond(Quu)=1.000e+00
    max|Quu|=1.305e+116, cond(Quu)=1.000e+00
    max|Quu|=2.642e+116, cond(Quu)=1.000e+00
    max|Quu|=5.349e+116, cond(Quu)=1.000e+00
    max|Quu|=1.083e+117, cond(Quu)=1.000e+00
    max|Quu|=2.193e+117, cond(Quu)=1.000e+00
    max|Quu|=4.440e+117, cond(Quu)=1.000e+00
    max|Quu|=8.989e+117, cond(Quu)=1.000e+00
    max|Quu|=1.820e+118, cond(Quu)=1.000e+00
    max|Quu|=3.683e+118, cond(Quu)=1.000e+00
    max|Quu|=7.454e+118, cond(Quu)=1.000e+00
    max|Quu|=1.508e+119, cond(Quu)=1.000e+00
    max|Quu|=3.053e+119, cond(Quu)=1.000e+00
    max|Quu|=6.176e+119, cond(Quu)=1.000e+00
    max|Quu|=1.249e+120, cond(Quu)=1.000e+00
    max|Quu|=2.527e+120, cond(Quu)=1.000e+00
    max|Quu|=5.111e+120, cond(Quu)=1.000e+00
    max|Quu|=1.034e+121, cond(Quu)=1.000e+00
    max|Quu|=2.090e+121, cond(Quu)=1.000e+00
    max|Quu|=4.224e+121, cond(Quu)=1.000e+00
    max|Quu|=8.538e+121, cond(Quu)=1.000e+00
    max|Quu|=1.726e+122, cond(Quu)=1.000e+00
    max|Quu|=3.487e+122, cond(Quu)=1.000e+00
    max|Quu|=7.047e+122, cond(Quu)=1.000e+00
    max|Quu|=1.424e+123, cond(Quu)=1.000e+00
    max|Quu|=2.877e+123, cond(Quu)=1.000e+00
    max|Quu|=5.813e+123, cond(Quu)=1.000e+00
    max|Quu|=1.174e+124, cond(Quu)=1.000e+00
    max|Quu|=2.372e+124, cond(Quu)=1.000e+00
    max|Quu|=4.792e+124, cond(Quu)=1.000e+00
    max|Quu|=9.680e+124, cond(Quu)=1.000e+00
    max|Quu|=1.955e+125, cond(Quu)=1.000e+00
    max|Quu|=3.949e+125, cond(Quu)=1.000e+00
    max|Quu|=7.974e+125, cond(Quu)=1.000e+00
    max|Quu|=1.610e+126, cond(Quu)=1.000e+00
    max|Quu|=3.252e+126, cond(Quu)=1.000e+00
    max|Quu|=6.566e+126, cond(Quu)=1.000e+00
    max|Quu|=1.326e+127, cond(Quu)=1.000e+00
    max|Quu|=2.677e+127, cond(Quu)=1.000e+00
    max|Quu|=5.405e+127, cond(Quu)=1.000e+00
    max|Quu|=1.091e+128, cond(Quu)=1.000e+00
    max|Quu|=2.203e+128, cond(Quu)=1.000e+00
    max|Quu|=4.447e+128, cond(Quu)=1.000e+00
    max|Quu|=8.978e+128, cond(Quu)=1.000e+00
    max|Quu|=1.812e+129, cond(Quu)=1.000e+00
    max|Quu|=3.658e+129, cond(Quu)=1.000e+00
    max|Quu|=7.383e+129, cond(Quu)=1.000e+00
    max|Quu|=1.490e+130, cond(Quu)=1.000e+00
    max|Quu|=3.008e+130, cond(Quu)=1.000e+00
    max|Quu|=6.070e+130, cond(Quu)=1.000e+00
    max|Quu|=1.225e+131, cond(Quu)=1.000e+00
    max|Quu|=2.472e+131, cond(Quu)=1.000e+00
    max|Quu|=4.989e+131, cond(Quu)=1.000e+00
    max|Quu|=1.007e+132, cond(Quu)=1.000e+00
    max|Quu|=2.031e+132, cond(Quu)=1.000e+00
    max|Quu|=4.098e+132, cond(Quu)=1.000e+00
    max|Quu|=8.268e+132, cond(Quu)=1.000e+00
    max|Quu|=1.668e+133, cond(Quu)=1.000e+00
    max|Quu|=3.365e+133, cond(Quu)=1.000e+00
    max|Quu|=6.788e+133, cond(Quu)=1.000e+00
    max|Quu|=1.369e+134, cond(Quu)=1.000e+00
    max|Quu|=2.762e+134, cond(Quu)=1.000e+00
    max|Quu|=5.570e+134, cond(Quu)=1.000e+00
    max|Quu|=1.123e+135, cond(Quu)=1.000e+00
    max|Quu|=2.266e+135, cond(Quu)=1.000e+00
    max|Quu|=4.569e+135, cond(Quu)=1.000e+00
    max|Quu|=9.213e+135, cond(Quu)=1.000e+00
    max|Quu|=1.858e+136, cond(Quu)=1.000e+00
    max|Quu|=3.745e+136, cond(Quu)=1.000e+00
    max|Quu|=7.551e+136, cond(Quu)=1.000e+00
    max|Quu|=1.522e+137, cond(Quu)=1.000e+00
    max|Quu|=3.068e+137, cond(Quu)=1.000e+00
    max|Quu|=6.185e+137, cond(Quu)=1.000e+00
    max|Quu|=1.247e+138, cond(Quu)=1.000e+00
    max|Quu|=2.512e+138, cond(Quu)=1.000e+00
    max|Quu|=5.063e+138, cond(Quu)=1.000e+00
    max|Quu|=1.020e+139, cond(Quu)=1.000e+00
    max|Quu|=2.056e+139, cond(Quu)=1.000e+00
    max|Quu|=4.143e+139, cond(Quu)=1.000e+00
    max|Quu|=8.347e+139, cond(Quu)=1.000e+00
    max|Quu|=1.682e+140, cond(Quu)=1.000e+00
    max|Quu|=3.388e+140, cond(Quu)=1.000e+00
    max|Quu|=6.825e+140, cond(Quu)=1.000e+00
    max|Quu|=1.375e+141, cond(Quu)=1.000e+00
    max|Quu|=2.769e+141, cond(Quu)=1.000e+00
    max|Quu|=5.577e+141, cond(Quu)=1.000e+00
    max|Quu|=1.123e+142, cond(Quu)=1.000e+00
    max|Quu|=2.262e+142, cond(Quu)=1.000e+00
    max|Quu|=4.556e+142, cond(Quu)=1.000e+00
    max|Quu|=9.174e+142, cond(Quu)=1.000e+00
    max|Quu|=1.847e+143, cond(Quu)=1.000e+00
    max|Quu|=3.719e+143, cond(Quu)=1.000e+00
    max|Quu|=7.488e+143, cond(Quu)=1.000e+00
    max|Quu|=1.508e+144, cond(Quu)=1.000e+00
    max|Quu|=3.035e+144, cond(Quu)=1.000e+00
    max|Quu|=6.110e+144, cond(Quu)=1.000e+00
    max|Quu|=1.230e+145, cond(Quu)=1.000e+00
    max|Quu|=2.476e+145, cond(Quu)=1.000e+00
    max|Quu|=4.983e+145, cond(Quu)=1.000e+00
    max|Quu|=1.003e+146, cond(Quu)=1.000e+00
    max|Quu|=2.019e+146, cond(Quu)=1.000e+00
    max|Quu|=4.063e+146, cond(Quu)=1.000e+00
    max|Quu|=8.177e+146, cond(Quu)=1.000e+00
    max|Quu|=1.646e+147, cond(Quu)=1.000e+00
    max|Quu|=3.312e+147, cond(Quu)=1.000e+00
    max|Quu|=6.665e+147, cond(Quu)=1.000e+00
    max|Quu|=1.341e+148, cond(Quu)=1.000e+00
    max|Quu|=2.699e+148, cond(Quu)=1.000e+00
    max|Quu|=5.432e+148, cond(Quu)=1.000e+00
    max|Quu|=1.093e+149, cond(Quu)=1.000e+00
    max|Quu|=2.200e+149, cond(Quu)=1.000e+00
    max|Quu|=4.427e+149, cond(Quu)=1.000e+00
    max|Quu|=8.909e+149, cond(Quu)=1.000e+00
    max|Quu|=1.793e+150, cond(Quu)=1.000e+00
    max|Quu|=3.608e+150, cond(Quu)=1.000e+00
    max|Quu|=7.260e+150, cond(Quu)=1.000e+00
    max|Quu|=1.461e+151, cond(Quu)=1.000e+00
    max|Quu|=2.940e+151, cond(Quu)=1.000e+00
    max|Quu|=5.916e+151, cond(Quu)=1.000e+00
    max|Quu|=1.190e+152, cond(Quu)=1.000e+00
    max|Quu|=2.395e+152, cond(Quu)=1.000e+00
    max|Quu|=4.820e+152, cond(Quu)=1.000e+00
    max|Quu|=9.699e+152, cond(Quu)=1.000e+00
    max|Quu|=1.952e+153, cond(Quu)=1.000e+00
    max|Quu|=3.927e+153, cond(Quu)=1.000e+00
    max|Quu|=7.903e+153, cond(Quu)=1.000e+00
    max|Quu|=1.590e+154, cond(Quu)=1.000e+00
    max|Quu|=3.200e+154, cond(Quu)=1.000e+00
    max|Quu|=6.439e+154, cond(Quu)=1.000e+00
    max|Quu|=1.296e+155, cond(Quu)=1.000e+00
    max|Quu|=2.607e+155, cond(Quu)=1.000e+00
    max|Quu|=5.246e+155, cond(Quu)=1.000e+00
    max|Quu|=1.056e+156, cond(Quu)=1.000e+00
    max|Quu|=2.124e+156, cond(Quu)=1.000e+00
    max|Quu|=4.275e+156, cond(Quu)=1.000e+00
    max|Quu|=8.601e+156, cond(Quu)=1.000e+00
Measured previous rollout {"cost": 427.2973062827675, "position_rmse": 0.2515794694946106}
Defect construction {"mean_absolute": 0.01642022000795302, "max_absolute": 0.6543908063135362, "max_timestep": 747, "max_state_dimension": 6, "max_state_name": "wheel_speed", "per_state_max_absolute": [0.011179956376282218, 0.011323209021669278, 0.007721497119262288, 0.030116072308391632, 0.07189197186781604, 0.10669776112382623, 0.6543908063135362, 7.105427357601002e-15, 5.551115123125783e-17]}
Defect reconstruction {"mean_absolute": 1.1576013407555227e-18, "max_absolute": 4.440892098500626e-16, "max_timestep": 5, "max_state_dimension": 6, "max_state_name": "wheel_speed", "per_state_max_absolute": [8.673617379884035e-19, 1.1102230246251565e-16, 5.551115123125783e-17, 1.734723475976807e-18, 2.168404344971009e-19, 1.3877787807814457e-17, 4.440892098500626e-16, 0.0, 0.0]}
alpha=0 max |U_forward - U_old|: 2.042810365310288e-14
Unchanged control baseline {"unchanged_defect": {"cost": 427.2973062827675, "position_rmse": 0.2515794694946106}, "unchanged_nominal": {"cost": 20722.422725987264, "position_rmse": 2.2436934251786367}}
Alpha candidate {"alpha": 0.5, "defect": {"cost": 440.33886510673625, "position_rmse": 0.25657517532482793}, "nominal": {"cost": 20159.732723172943, "position_rmse": 2.2132382096973857}, "defect_improvement": -13.041558823968728, "nominal_improvement": 562.6900028143209}
Final selection {"status": "REJECT", "alpha": 0.0, "cost": 427.2973062827675, "reason": "No candidate improves unchanged-control model prediction; keeping previous controls."}
No candidate improves unchanged-control model prediction; keeping previous controls.
STOP: candidate prepared; no actual rollout executed.
TRIAL {"trial": 8, "cost": 427.2973062827675, "position_rmse": 0.2515794694946106, "lateness_max": 0.0019979109965788666, "rate_hz": 39.99908344810889, "period_ms_min": 23.462211000151, "period_ms_max": 26.424547999340575, "selection": "REJECT", "update_seconds": 3.5562246650006273, "retries": 0}
Reset succeeded: [0. 0. 0. 0. 0. 0.]
    max|Quu|=1.000e+01, cond(Quu)=1.000e+05
    max|Quu|=1.313e+01, cond(Quu)=1.200e+05
    max|Quu|=1.551e+01, cond(Quu)=1.314e+05
    max|Quu|=1.668e+01, cond(Quu)=1.336e+05
    max|Quu|=1.713e+01, cond(Quu)=1.323e+05
    max|Quu|=1.729e+01, cond(Quu)=1.305e+05
    max|Quu|=1.734e+01, cond(Quu)=1.292e+05
    max|Quu|=1.736e+01, cond(Quu)=1.283e+05
    max|Quu|=1.737e+01, cond(Quu)=1.277e+05
    max|Quu|=1.737e+01, cond(Quu)=1.273e+05
    max|Quu|=1.737e+01, cond(Quu)=1.270e+05
    max|Quu|=1.737e+01, cond(Quu)=1.268e+05
    max|Quu|=1.737e+01, cond(Quu)=1.266e+05
    max|Quu|=1.737e+01, cond(Quu)=1.264e+05
    max|Quu|=1.737e+01, cond(Quu)=1.262e+05
    max|Quu|=1.737e+01, cond(Quu)=1.260e+05
    max|Quu|=1.737e+01, cond(Quu)=1.258e+05
    max|Quu|=1.737e+01, cond(Quu)=1.256e+05
    max|Quu|=1.737e+01, cond(Quu)=1.253e+05
    max|Quu|=1.737e+01, cond(Quu)=1.251e+05
    max|Quu|=1.737e+01, cond(Quu)=1.249e+05
    max|Quu|=1.737e+01, cond(Quu)=1.247e+05
    max|Quu|=1.737e+01, cond(Quu)=1.245e+05
    max|Quu|=1.737e+01, cond(Quu)=1.242e+05
    max|Quu|=1.737e+01, cond(Quu)=1.240e+05
    max|Quu|=1.737e+01, cond(Quu)=1.238e+05
    max|Quu|=1.737e+01, cond(Quu)=1.236e+05
    max|Quu|=1.737e+01, cond(Quu)=1.233e+05
    max|Quu|=1.737e+01, cond(Quu)=1.231e+05
    max|Quu|=1.737e+01, cond(Quu)=1.230e+05
    max|Quu|=1.737e+01, cond(Quu)=1.228e+05
    max|Quu|=1.738e+01, cond(Quu)=1.226e+05
    max|Quu|=1.738e+01, cond(Quu)=1.225e+05
    max|Quu|=1.738e+01, cond(Quu)=1.223e+05
    max|Quu|=1.738e+01, cond(Quu)=1.222e+05
    max|Quu|=1.738e+01, cond(Quu)=1.221e+05
    max|Quu|=1.738e+01, cond(Quu)=1.220e+05
    max|Quu|=1.738e+01, cond(Quu)=1.219e+05
    max|Quu|=1.738e+01, cond(Quu)=1.218e+05
    max|Quu|=1.739e+01, cond(Quu)=1.218e+05
    max|Quu|=1.739e+01, cond(Quu)=1.217e+05
    max|Quu|=1.739e+01, cond(Quu)=1.216e+05
    max|Quu|=1.739e+01, cond(Quu)=1.216e+05
    max|Quu|=1.740e+01, cond(Quu)=1.215e+05
    max|Quu|=1.740e+01, cond(Quu)=1.215e+05
    max|Quu|=1.740e+01, cond(Quu)=1.215e+05
    max|Quu|=1.740e+01, cond(Quu)=1.214e+05
    max|Quu|=1.741e+01, cond(Quu)=1.214e+05
    max|Quu|=1.741e+01, cond(Quu)=1.214e+05
    max|Quu|=1.742e+01, cond(Quu)=1.214e+05
    max|Quu|=1.742e+01, cond(Quu)=1.214e+05
    max|Quu|=1.742e+01, cond(Quu)=1.213e+05
    max|Quu|=1.743e+01, cond(Quu)=1.213e+05
    max|Quu|=1.743e+01, cond(Quu)=1.213e+05
    max|Quu|=1.744e+01, cond(Quu)=1.213e+05
    max|Quu|=1.744e+01, cond(Quu)=1.214e+05
    max|Quu|=1.745e+01, cond(Quu)=1.214e+05
    max|Quu|=1.746e+01, cond(Quu)=1.214e+05
    max|Quu|=1.746e+01, cond(Quu)=1.214e+05
    max|Quu|=1.747e+01, cond(Quu)=1.214e+05
    max|Quu|=1.747e+01, cond(Quu)=1.214e+05
    max|Quu|=1.748e+01, cond(Quu)=1.215e+05
    max|Quu|=1.749e+01, cond(Quu)=1.215e+05
    max|Quu|=1.749e+01, cond(Quu)=1.215e+05
    max|Quu|=1.750e+01, cond(Quu)=1.215e+05
    max|Quu|=1.750e+01, cond(Quu)=1.216e+05
    max|Quu|=1.751e+01, cond(Quu)=1.216e+05
    max|Quu|=1.752e+01, cond(Quu)=1.216e+05
    max|Quu|=1.752e+01, cond(Quu)=1.217e+05
    max|Quu|=1.753e+01, cond(Quu)=1.217e+05
    max|Quu|=1.754e+01, cond(Quu)=1.217e+05
    max|Quu|=1.754e+01, cond(Quu)=1.218e+05
    max|Quu|=1.755e+01, cond(Quu)=1.218e+05
    max|Quu|=1.755e+01, cond(Quu)=1.218e+05
    max|Quu|=1.756e+01, cond(Quu)=1.219e+05
    max|Quu|=1.757e+01, cond(Quu)=1.219e+05
    max|Quu|=1.757e+01, cond(Quu)=1.219e+05
    max|Quu|=1.758e+01, cond(Quu)=1.220e+05
    max|Quu|=1.759e+01, cond(Quu)=1.220e+05
    max|Quu|=1.760e+01, cond(Quu)=1.220e+05
    max|Quu|=1.760e+01, cond(Quu)=1.221e+05
    max|Quu|=1.761e+01, cond(Quu)=1.221e+05
    max|Quu|=1.761e+01, cond(Quu)=1.221e+05
    max|Quu|=1.762e+01, cond(Quu)=1.222e+05
    max|Quu|=1.762e+01, cond(Quu)=1.222e+05
    max|Quu|=1.763e+01, cond(Quu)=1.222e+05
    max|Quu|=1.763e+01, cond(Quu)=1.222e+05
    max|Quu|=1.764e+01, cond(Quu)=1.223e+05
    max|Quu|=1.765e+01, cond(Quu)=1.223e+05
    max|Quu|=1.765e+01, cond(Quu)=1.223e+05
    max|Quu|=1.766e+01, cond(Quu)=1.223e+05
    max|Quu|=1.766e+01, cond(Quu)=1.223e+05
    max|Quu|=1.766e+01, cond(Quu)=1.223e+05
    max|Quu|=1.767e+01, cond(Quu)=1.224e+05
    max|Quu|=1.767e+01, cond(Quu)=1.224e+05
    max|Quu|=1.767e+01, cond(Quu)=1.224e+05
    max|Quu|=1.768e+01, cond(Quu)=1.224e+05
    max|Quu|=1.768e+01, cond(Quu)=1.223e+05
    max|Quu|=1.768e+01, cond(Quu)=1.223e+05
    max|Quu|=1.768e+01, cond(Quu)=1.223e+05
    max|Quu|=1.768e+01, cond(Quu)=1.223e+05
    max|Quu|=1.768e+01, cond(Quu)=1.222e+05
    max|Quu|=1.768e+01, cond(Quu)=1.222e+05
    max|Quu|=1.768e+01, cond(Quu)=1.221e+05
    max|Quu|=1.768e+01, cond(Quu)=1.221e+05
    max|Quu|=1.767e+01, cond(Quu)=1.220e+05
    max|Quu|=1.767e+01, cond(Quu)=1.219e+05
    max|Quu|=1.767e+01, cond(Quu)=1.219e+05
    max|Quu|=1.767e+01, cond(Quu)=1.219e+05
    max|Quu|=1.767e+01, cond(Quu)=1.218e+05
    max|Quu|=1.767e+01, cond(Quu)=1.218e+05
    max|Quu|=1.767e+01, cond(Quu)=1.217e+05
    max|Quu|=1.766e+01, cond(Quu)=1.216e+05
    max|Quu|=1.766e+01, cond(Quu)=1.216e+05
    max|Quu|=1.766e+01, cond(Quu)=1.216e+05
    max|Quu|=1.765e+01, cond(Quu)=1.215e+05
    max|Quu|=1.765e+01, cond(Quu)=1.215e+05
    max|Quu|=1.764e+01, cond(Quu)=1.215e+05
    max|Quu|=1.764e+01, cond(Quu)=1.215e+05
    max|Quu|=1.764e+01, cond(Quu)=1.215e+05
    max|Quu|=1.764e+01, cond(Quu)=1.216e+05
    max|Quu|=1.764e+01, cond(Quu)=1.217e+05
    max|Quu|=1.764e+01, cond(Quu)=1.217e+05
    max|Quu|=1.764e+01, cond(Quu)=1.218e+05
    max|Quu|=1.764e+01, cond(Quu)=1.219e+05
    max|Quu|=1.764e+01, cond(Quu)=1.220e+05
    max|Quu|=1.764e+01, cond(Quu)=1.221e+05
    max|Quu|=1.764e+01, cond(Quu)=1.222e+05
    max|Quu|=1.764e+01, cond(Quu)=1.222e+05
    max|Quu|=1.764e+01, cond(Quu)=1.223e+05
    max|Quu|=1.763e+01, cond(Quu)=1.223e+05
    max|Quu|=1.763e+01, cond(Quu)=1.224e+05
    max|Quu|=1.763e+01, cond(Quu)=1.225e+05
    max|Quu|=1.763e+01, cond(Quu)=1.225e+05
    max|Quu|=1.763e+01, cond(Quu)=1.226e+05
    max|Quu|=1.763e+01, cond(Quu)=1.226e+05
    max|Quu|=1.763e+01, cond(Quu)=1.226e+05
    max|Quu|=1.763e+01, cond(Quu)=1.227e+05
    max|Quu|=1.763e+01, cond(Quu)=1.227e+05
    max|Quu|=1.763e+01, cond(Quu)=1.227e+05
    max|Quu|=1.763e+01, cond(Quu)=1.227e+05
    max|Quu|=1.763e+01, cond(Quu)=1.227e+05
    max|Quu|=1.763e+01, cond(Quu)=1.227e+05
    max|Quu|=1.763e+01, cond(Quu)=1.226e+05
    max|Quu|=1.763e+01, cond(Quu)=1.226e+05
    max|Quu|=1.763e+01, cond(Quu)=1.226e+05
    max|Quu|=1.763e+01, cond(Quu)=1.226e+05
    max|Quu|=1.763e+01, cond(Quu)=1.226e+05
    max|Quu|=1.763e+01, cond(Quu)=1.226e+05
    max|Quu|=1.763e+01, cond(Quu)=1.226e+05
    max|Quu|=1.763e+01, cond(Quu)=1.226e+05
    max|Quu|=1.764e+01, cond(Quu)=1.225e+05
    max|Quu|=1.764e+01, cond(Quu)=1.225e+05
    max|Quu|=1.764e+01, cond(Quu)=1.225e+05
    max|Quu|=1.764e+01, cond(Quu)=1.225e+05
    max|Quu|=1.764e+01, cond(Quu)=1.225e+05
    max|Quu|=1.764e+01, cond(Quu)=1.224e+05
    max|Quu|=1.764e+01, cond(Quu)=1.224e+05
    max|Quu|=1.764e+01, cond(Quu)=1.224e+05
    max|Quu|=1.765e+01, cond(Quu)=1.224e+05
    max|Quu|=1.765e+01, cond(Quu)=1.224e+05
    max|Quu|=1.765e+01, cond(Quu)=1.224e+05
    max|Quu|=1.765e+01, cond(Quu)=1.224e+05
    max|Quu|=1.765e+01, cond(Quu)=1.224e+05
    max|Quu|=1.765e+01, cond(Quu)=1.224e+05
    max|Quu|=1.766e+01, cond(Quu)=1.224e+05
    max|Quu|=1.766e+01, cond(Quu)=1.224e+05
    max|Quu|=1.766e+01, cond(Quu)=1.224e+05
    max|Quu|=1.766e+01, cond(Quu)=1.224e+05
    max|Quu|=1.766e+01, cond(Quu)=1.224e+05
    max|Quu|=1.767e+01, cond(Quu)=1.224e+05
    max|Quu|=1.767e+01, cond(Quu)=1.224e+05
    max|Quu|=1.767e+01, cond(Quu)=1.224e+05
    max|Quu|=1.767e+01, cond(Quu)=1.224e+05
    max|Quu|=1.767e+01, cond(Quu)=1.224e+05
    max|Quu|=1.768e+01, cond(Quu)=1.224e+05
    max|Quu|=1.768e+01, cond(Quu)=1.224e+05
    max|Quu|=1.768e+01, cond(Quu)=1.225e+05
    max|Quu|=1.768e+01, cond(Quu)=1.225e+05
    max|Quu|=1.768e+01, cond(Quu)=1.225e+05
    max|Quu|=1.769e+01, cond(Quu)=1.225e+05
    max|Quu|=1.769e+01, cond(Quu)=1.225e+05
    max|Quu|=1.769e+01, cond(Quu)=1.226e+05
    max|Quu|=1.770e+01, cond(Quu)=1.226e+05
    max|Quu|=1.770e+01, cond(Quu)=1.226e+05
    max|Quu|=1.770e+01, cond(Quu)=1.226e+05
    max|Quu|=1.770e+01, cond(Quu)=1.227e+05
    max|Quu|=1.771e+01, cond(Quu)=1.227e+05
    max|Quu|=1.771e+01, cond(Quu)=1.227e+05
    max|Quu|=1.771e+01, cond(Quu)=1.227e+05
    max|Quu|=1.771e+01, cond(Quu)=1.227e+05
    max|Quu|=1.771e+01, cond(Quu)=1.227e+05
    max|Quu|=1.771e+01, cond(Quu)=1.227e+05
    max|Quu|=1.771e+01, cond(Quu)=1.228e+05
    max|Quu|=1.771e+01, cond(Quu)=1.228e+05
    max|Quu|=1.771e+01, cond(Quu)=1.228e+05
    max|Quu|=1.771e+01, cond(Quu)=1.228e+05
    max|Quu|=1.772e+01, cond(Quu)=1.228e+05
    max|Quu|=1.772e+01, cond(Quu)=1.228e+05
    max|Quu|=1.772e+01, cond(Quu)=1.228e+05
    max|Quu|=1.772e+01, cond(Quu)=1.228e+05
    max|Quu|=1.772e+01, cond(Quu)=1.228e+05
    max|Quu|=1.772e+01, cond(Quu)=1.228e+05
    max|Quu|=1.772e+01, cond(Quu)=1.228e+05
    max|Quu|=1.772e+01, cond(Quu)=1.228e+05
    max|Quu|=1.772e+01, cond(Quu)=1.228e+05
    max|Quu|=1.772e+01, cond(Quu)=1.228e+05
    max|Quu|=1.771e+01, cond(Quu)=1.228e+05
    max|Quu|=1.771e+01, cond(Quu)=1.227e+05
    max|Quu|=1.771e+01, cond(Quu)=1.227e+05
    max|Quu|=1.771e+01, cond(Quu)=1.227e+05
    max|Quu|=1.771e+01, cond(Quu)=1.227e+05
    max|Quu|=1.771e+01, cond(Quu)=1.227e+05
    max|Quu|=1.771e+01, cond(Quu)=1.227e+05
    max|Quu|=1.771e+01, cond(Quu)=1.228e+05
    max|Quu|=1.772e+01, cond(Quu)=1.228e+05
    max|Quu|=1.772e+01, cond(Quu)=1.228e+05
    max|Quu|=1.772e+01, cond(Quu)=1.229e+05
    max|Quu|=1.772e+01, cond(Quu)=1.229e+05
    max|Quu|=1.772e+01, cond(Quu)=1.229e+05
    max|Quu|=1.772e+01, cond(Quu)=1.229e+05
    max|Quu|=1.772e+01, cond(Quu)=1.229e+05
    max|Quu|=1.772e+01, cond(Quu)=1.229e+05
    max|Quu|=1.772e+01, cond(Quu)=1.230e+05
    max|Quu|=1.772e+01, cond(Quu)=1.230e+05
    max|Quu|=1.772e+01, cond(Quu)=1.230e+05
    max|Quu|=1.772e+01, cond(Quu)=1.231e+05
    max|Quu|=1.772e+01, cond(Quu)=1.231e+05
    max|Quu|=1.772e+01, cond(Quu)=1.231e+05
    max|Quu|=1.773e+01, cond(Quu)=1.232e+05
    max|Quu|=1.773e+01, cond(Quu)=1.232e+05
    max|Quu|=1.773e+01, cond(Quu)=1.232e+05
    max|Quu|=1.773e+01, cond(Quu)=1.232e+05
    max|Quu|=1.773e+01, cond(Quu)=1.232e+05
    max|Quu|=1.773e+01, cond(Quu)=1.233e+05
    max|Quu|=1.773e+01, cond(Quu)=1.232e+05
    max|Quu|=1.773e+01, cond(Quu)=1.232e+05
    max|Quu|=1.773e+01, cond(Quu)=1.232e+05
    max|Quu|=1.773e+01, cond(Quu)=1.232e+05
    max|Quu|=1.773e+01, cond(Quu)=1.232e+05
    max|Quu|=1.773e+01, cond(Quu)=1.233e+05
    max|Quu|=1.773e+01, cond(Quu)=1.233e+05
    max|Quu|=1.774e+01, cond(Quu)=1.233e+05
    max|Quu|=1.774e+01, cond(Quu)=1.232e+05
    max|Quu|=1.774e+01, cond(Quu)=1.232e+05
    max|Quu|=1.774e+01, cond(Quu)=1.232e+05
    max|Quu|=1.774e+01, cond(Quu)=1.232e+05
    max|Quu|=1.774e+01, cond(Quu)=1.232e+05
    max|Quu|=1.774e+01, cond(Quu)=1.232e+05
    max|Quu|=1.774e+01, cond(Quu)=1.232e+05
    max|Quu|=1.774e+01, cond(Quu)=1.232e+05
    max|Quu|=1.774e+01, cond(Quu)=1.231e+05
    max|Quu|=1.774e+01, cond(Quu)=1.231e+05
    max|Quu|=1.774e+01, cond(Quu)=1.231e+05
    max|Quu|=1.773e+01, cond(Quu)=1.230e+05
    max|Quu|=1.773e+01, cond(Quu)=1.230e+05
    max|Quu|=1.772e+01, cond(Quu)=1.229e+05
    max|Quu|=1.770e+01, cond(Quu)=1.227e+05
    max|Quu|=1.768e+01, cond(Quu)=1.226e+05
    max|Quu|=1.765e+01, cond(Quu)=1.223e+05
    max|Quu|=1.760e+01, cond(Quu)=1.218e+05
    max|Quu|=1.752e+01, cond(Quu)=1.212e+05
    max|Quu|=1.741e+01, cond(Quu)=1.203e+05
    max|Quu|=1.724e+01, cond(Quu)=1.188e+05
    max|Quu|=1.699e+01, cond(Quu)=1.165e+05
    max|Quu|=1.658e+01, cond(Quu)=1.129e+05
    max|Quu|=1.595e+01, cond(Quu)=1.067e+05
    max|Quu|=1.489e+01, cond(Quu)=9.558e+04
    max|Quu|=1.303e+01, cond(Quu)=7.368e+04
    max|Quu|=9.601e+00, cond(Quu)=3.345e+04
    max|Quu|=4.137e+00, cond(Quu)=2.549e+03
    max|Quu|=1.846e+00, cond(Quu)=1.119e+02
    max|Quu|=2.807e+00, cond(Quu)=5.599e+01
    max|Quu|=2.855e+00, cond(Quu)=1.405e+01
    max|Quu|=2.882e+00, cond(Quu)=4.474e+00
    max|Quu|=3.749e+00, cond(Quu)=2.135e+00
    max|Quu|=7.997e+00, cond(Quu)=1.441e+00
    max|Quu|=1.704e+01, cond(Quu)=1.189e+00
    max|Quu|=3.626e+01, cond(Quu)=1.086e+00
    max|Quu|=7.708e+01, cond(Quu)=1.040e+00
    max|Quu|=1.636e+02, cond(Quu)=1.019e+00
    max|Quu|=3.470e+02, cond(Quu)=1.009e+00
    max|Quu|=7.349e+02, cond(Quu)=1.004e+00
    max|Quu|=1.555e+03, cond(Quu)=1.002e+00
    max|Quu|=3.287e+03, cond(Quu)=1.001e+00
    max|Quu|=6.939e+03, cond(Quu)=1.000e+00
    max|Quu|=1.464e+04, cond(Quu)=1.000e+00
    max|Quu|=3.085e+04, cond(Quu)=1.000e+00
    max|Quu|=6.496e+04, cond(Quu)=1.000e+00
    max|Quu|=1.367e+05, cond(Quu)=1.000e+00
    max|Quu|=2.873e+05, cond(Quu)=1.000e+00
    max|Quu|=6.034e+05, cond(Quu)=1.000e+00
    max|Quu|=1.266e+06, cond(Quu)=1.000e+00
    max|Quu|=2.655e+06, cond(Quu)=1.000e+00
    max|Quu|=5.561e+06, cond(Quu)=1.000e+00
    max|Quu|=1.164e+07, cond(Quu)=1.000e+00
    max|Quu|=2.436e+07, cond(Quu)=1.000e+00
    max|Quu|=5.092e+07, cond(Quu)=1.000e+00
    max|Quu|=1.063e+08, cond(Quu)=1.000e+00
    max|Quu|=2.219e+08, cond(Quu)=1.000e+00
    max|Quu|=4.628e+08, cond(Quu)=1.000e+00
    max|Quu|=9.644e+08, cond(Quu)=1.000e+00
    max|Quu|=2.009e+09, cond(Quu)=1.000e+00
    max|Quu|=4.181e+09, cond(Quu)=1.000e+00
    max|Quu|=8.696e+09, cond(Quu)=1.000e+00
    max|Quu|=1.807e+10, cond(Quu)=1.000e+00
    max|Quu|=3.754e+10, cond(Quu)=1.000e+00
    max|Quu|=7.792e+10, cond(Quu)=1.000e+00
    max|Quu|=1.616e+11, cond(Quu)=1.000e+00
    max|Quu|=3.350e+11, cond(Quu)=1.000e+00
    max|Quu|=6.941e+11, cond(Quu)=1.000e+00
    max|Quu|=1.437e+12, cond(Quu)=1.000e+00
    max|Quu|=2.974e+12, cond(Quu)=1.000e+00
    max|Quu|=6.148e+12, cond(Quu)=1.000e+00
    max|Quu|=1.270e+13, cond(Quu)=1.000e+00
    max|Quu|=2.624e+13, cond(Quu)=1.000e+00
    max|Quu|=5.416e+13, cond(Quu)=1.000e+00
    max|Quu|=1.118e+14, cond(Quu)=1.000e+00
    max|Quu|=2.305e+14, cond(Quu)=1.000e+00
    max|Quu|=4.752e+14, cond(Quu)=1.000e+00
    max|Quu|=9.790e+14, cond(Quu)=1.000e+00
    max|Quu|=2.016e+15, cond(Quu)=1.000e+00
    max|Quu|=4.149e+15, cond(Quu)=1.000e+00
    max|Quu|=8.534e+15, cond(Quu)=1.000e+00
    max|Quu|=1.755e+16, cond(Quu)=1.000e+00
    max|Quu|=3.607e+16, cond(Quu)=1.000e+00
    max|Quu|=7.411e+16, cond(Quu)=1.000e+00
    max|Quu|=1.522e+17, cond(Quu)=1.000e+00
    max|Quu|=3.124e+17, cond(Quu)=1.000e+00
    max|Quu|=6.408e+17, cond(Quu)=1.000e+00
    max|Quu|=1.314e+18, cond(Quu)=1.000e+00
    max|Quu|=2.694e+18, cond(Quu)=1.000e+00
    max|Quu|=5.520e+18, cond(Quu)=1.000e+00
    max|Quu|=1.131e+19, cond(Quu)=1.000e+00
    max|Quu|=2.315e+19, cond(Quu)=1.000e+00
    max|Quu|=4.737e+19, cond(Quu)=1.000e+00
    max|Quu|=9.691e+19, cond(Quu)=1.000e+00
    max|Quu|=1.981e+20, cond(Quu)=1.000e+00
    max|Quu|=4.050e+20, cond(Quu)=1.000e+00
    max|Quu|=8.275e+20, cond(Quu)=1.000e+00
    max|Quu|=1.690e+21, cond(Quu)=1.000e+00
    max|Quu|=3.451e+21, cond(Quu)=1.000e+00
    max|Quu|=7.042e+21, cond(Quu)=1.000e+00
    max|Quu|=1.437e+22, cond(Quu)=1.000e+00
    max|Quu|=2.930e+22, cond(Quu)=1.000e+00
    max|Quu|=5.974e+22, cond(Quu)=1.000e+00
    max|Quu|=1.217e+23, cond(Quu)=1.000e+00
    max|Quu|=2.480e+23, cond(Quu)=1.000e+00
    max|Quu|=5.050e+23, cond(Quu)=1.000e+00
    max|Quu|=1.028e+24, cond(Quu)=1.000e+00
    max|Quu|=2.092e+24, cond(Quu)=1.000e+00
    max|Quu|=4.255e+24, cond(Quu)=1.000e+00
    max|Quu|=8.653e+24, cond(Quu)=1.000e+00
    max|Quu|=1.759e+25, cond(Quu)=1.000e+00
    max|Quu|=3.575e+25, cond(Quu)=1.000e+00
    max|Quu|=7.263e+25, cond(Quu)=1.000e+00
    max|Quu|=1.475e+26, cond(Quu)=1.000e+00
    max|Quu|=2.995e+26, cond(Quu)=1.000e+00
    max|Quu|=6.079e+26, cond(Quu)=1.000e+00
    max|Quu|=1.233e+27, cond(Quu)=1.000e+00
    max|Quu|=2.502e+27, cond(Quu)=1.000e+00
    max|Quu|=5.073e+27, cond(Quu)=1.000e+00
    max|Quu|=1.028e+28, cond(Quu)=1.000e+00
    max|Quu|=2.084e+28, cond(Quu)=1.000e+00
    max|Quu|=4.223e+28, cond(Quu)=1.000e+00
    max|Quu|=8.552e+28, cond(Quu)=1.000e+00
    max|Quu|=1.732e+29, cond(Quu)=1.000e+00
    max|Quu|=3.505e+29, cond(Quu)=1.000e+00
    max|Quu|=7.092e+29, cond(Quu)=1.000e+00
    max|Quu|=1.435e+30, cond(Quu)=1.000e+00
    max|Quu|=2.902e+30, cond(Quu)=1.000e+00
    max|Quu|=5.867e+30, cond(Quu)=1.000e+00
    max|Quu|=1.186e+31, cond(Quu)=1.000e+00
    max|Quu|=2.396e+31, cond(Quu)=1.000e+00
    max|Quu|=4.840e+31, cond(Quu)=1.000e+00
    max|Quu|=9.775e+31, cond(Quu)=1.000e+00
    max|Quu|=1.974e+32, cond(Quu)=1.000e+00
    max|Quu|=3.984e+32, cond(Quu)=1.000e+00
    max|Quu|=8.039e+32, cond(Quu)=1.000e+00
    max|Quu|=1.622e+33, cond(Quu)=1.000e+00
    max|Quu|=3.271e+33, cond(Quu)=1.000e+00
    max|Quu|=6.596e+33, cond(Quu)=1.000e+00
    max|Quu|=1.330e+34, cond(Quu)=1.000e+00
    max|Quu|=2.680e+34, cond(Quu)=1.000e+00
    max|Quu|=5.399e+34, cond(Quu)=1.000e+00
    max|Quu|=1.088e+35, cond(Quu)=1.000e+00
    max|Quu|=2.190e+35, cond(Quu)=1.000e+00
    max|Quu|=4.410e+35, cond(Quu)=1.000e+00
    max|Quu|=8.876e+35, cond(Quu)=1.000e+00
    max|Quu|=1.786e+36, cond(Quu)=1.000e+00
    max|Quu|=3.593e+36, cond(Quu)=1.000e+00
    max|Quu|=7.227e+36, cond(Quu)=1.000e+00
    max|Quu|=1.453e+37, cond(Quu)=1.000e+00
    max|Quu|=2.922e+37, cond(Quu)=1.000e+00
    max|Quu|=5.872e+37, cond(Quu)=1.000e+00
    max|Quu|=1.180e+38, cond(Quu)=1.000e+00
    max|Quu|=2.370e+38, cond(Quu)=1.000e+00
    max|Quu|=4.760e+38, cond(Quu)=1.000e+00
    max|Quu|=9.558e+38, cond(Quu)=1.000e+00
    max|Quu|=1.919e+39, cond(Quu)=1.000e+00
    max|Quu|=3.850e+39, cond(Quu)=1.000e+00
    max|Quu|=7.725e+39, cond(Quu)=1.000e+00
    max|Quu|=1.550e+40, cond(Quu)=1.000e+00
    max|Quu|=3.107e+40, cond(Quu)=1.000e+00
    max|Quu|=6.229e+40, cond(Quu)=1.000e+00
    max|Quu|=1.249e+41, cond(Quu)=1.000e+00
    max|Quu|=2.502e+41, cond(Quu)=1.000e+00
    max|Quu|=5.011e+41, cond(Quu)=1.000e+00
    max|Quu|=1.003e+42, cond(Quu)=1.000e+00
    max|Quu|=2.009e+42, cond(Quu)=1.000e+00
    max|Quu|=4.021e+42, cond(Quu)=1.000e+00
    max|Quu|=8.046e+42, cond(Quu)=1.000e+00
    max|Quu|=1.609e+43, cond(Quu)=1.000e+00
    max|Quu|=3.219e+43, cond(Quu)=1.000e+00
    max|Quu|=6.435e+43, cond(Quu)=1.000e+00
    max|Quu|=1.286e+44, cond(Quu)=1.000e+00
    max|Quu|=2.570e+44, cond(Quu)=1.000e+00
    max|Quu|=5.134e+44, cond(Quu)=1.000e+00
    max|Quu|=1.025e+45, cond(Quu)=1.000e+00
    max|Quu|=2.047e+45, cond(Quu)=1.000e+00
    max|Quu|=4.085e+45, cond(Quu)=1.000e+00
    max|Quu|=8.150e+45, cond(Quu)=1.000e+00
    max|Quu|=1.626e+46, cond(Quu)=1.000e+00
    max|Quu|=3.242e+46, cond(Quu)=1.000e+00
    max|Quu|=6.462e+46, cond(Quu)=1.000e+00
    max|Quu|=1.288e+47, cond(Quu)=1.000e+00
    max|Quu|=2.566e+47, cond(Quu)=1.000e+00
    max|Quu|=5.109e+47, cond(Quu)=1.000e+00
    max|Quu|=1.017e+48, cond(Quu)=1.000e+00
    max|Quu|=2.024e+48, cond(Quu)=1.000e+00
    max|Quu|=4.027e+48, cond(Quu)=1.000e+00
    max|Quu|=8.009e+48, cond(Quu)=1.000e+00
    max|Quu|=1.592e+49, cond(Quu)=1.000e+00
    max|Quu|=3.164e+49, cond(Quu)=1.000e+00
    max|Quu|=6.284e+49, cond(Quu)=1.000e+00
    max|Quu|=1.248e+50, cond(Quu)=1.000e+00
    max|Quu|=2.476e+50, cond(Quu)=1.000e+00
    max|Quu|=4.912e+50, cond(Quu)=1.000e+00
    max|Quu|=9.740e+50, cond(Quu)=1.000e+00
    max|Quu|=1.931e+51, cond(Quu)=1.000e+00
    max|Quu|=3.825e+51, cond(Quu)=1.000e+00
    max|Quu|=7.573e+51, cond(Quu)=1.000e+00
    max|Quu|=1.499e+52, cond(Quu)=1.000e+00
    max|Quu|=2.964e+52, cond(Quu)=1.000e+00
    max|Quu|=5.860e+52, cond(Quu)=1.000e+00
    max|Quu|=1.158e+53, cond(Quu)=1.000e+00
    max|Quu|=2.286e+53, cond(Quu)=1.000e+00
    max|Quu|=4.510e+53, cond(Quu)=1.000e+00
    max|Quu|=8.893e+53, cond(Quu)=1.000e+00
    max|Quu|=1.752e+54, cond(Quu)=1.000e+00
    max|Quu|=3.451e+54, cond(Quu)=1.000e+00
    max|Quu|=6.790e+54, cond(Quu)=1.000e+00
    max|Quu|=1.335e+55, cond(Quu)=1.000e+00
    max|Quu|=2.621e+55, cond(Quu)=1.000e+00
    max|Quu|=5.144e+55, cond(Quu)=1.000e+00
    max|Quu|=1.008e+56, cond(Quu)=1.000e+00
    max|Quu|=1.975e+56, cond(Quu)=1.000e+00
    max|Quu|=3.863e+56, cond(Quu)=1.000e+00
    max|Quu|=7.546e+56, cond(Quu)=1.000e+00
    max|Quu|=1.472e+57, cond(Quu)=1.000e+00
    max|Quu|=2.869e+57, cond(Quu)=1.000e+00
    max|Quu|=5.583e+57, cond(Quu)=1.000e+00
    max|Quu|=1.085e+58, cond(Quu)=1.000e+00
    max|Quu|=2.104e+58, cond(Quu)=1.000e+00
    max|Quu|=4.073e+58, cond(Quu)=1.000e+00
    max|Quu|=7.868e+58, cond(Quu)=1.000e+00
    max|Quu|=1.517e+59, cond(Quu)=1.000e+00
    max|Quu|=2.917e+59, cond(Quu)=1.000e+00
    max|Quu|=5.596e+59, cond(Quu)=1.000e+00
    max|Quu|=1.071e+60, cond(Quu)=1.000e+00
    max|Quu|=2.042e+60, cond(Quu)=1.000e+00
    max|Quu|=3.883e+60, cond(Quu)=1.000e+00
    max|Quu|=7.355e+60, cond(Quu)=1.000e+00
    max|Quu|=1.387e+61, cond(Quu)=1.000e+00
    max|Quu|=2.604e+61, cond(Quu)=1.000e+00
    max|Quu|=4.862e+61, cond(Quu)=1.000e+00
    max|Quu|=9.019e+61, cond(Quu)=1.000e+00
    max|Quu|=1.660e+62, cond(Quu)=1.000e+00
    max|Quu|=3.029e+62, cond(Quu)=1.000e+00
    max|Quu|=5.467e+62, cond(Quu)=1.000e+00
    max|Quu|=9.732e+62, cond(Quu)=1.000e+00
    max|Quu|=1.702e+63, cond(Quu)=1.000e+00
    max|Quu|=2.910e+63, cond(Quu)=1.000e+00
    max|Quu|=4.820e+63, cond(Quu)=1.000e+00
    max|Quu|=7.634e+63, cond(Quu)=1.000e+00
    max|Quu|=1.124e+64, cond(Quu)=1.000e+00
    max|Quu|=1.433e+64, cond(Quu)=1.000e+00
    max|Quu|=1.220e+64, cond(Quu)=1.000e+00
    max|Quu|=8.784e+63, cond(Quu)=1.000e+00
    max|Quu|=8.441e+64, cond(Quu)=1.000e+00
    max|Quu|=3.032e+65, cond(Quu)=1.000e+00
    max|Quu|=8.755e+65, cond(Quu)=1.000e+00
    max|Quu|=2.288e+66, cond(Quu)=1.000e+00
    max|Quu|=5.649e+66, cond(Quu)=1.000e+00
    max|Quu|=1.345e+67, cond(Quu)=1.000e+00
    max|Quu|=3.123e+67, cond(Quu)=1.000e+00
    max|Quu|=7.110e+67, cond(Quu)=1.000e+00
    max|Quu|=1.595e+68, cond(Quu)=1.000e+00
    max|Quu|=3.536e+68, cond(Quu)=1.000e+00
    max|Quu|=7.764e+68, cond(Quu)=1.000e+00
    max|Quu|=1.691e+69, cond(Quu)=1.000e+00
    max|Quu|=3.657e+69, cond(Quu)=1.000e+00
    max|Quu|=7.859e+69, cond(Quu)=1.000e+00
    max|Quu|=1.680e+70, cond(Quu)=1.000e+00
    max|Quu|=3.576e+70, cond(Quu)=1.000e+00
    max|Quu|=7.583e+70, cond(Quu)=1.000e+00
    max|Quu|=1.602e+71, cond(Quu)=1.000e+00
    max|Quu|=3.375e+71, cond(Quu)=1.000e+00
    max|Quu|=7.088e+71, cond(Quu)=1.000e+00
    max|Quu|=1.485e+72, cond(Quu)=1.000e+00
    max|Quu|=3.103e+72, cond(Quu)=1.000e+00
    max|Quu|=6.472e+72, cond(Quu)=1.000e+00
    max|Quu|=1.347e+73, cond(Quu)=1.000e+00
    max|Quu|=2.799e+73, cond(Quu)=1.000e+00
    max|Quu|=5.806e+73, cond(Quu)=1.000e+00
    max|Quu|=1.203e+74, cond(Quu)=1.000e+00
    max|Quu|=2.487e+74, cond(Quu)=1.000e+00
    max|Quu|=5.136e+74, cond(Quu)=1.000e+00
    max|Quu|=1.059e+75, cond(Quu)=1.000e+00
    max|Quu|=2.183e+75, cond(Quu)=1.000e+00
    max|Quu|=4.492e+75, cond(Quu)=1.000e+00
    max|Quu|=9.234e+75, cond(Quu)=1.000e+00
    max|Quu|=1.897e+76, cond(Quu)=1.000e+00
    max|Quu|=3.891e+76, cond(Quu)=1.000e+00
    max|Quu|=7.978e+76, cond(Quu)=1.000e+00
    max|Quu|=1.634e+77, cond(Quu)=1.000e+00
    max|Quu|=3.345e+77, cond(Quu)=1.000e+00
    max|Quu|=6.841e+77, cond(Quu)=1.000e+00
    max|Quu|=1.398e+78, cond(Quu)=1.000e+00
    max|Quu|=2.856e+78, cond(Quu)=1.000e+00
    max|Quu|=5.829e+78, cond(Quu)=1.000e+00
    max|Quu|=1.189e+79, cond(Quu)=1.000e+00
    max|Quu|=2.424e+79, cond(Quu)=1.000e+00
    max|Quu|=4.939e+79, cond(Quu)=1.000e+00
    max|Quu|=1.006e+80, cond(Quu)=1.000e+00
    max|Quu|=2.047e+80, cond(Quu)=1.000e+00
    max|Quu|=4.165e+80, cond(Quu)=1.000e+00
    max|Quu|=8.470e+80, cond(Quu)=1.000e+00
    max|Quu|=1.722e+81, cond(Quu)=1.000e+00
    max|Quu|=3.498e+81, cond(Quu)=1.000e+00
    max|Quu|=7.104e+81, cond(Quu)=1.000e+00
    max|Quu|=1.442e+82, cond(Quu)=1.000e+00
    max|Quu|=2.927e+82, cond(Quu)=1.000e+00
    max|Quu|=5.937e+82, cond(Quu)=1.000e+00
    max|Quu|=1.204e+83, cond(Quu)=1.000e+00
    max|Quu|=2.441e+83, cond(Quu)=1.000e+00
    max|Quu|=4.948e+83, cond(Quu)=1.000e+00
    max|Quu|=1.003e+84, cond(Quu)=1.000e+00
    max|Quu|=2.031e+84, cond(Quu)=1.000e+00
    max|Quu|=4.114e+84, cond(Quu)=1.000e+00
    max|Quu|=8.331e+84, cond(Quu)=1.000e+00
    max|Quu|=1.687e+85, cond(Quu)=1.000e+00
    max|Quu|=3.414e+85, cond(Quu)=1.000e+00
    max|Quu|=6.908e+85, cond(Quu)=1.000e+00
    max|Quu|=1.398e+86, cond(Quu)=1.000e+00
    max|Quu|=2.827e+86, cond(Quu)=1.000e+00
    max|Quu|=5.717e+86, cond(Quu)=1.000e+00
    max|Quu|=1.156e+87, cond(Quu)=1.000e+00
    max|Quu|=2.337e+87, cond(Quu)=1.000e+00
    max|Quu|=4.725e+87, cond(Quu)=1.000e+00
    max|Quu|=9.551e+87, cond(Quu)=1.000e+00
    max|Quu|=1.931e+88, cond(Quu)=1.000e+00
    max|Quu|=3.902e+88, cond(Quu)=1.000e+00
    max|Quu|=7.885e+88, cond(Quu)=1.000e+00
    max|Quu|=1.593e+89, cond(Quu)=1.000e+00
    max|Quu|=3.219e+89, cond(Quu)=1.000e+00
    max|Quu|=6.503e+89, cond(Quu)=1.000e+00
    max|Quu|=1.314e+90, cond(Quu)=1.000e+00
    max|Quu|=2.654e+90, cond(Quu)=1.000e+00
    max|Quu|=5.361e+90, cond(Quu)=1.000e+00
    max|Quu|=1.083e+91, cond(Quu)=1.000e+00
    max|Quu|=2.187e+91, cond(Quu)=1.000e+00
    max|Quu|=4.417e+91, cond(Quu)=1.000e+00
    max|Quu|=8.921e+91, cond(Quu)=1.000e+00
    max|Quu|=1.802e+92, cond(Quu)=1.000e+00
    max|Quu|=3.639e+92, cond(Quu)=1.000e+00
    max|Quu|=7.351e+92, cond(Quu)=1.000e+00
    max|Quu|=1.485e+93, cond(Quu)=1.000e+00
    max|Quu|=3.000e+93, cond(Quu)=1.000e+00
    max|Quu|=6.060e+93, cond(Quu)=1.000e+00
    max|Quu|=1.224e+94, cond(Quu)=1.000e+00
    max|Quu|=2.473e+94, cond(Quu)=1.000e+00
    max|Quu|=4.998e+94, cond(Quu)=1.000e+00
    max|Quu|=1.010e+95, cond(Quu)=1.000e+00
    max|Quu|=2.040e+95, cond(Quu)=1.000e+00
    max|Quu|=4.123e+95, cond(Quu)=1.000e+00
    max|Quu|=8.331e+95, cond(Quu)=1.000e+00
    max|Quu|=1.684e+96, cond(Quu)=1.000e+00
    max|Quu|=3.403e+96, cond(Quu)=1.000e+00
    max|Quu|=6.880e+96, cond(Quu)=1.000e+00
    max|Quu|=1.391e+97, cond(Quu)=1.000e+00
    max|Quu|=2.812e+97, cond(Quu)=1.000e+00
    max|Quu|=5.686e+97, cond(Quu)=1.000e+00
    max|Quu|=1.150e+98, cond(Quu)=1.000e+00
    max|Quu|=2.325e+98, cond(Quu)=1.000e+00
    max|Quu|=4.703e+98, cond(Quu)=1.000e+00
    max|Quu|=9.514e+98, cond(Quu)=1.000e+00
    max|Quu|=1.925e+99, cond(Quu)=1.000e+00
    max|Quu|=3.893e+99, cond(Quu)=1.000e+00
    max|Quu|=7.877e+99, cond(Quu)=1.000e+00
    max|Quu|=1.594e+100, cond(Quu)=1.000e+00
    max|Quu|=3.225e+100, cond(Quu)=1.000e+00
    max|Quu|=6.528e+100, cond(Quu)=1.000e+00
    max|Quu|=1.321e+101, cond(Quu)=1.000e+00
    max|Quu|=2.675e+101, cond(Quu)=1.000e+00
    max|Quu|=5.415e+101, cond(Quu)=1.000e+00
    max|Quu|=1.096e+102, cond(Quu)=1.000e+00
    max|Quu|=2.220e+102, cond(Quu)=1.000e+00
    max|Quu|=4.496e+102, cond(Quu)=1.000e+00
    max|Quu|=9.107e+102, cond(Quu)=1.000e+00
    max|Quu|=1.845e+103, cond(Quu)=1.000e+00
    max|Quu|=3.737e+103, cond(Quu)=1.000e+00
    max|Quu|=7.572e+103, cond(Quu)=1.000e+00
    max|Quu|=1.534e+104, cond(Quu)=1.000e+00
    max|Quu|=3.109e+104, cond(Quu)=1.000e+00
    max|Quu|=6.301e+104, cond(Quu)=1.000e+00
    max|Quu|=1.277e+105, cond(Quu)=1.000e+00
    max|Quu|=2.589e+105, cond(Quu)=1.000e+00
    max|Quu|=5.247e+105, cond(Quu)=1.000e+00
    max|Quu|=1.064e+106, cond(Quu)=1.000e+00
    max|Quu|=2.157e+106, cond(Quu)=1.000e+00
    max|Quu|=4.373e+106, cond(Quu)=1.000e+00
    max|Quu|=8.869e+106, cond(Quu)=1.000e+00
    max|Quu|=1.799e+107, cond(Quu)=1.000e+00
    max|Quu|=3.648e+107, cond(Quu)=1.000e+00
    max|Quu|=7.398e+107, cond(Quu)=1.000e+00
    max|Quu|=1.501e+108, cond(Quu)=1.000e+00
    max|Quu|=3.044e+108, cond(Quu)=1.000e+00
    max|Quu|=6.175e+108, cond(Quu)=1.000e+00
    max|Quu|=1.253e+109, cond(Quu)=1.000e+00
    max|Quu|=2.541e+109, cond(Quu)=1.000e+00
    max|Quu|=5.156e+109, cond(Quu)=1.000e+00
    max|Quu|=1.046e+110, cond(Quu)=1.000e+00
    max|Quu|=2.123e+110, cond(Quu)=1.000e+00
    max|Quu|=4.307e+110, cond(Quu)=1.000e+00
    max|Quu|=8.740e+110, cond(Quu)=1.000e+00
    max|Quu|=1.773e+111, cond(Quu)=1.000e+00
    max|Quu|=3.599e+111, cond(Quu)=1.000e+00
    max|Quu|=7.303e+111, cond(Quu)=1.000e+00
    max|Quu|=1.482e+112, cond(Quu)=1.000e+00
    max|Quu|=3.007e+112, cond(Quu)=1.000e+00
    max|Quu|=6.103e+112, cond(Quu)=1.000e+00
    max|Quu|=1.239e+113, cond(Quu)=1.000e+00
    max|Quu|=2.514e+113, cond(Quu)=1.000e+00
    max|Quu|=5.101e+113, cond(Quu)=1.000e+00
    max|Quu|=1.035e+114, cond(Quu)=1.000e+00
    max|Quu|=2.101e+114, cond(Quu)=1.000e+00
    max|Quu|=4.262e+114, cond(Quu)=1.000e+00
    max|Quu|=8.648e+114, cond(Quu)=1.000e+00
    max|Quu|=1.755e+115, cond(Quu)=1.000e+00
    max|Quu|=3.560e+115, cond(Quu)=1.000e+00
    max|Quu|=7.221e+115, cond(Quu)=1.000e+00
    max|Quu|=1.465e+116, cond(Quu)=1.000e+00
    max|Quu|=2.972e+116, cond(Quu)=1.000e+00
    max|Quu|=6.027e+116, cond(Quu)=1.000e+00
    max|Quu|=1.222e+117, cond(Quu)=1.000e+00
    max|Quu|=2.478e+117, cond(Quu)=1.000e+00
    max|Quu|=5.025e+117, cond(Quu)=1.000e+00
    max|Quu|=1.019e+118, cond(Quu)=1.000e+00
    max|Quu|=2.065e+118, cond(Quu)=1.000e+00
    max|Quu|=4.186e+118, cond(Quu)=1.000e+00
    max|Quu|=8.483e+118, cond(Quu)=1.000e+00
    max|Quu|=1.719e+119, cond(Quu)=1.000e+00
    max|Quu|=3.482e+119, cond(Quu)=1.000e+00
    max|Quu|=7.052e+119, cond(Quu)=1.000e+00
    max|Quu|=1.428e+120, cond(Quu)=1.000e+00
    max|Quu|=2.891e+120, cond(Quu)=1.000e+00
    max|Quu|=5.853e+120, cond(Quu)=1.000e+00
    max|Quu|=1.185e+121, cond(Quu)=1.000e+00
    max|Quu|=2.398e+121, cond(Quu)=1.000e+00
    max|Quu|=4.852e+121, cond(Quu)=1.000e+00
    max|Quu|=9.818e+121, cond(Quu)=1.000e+00
    max|Quu|=1.986e+122, cond(Quu)=1.000e+00
    max|Quu|=4.019e+122, cond(Quu)=1.000e+00
    max|Quu|=8.130e+122, cond(Quu)=1.000e+00
    max|Quu|=1.644e+123, cond(Quu)=1.000e+00
    max|Quu|=3.326e+123, cond(Quu)=1.000e+00
    max|Quu|=6.727e+123, cond(Quu)=1.000e+00
    max|Quu|=1.360e+124, cond(Quu)=1.000e+00
    max|Quu|=2.751e+124, cond(Quu)=1.000e+00
    max|Quu|=5.562e+124, cond(Quu)=1.000e+00
    max|Quu|=1.124e+125, cond(Quu)=1.000e+00
    max|Quu|=2.273e+125, cond(Quu)=1.000e+00
    max|Quu|=4.595e+125, cond(Quu)=1.000e+00
    max|Quu|=9.289e+125, cond(Quu)=1.000e+00
    max|Quu|=1.878e+126, cond(Quu)=1.000e+00
    max|Quu|=3.795e+126, cond(Quu)=1.000e+00
    max|Quu|=7.670e+126, cond(Quu)=1.000e+00
    max|Quu|=1.550e+127, cond(Quu)=1.000e+00
    max|Quu|=3.132e+127, cond(Quu)=1.000e+00
    max|Quu|=6.329e+127, cond(Quu)=1.000e+00
    max|Quu|=1.279e+128, cond(Quu)=1.000e+00
    max|Quu|=2.584e+128, cond(Quu)=1.000e+00
    max|Quu|=5.220e+128, cond(Quu)=1.000e+00
    max|Quu|=1.054e+129, cond(Quu)=1.000e+00
    max|Quu|=2.130e+129, cond(Quu)=1.000e+00
    max|Quu|=4.303e+129, cond(Quu)=1.000e+00
    max|Quu|=8.691e+129, cond(Quu)=1.000e+00
    max|Quu|=1.755e+130, cond(Quu)=1.000e+00
    max|Quu|=3.545e+130, cond(Quu)=1.000e+00
    max|Quu|=7.159e+130, cond(Quu)=1.000e+00
    max|Quu|=1.446e+131, cond(Quu)=1.000e+00
    max|Quu|=2.919e+131, cond(Quu)=1.000e+00
    max|Quu|=5.894e+131, cond(Quu)=1.000e+00
    max|Quu|=1.190e+132, cond(Quu)=1.000e+00
    max|Quu|=2.402e+132, cond(Quu)=1.000e+00
    max|Quu|=4.849e+132, cond(Quu)=1.000e+00
    max|Quu|=9.788e+132, cond(Quu)=1.000e+00
    max|Quu|=1.976e+133, cond(Quu)=1.000e+00
    max|Quu|=3.987e+133, cond(Quu)=1.000e+00
    max|Quu|=8.047e+133, cond(Quu)=1.000e+00
    max|Quu|=1.624e+134, cond(Quu)=1.000e+00
    max|Quu|=3.277e+134, cond(Quu)=1.000e+00
    max|Quu|=6.611e+134, cond(Quu)=1.000e+00
    max|Quu|=1.334e+135, cond(Quu)=1.000e+00
    max|Quu|=2.691e+135, cond(Quu)=1.000e+00
    max|Quu|=5.428e+135, cond(Quu)=1.000e+00
    max|Quu|=1.095e+136, cond(Quu)=1.000e+00
    max|Quu|=2.208e+136, cond(Quu)=1.000e+00
    max|Quu|=4.453e+136, cond(Quu)=1.000e+00
    max|Quu|=8.980e+136, cond(Quu)=1.000e+00
    max|Quu|=1.811e+137, cond(Quu)=1.000e+00
    max|Quu|=3.651e+137, cond(Quu)=1.000e+00
    max|Quu|=7.361e+137, cond(Quu)=1.000e+00
    max|Quu|=1.484e+138, cond(Quu)=1.000e+00
    max|Quu|=2.992e+138, cond(Quu)=1.000e+00
    max|Quu|=6.030e+138, cond(Quu)=1.000e+00
    max|Quu|=1.216e+139, cond(Quu)=1.000e+00
    max|Quu|=2.450e+139, cond(Quu)=1.000e+00
    max|Quu|=4.937e+139, cond(Quu)=1.000e+00
    max|Quu|=9.950e+139, cond(Quu)=1.000e+00
    max|Quu|=2.005e+140, cond(Quu)=1.000e+00
    max|Quu|=4.040e+140, cond(Quu)=1.000e+00
    max|Quu|=8.139e+140, cond(Quu)=1.000e+00
    max|Quu|=1.640e+141, cond(Quu)=1.000e+00
    max|Quu|=3.304e+141, cond(Quu)=1.000e+00
    max|Quu|=6.655e+141, cond(Quu)=1.000e+00
    max|Quu|=1.341e+142, cond(Quu)=1.000e+00
    max|Quu|=2.700e+142, cond(Quu)=1.000e+00
    max|Quu|=5.438e+142, cond(Quu)=1.000e+00
    max|Quu|=1.095e+143, cond(Quu)=1.000e+00
    max|Quu|=2.206e+143, cond(Quu)=1.000e+00
    max|Quu|=4.442e+143, cond(Quu)=1.000e+00
    max|Quu|=8.945e+143, cond(Quu)=1.000e+00
    max|Quu|=1.801e+144, cond(Quu)=1.000e+00
    max|Quu|=3.627e+144, cond(Quu)=1.000e+00
    max|Quu|=7.302e+144, cond(Quu)=1.000e+00
    max|Quu|=1.470e+145, cond(Quu)=1.000e+00
    max|Quu|=2.960e+145, cond(Quu)=1.000e+00
    max|Quu|=5.959e+145, cond(Quu)=1.000e+00
    max|Quu|=1.200e+146, cond(Quu)=1.000e+00
    max|Quu|=2.415e+146, cond(Quu)=1.000e+00
    max|Quu|=4.862e+146, cond(Quu)=1.000e+00
    max|Quu|=9.788e+146, cond(Quu)=1.000e+00
    max|Quu|=1.970e+147, cond(Quu)=1.000e+00
    max|Quu|=3.967e+147, cond(Quu)=1.000e+00
    max|Quu|=7.985e+147, cond(Quu)=1.000e+00
    max|Quu|=1.607e+148, cond(Quu)=1.000e+00
    max|Quu|=3.236e+148, cond(Quu)=1.000e+00
    max|Quu|=6.514e+148, cond(Quu)=1.000e+00
    max|Quu|=1.311e+149, cond(Quu)=1.000e+00
    max|Quu|=2.639e+149, cond(Quu)=1.000e+00
    max|Quu|=5.313e+149, cond(Quu)=1.000e+00
    max|Quu|=1.069e+150, cond(Quu)=1.000e+00
    max|Quu|=2.153e+150, cond(Quu)=1.000e+00
    max|Quu|=4.333e+150, cond(Quu)=1.000e+00
    max|Quu|=8.723e+150, cond(Quu)=1.000e+00
    max|Quu|=1.756e+151, cond(Quu)=1.000e+00
    max|Quu|=3.534e+151, cond(Quu)=1.000e+00
    max|Quu|=7.114e+151, cond(Quu)=1.000e+00
    max|Quu|=1.432e+152, cond(Quu)=1.000e+00
    max|Quu|=2.882e+152, cond(Quu)=1.000e+00
    max|Quu|=5.802e+152, cond(Quu)=1.000e+00
    max|Quu|=1.168e+153, cond(Quu)=1.000e+00
    max|Quu|=2.351e+153, cond(Quu)=1.000e+00
    max|Quu|=4.731e+153, cond(Quu)=1.000e+00
    max|Quu|=9.523e+153, cond(Quu)=1.000e+00
    max|Quu|=1.917e+154, cond(Quu)=1.000e+00
    max|Quu|=3.858e+154, cond(Quu)=1.000e+00
    max|Quu|=7.766e+154, cond(Quu)=1.000e+00
    max|Quu|=1.563e+155, cond(Quu)=1.000e+00
    max|Quu|=3.146e+155, cond(Quu)=1.000e+00
    max|Quu|=6.333e+155, cond(Quu)=1.000e+00
Measured previous rollout {"cost": 427.28092034948077, "position_rmse": 0.2515629195964593}
Defect construction {"mean_absolute": 0.016434457083848705, "max_absolute": 0.6398759260284983, "max_timestep": 742, "max_state_dimension": 6, "max_state_name": "wheel_speed", "per_state_max_absolute": [0.011179956376282218, 0.011323209021669278, 0.007721497119262288, 0.030116072308391632, 0.07189197186781604, 0.10669776112382623, 0.6398759260284983, 7.105427357601002e-15, 5.551115123125783e-17]}
Defect reconstruction {"mean_absolute": 1.1847832234528988e-18, "max_absolute": 4.440892098500626e-16, "max_timestep": 5, "max_state_dimension": 6, "max_state_name": "wheel_speed", "per_state_max_absolute": [8.673617379884035e-19, 1.1102230246251565e-16, 5.551115123125783e-17, 1.734723475976807e-18, 2.168404344971009e-19, 1.3877787807814457e-17, 4.440892098500626e-16, 0.0, 0.0]}
alpha=0 max |U_forward - U_old|: 1.9984014443252818e-14
Unchanged control baseline {"unchanged_defect": {"cost": 427.28092034948077, "position_rmse": 0.2515629195964593}, "unchanged_nominal": {"cost": 20722.422725987264, "position_rmse": 2.2436934251786367}}
Alpha candidate {"alpha": 0.5, "defect": {"cost": 439.2704074156104, "position_rmse": 0.25612581481860003}, "nominal": {"cost": 20175.348158139524, "position_rmse": 2.2141187712629864}, "defect_improvement": -11.98948706612964, "nominal_improvement": 547.0745678477397}
Final selection {"status": "REJECT", "alpha": 0.0, "cost": 427.28092034948077, "reason": "No candidate improves unchanged-control model prediction; keeping previous controls."}
No candidate improves unchanged-control model prediction; keeping previous controls.
STOP: candidate prepared; no actual rollout executed.
TRIAL {"trial": 9, "cost": 427.28092034948077, "position_rmse": 0.2515629195964593, "lateness_max": 0.002055500001006294, "rate_hz": 39.999762186580725, "period_ms_min": 23.34944600079325, "period_ms_max": 26.571431000775192, "selection": "REJECT", "update_seconds": 3.5556627820005815, "retries": 0}
Reset succeeded: [0. 0. 0. 0. 0. 0.]
    max|Quu|=1.000e+01, cond(Quu)=1.000e+05
    max|Quu|=1.313e+01, cond(Quu)=1.200e+05
    max|Quu|=1.551e+01, cond(Quu)=1.314e+05
    max|Quu|=1.668e+01, cond(Quu)=1.336e+05
    max|Quu|=1.713e+01, cond(Quu)=1.323e+05
    max|Quu|=1.729e+01, cond(Quu)=1.305e+05
    max|Quu|=1.734e+01, cond(Quu)=1.292e+05
    max|Quu|=1.736e+01, cond(Quu)=1.283e+05
    max|Quu|=1.737e+01, cond(Quu)=1.277e+05
    max|Quu|=1.737e+01, cond(Quu)=1.273e+05
    max|Quu|=1.737e+01, cond(Quu)=1.270e+05
    max|Quu|=1.737e+01, cond(Quu)=1.268e+05
    max|Quu|=1.737e+01, cond(Quu)=1.266e+05
    max|Quu|=1.737e+01, cond(Quu)=1.264e+05
    max|Quu|=1.737e+01, cond(Quu)=1.262e+05
    max|Quu|=1.737e+01, cond(Quu)=1.260e+05
    max|Quu|=1.737e+01, cond(Quu)=1.258e+05
    max|Quu|=1.737e+01, cond(Quu)=1.256e+05
    max|Quu|=1.737e+01, cond(Quu)=1.253e+05
    max|Quu|=1.737e+01, cond(Quu)=1.251e+05
    max|Quu|=1.737e+01, cond(Quu)=1.249e+05
    max|Quu|=1.737e+01, cond(Quu)=1.247e+05
    max|Quu|=1.737e+01, cond(Quu)=1.245e+05
    max|Quu|=1.737e+01, cond(Quu)=1.242e+05
    max|Quu|=1.737e+01, cond(Quu)=1.240e+05
    max|Quu|=1.737e+01, cond(Quu)=1.238e+05
    max|Quu|=1.737e+01, cond(Quu)=1.236e+05
    max|Quu|=1.737e+01, cond(Quu)=1.233e+05
    max|Quu|=1.737e+01, cond(Quu)=1.231e+05
    max|Quu|=1.737e+01, cond(Quu)=1.230e+05
    max|Quu|=1.737e+01, cond(Quu)=1.228e+05
    max|Quu|=1.738e+01, cond(Quu)=1.226e+05
    max|Quu|=1.738e+01, cond(Quu)=1.225e+05
    max|Quu|=1.738e+01, cond(Quu)=1.223e+05
    max|Quu|=1.738e+01, cond(Quu)=1.222e+05
    max|Quu|=1.738e+01, cond(Quu)=1.221e+05
    max|Quu|=1.738e+01, cond(Quu)=1.220e+05
    max|Quu|=1.738e+01, cond(Quu)=1.219e+05
    max|Quu|=1.738e+01, cond(Quu)=1.218e+05
    max|Quu|=1.739e+01, cond(Quu)=1.218e+05
    max|Quu|=1.739e+01, cond(Quu)=1.217e+05
    max|Quu|=1.739e+01, cond(Quu)=1.216e+05
    max|Quu|=1.739e+01, cond(Quu)=1.216e+05
    max|Quu|=1.740e+01, cond(Quu)=1.215e+05
    max|Quu|=1.740e+01, cond(Quu)=1.215e+05
    max|Quu|=1.740e+01, cond(Quu)=1.215e+05
    max|Quu|=1.740e+01, cond(Quu)=1.214e+05
    max|Quu|=1.741e+01, cond(Quu)=1.214e+05
    max|Quu|=1.741e+01, cond(Quu)=1.214e+05
    max|Quu|=1.742e+01, cond(Quu)=1.214e+05
    max|Quu|=1.742e+01, cond(Quu)=1.214e+05
    max|Quu|=1.742e+01, cond(Quu)=1.213e+05
    max|Quu|=1.743e+01, cond(Quu)=1.213e+05
    max|Quu|=1.743e+01, cond(Quu)=1.213e+05
    max|Quu|=1.744e+01, cond(Quu)=1.213e+05
    max|Quu|=1.744e+01, cond(Quu)=1.214e+05
    max|Quu|=1.745e+01, cond(Quu)=1.214e+05
    max|Quu|=1.746e+01, cond(Quu)=1.214e+05
    max|Quu|=1.746e+01, cond(Quu)=1.214e+05
    max|Quu|=1.747e+01, cond(Quu)=1.214e+05
    max|Quu|=1.747e+01, cond(Quu)=1.214e+05
    max|Quu|=1.748e+01, cond(Quu)=1.215e+05
    max|Quu|=1.748e+01, cond(Quu)=1.215e+05
    max|Quu|=1.749e+01, cond(Quu)=1.215e+05
    max|Quu|=1.750e+01, cond(Quu)=1.215e+05
    max|Quu|=1.750e+01, cond(Quu)=1.216e+05
    max|Quu|=1.751e+01, cond(Quu)=1.216e+05
    max|Quu|=1.752e+01, cond(Quu)=1.216e+05
    max|Quu|=1.752e+01, cond(Quu)=1.217e+05
    max|Quu|=1.753e+01, cond(Quu)=1.217e+05
    max|Quu|=1.754e+01, cond(Quu)=1.217e+05
    max|Quu|=1.754e+01, cond(Quu)=1.218e+05
    max|Quu|=1.755e+01, cond(Quu)=1.218e+05
    max|Quu|=1.755e+01, cond(Quu)=1.218e+05
    max|Quu|=1.756e+01, cond(Quu)=1.219e+05
    max|Quu|=1.757e+01, cond(Quu)=1.219e+05
    max|Quu|=1.757e+01, cond(Quu)=1.219e+05
    max|Quu|=1.758e+01, cond(Quu)=1.220e+05
    max|Quu|=1.759e+01, cond(Quu)=1.220e+05
    max|Quu|=1.759e+01, cond(Quu)=1.220e+05
    max|Quu|=1.760e+01, cond(Quu)=1.221e+05
    max|Quu|=1.761e+01, cond(Quu)=1.221e+05
    max|Quu|=1.761e+01, cond(Quu)=1.221e+05
    max|Quu|=1.762e+01, cond(Quu)=1.222e+05
    max|Quu|=1.762e+01, cond(Quu)=1.222e+05
    max|Quu|=1.763e+01, cond(Quu)=1.222e+05
    max|Quu|=1.763e+01, cond(Quu)=1.222e+05
    max|Quu|=1.764e+01, cond(Quu)=1.223e+05
    max|Quu|=1.765e+01, cond(Quu)=1.223e+05
    max|Quu|=1.765e+01, cond(Quu)=1.223e+05
    max|Quu|=1.766e+01, cond(Quu)=1.223e+05
    max|Quu|=1.766e+01, cond(Quu)=1.223e+05
    max|Quu|=1.766e+01, cond(Quu)=1.223e+05
    max|Quu|=1.766e+01, cond(Quu)=1.223e+05
    max|Quu|=1.767e+01, cond(Quu)=1.224e+05
    max|Quu|=1.767e+01, cond(Quu)=1.224e+05
    max|Quu|=1.768e+01, cond(Quu)=1.224e+05
    max|Quu|=1.768e+01, cond(Quu)=1.223e+05
    max|Quu|=1.768e+01, cond(Quu)=1.223e+05
    max|Quu|=1.768e+01, cond(Quu)=1.223e+05
    max|Quu|=1.768e+01, cond(Quu)=1.222e+05
    max|Quu|=1.768e+01, cond(Quu)=1.222e+05
    max|Quu|=1.768e+01, cond(Quu)=1.222e+05
    max|Quu|=1.768e+01, cond(Quu)=1.221e+05
    max|Quu|=1.768e+01, cond(Quu)=1.221e+05
    max|Quu|=1.767e+01, cond(Quu)=1.220e+05
    max|Quu|=1.767e+01, cond(Quu)=1.219e+05
    max|Quu|=1.767e+01, cond(Quu)=1.219e+05
    max|Quu|=1.767e+01, cond(Quu)=1.219e+05
    max|Quu|=1.767e+01, cond(Quu)=1.218e+05
    max|Quu|=1.767e+01, cond(Quu)=1.218e+05
    max|Quu|=1.767e+01, cond(Quu)=1.217e+05
    max|Quu|=1.766e+01, cond(Quu)=1.217e+05
    max|Quu|=1.766e+01, cond(Quu)=1.216e+05
    max|Quu|=1.766e+01, cond(Quu)=1.216e+05
    max|Quu|=1.765e+01, cond(Quu)=1.215e+05
    max|Quu|=1.765e+01, cond(Quu)=1.215e+05
    max|Quu|=1.765e+01, cond(Quu)=1.215e+05
    max|Quu|=1.764e+01, cond(Quu)=1.215e+05
    max|Quu|=1.764e+01, cond(Quu)=1.215e+05
    max|Quu|=1.764e+01, cond(Quu)=1.216e+05
    max|Quu|=1.764e+01, cond(Quu)=1.217e+05
    max|Quu|=1.764e+01, cond(Quu)=1.217e+05
    max|Quu|=1.764e+01, cond(Quu)=1.218e+05
    max|Quu|=1.764e+01, cond(Quu)=1.219e+05
    max|Quu|=1.764e+01, cond(Quu)=1.220e+05
    max|Quu|=1.764e+01, cond(Quu)=1.221e+05
    max|Quu|=1.764e+01, cond(Quu)=1.222e+05
    max|Quu|=1.764e+01, cond(Quu)=1.222e+05
    max|Quu|=1.764e+01, cond(Quu)=1.223e+05
    max|Quu|=1.763e+01, cond(Quu)=1.223e+05
    max|Quu|=1.763e+01, cond(Quu)=1.224e+05
    max|Quu|=1.763e+01, cond(Quu)=1.225e+05
    max|Quu|=1.763e+01, cond(Quu)=1.225e+05
    max|Quu|=1.763e+01, cond(Quu)=1.226e+05
    max|Quu|=1.763e+01, cond(Quu)=1.226e+05
    max|Quu|=1.763e+01, cond(Quu)=1.226e+05
    max|Quu|=1.763e+01, cond(Quu)=1.227e+05
    max|Quu|=1.763e+01, cond(Quu)=1.227e+05
    max|Quu|=1.763e+01, cond(Quu)=1.227e+05
    max|Quu|=1.763e+01, cond(Quu)=1.227e+05
    max|Quu|=1.763e+01, cond(Quu)=1.227e+05
    max|Quu|=1.763e+01, cond(Quu)=1.227e+05
    max|Quu|=1.763e+01, cond(Quu)=1.227e+05
    max|Quu|=1.763e+01, cond(Quu)=1.226e+05
    max|Quu|=1.763e+01, cond(Quu)=1.226e+05
    max|Quu|=1.763e+01, cond(Quu)=1.226e+05
    max|Quu|=1.763e+01, cond(Quu)=1.226e+05
    max|Quu|=1.763e+01, cond(Quu)=1.226e+05
    max|Quu|=1.763e+01, cond(Quu)=1.226e+05
    max|Quu|=1.763e+01, cond(Quu)=1.226e+05
    max|Quu|=1.764e+01, cond(Quu)=1.225e+05
    max|Quu|=1.764e+01, cond(Quu)=1.225e+05
    max|Quu|=1.764e+01, cond(Quu)=1.225e+05
    max|Quu|=1.764e+01, cond(Quu)=1.225e+05
    max|Quu|=1.764e+01, cond(Quu)=1.225e+05
    max|Quu|=1.764e+01, cond(Quu)=1.224e+05
    max|Quu|=1.764e+01, cond(Quu)=1.224e+05
    max|Quu|=1.764e+01, cond(Quu)=1.224e+05
    max|Quu|=1.765e+01, cond(Quu)=1.224e+05
    max|Quu|=1.765e+01, cond(Quu)=1.224e+05
    max|Quu|=1.765e+01, cond(Quu)=1.224e+05
    max|Quu|=1.765e+01, cond(Quu)=1.224e+05
    max|Quu|=1.765e+01, cond(Quu)=1.224e+05
    max|Quu|=1.765e+01, cond(Quu)=1.224e+05
    max|Quu|=1.766e+01, cond(Quu)=1.224e+05
    max|Quu|=1.766e+01, cond(Quu)=1.224e+05
    max|Quu|=1.766e+01, cond(Quu)=1.224e+05
    max|Quu|=1.766e+01, cond(Quu)=1.224e+05
    max|Quu|=1.766e+01, cond(Quu)=1.224e+05
    max|Quu|=1.767e+01, cond(Quu)=1.224e+05
    max|Quu|=1.767e+01, cond(Quu)=1.224e+05
    max|Quu|=1.767e+01, cond(Quu)=1.224e+05
    max|Quu|=1.767e+01, cond(Quu)=1.224e+05
    max|Quu|=1.767e+01, cond(Quu)=1.224e+05
    max|Quu|=1.768e+01, cond(Quu)=1.224e+05
    max|Quu|=1.768e+01, cond(Quu)=1.224e+05
    max|Quu|=1.768e+01, cond(Quu)=1.225e+05
    max|Quu|=1.768e+01, cond(Quu)=1.225e+05
    max|Quu|=1.768e+01, cond(Quu)=1.225e+05
    max|Quu|=1.769e+01, cond(Quu)=1.225e+05
    max|Quu|=1.769e+01, cond(Quu)=1.225e+05
    max|Quu|=1.769e+01, cond(Quu)=1.226e+05
    max|Quu|=1.770e+01, cond(Quu)=1.226e+05
    max|Quu|=1.770e+01, cond(Quu)=1.226e+05
    max|Quu|=1.770e+01, cond(Quu)=1.226e+05
    max|Quu|=1.770e+01, cond(Quu)=1.227e+05
    max|Quu|=1.771e+01, cond(Quu)=1.227e+05
    max|Quu|=1.771e+01, cond(Quu)=1.227e+05
    max|Quu|=1.771e+01, cond(Quu)=1.227e+05
    max|Quu|=1.771e+01, cond(Quu)=1.227e+05
    max|Quu|=1.771e+01, cond(Quu)=1.227e+05
    max|Quu|=1.771e+01, cond(Quu)=1.227e+05
    max|Quu|=1.771e+01, cond(Quu)=1.228e+05
    max|Quu|=1.771e+01, cond(Quu)=1.228e+05
    max|Quu|=1.771e+01, cond(Quu)=1.228e+05
    max|Quu|=1.771e+01, cond(Quu)=1.228e+05
    max|Quu|=1.771e+01, cond(Quu)=1.228e+05
    max|Quu|=1.772e+01, cond(Quu)=1.228e+05
    max|Quu|=1.772e+01, cond(Quu)=1.228e+05
    max|Quu|=1.772e+01, cond(Quu)=1.228e+05
    max|Quu|=1.772e+01, cond(Quu)=1.228e+05
    max|Quu|=1.772e+01, cond(Quu)=1.228e+05
    max|Quu|=1.772e+01, cond(Quu)=1.228e+05
    max|Quu|=1.772e+01, cond(Quu)=1.228e+05
    max|Quu|=1.772e+01, cond(Quu)=1.228e+05
    max|Quu|=1.772e+01, cond(Quu)=1.228e+05
    max|Quu|=1.771e+01, cond(Quu)=1.228e+05
    max|Quu|=1.771e+01, cond(Quu)=1.227e+05
    max|Quu|=1.771e+01, cond(Quu)=1.227e+05
    max|Quu|=1.771e+01, cond(Quu)=1.227e+05
    max|Quu|=1.771e+01, cond(Quu)=1.227e+05
    max|Quu|=1.771e+01, cond(Quu)=1.227e+05
    max|Quu|=1.771e+01, cond(Quu)=1.227e+05
    max|Quu|=1.771e+01, cond(Quu)=1.228e+05
    max|Quu|=1.772e+01, cond(Quu)=1.228e+05
    max|Quu|=1.772e+01, cond(Quu)=1.228e+05
    max|Quu|=1.772e+01, cond(Quu)=1.229e+05
    max|Quu|=1.772e+01, cond(Quu)=1.229e+05
    max|Quu|=1.772e+01, cond(Quu)=1.229e+05
    max|Quu|=1.772e+01, cond(Quu)=1.229e+05
    max|Quu|=1.772e+01, cond(Quu)=1.229e+05
    max|Quu|=1.772e+01, cond(Quu)=1.229e+05
    max|Quu|=1.772e+01, cond(Quu)=1.230e+05
    max|Quu|=1.772e+01, cond(Quu)=1.230e+05
    max|Quu|=1.772e+01, cond(Quu)=1.230e+05
    max|Quu|=1.772e+01, cond(Quu)=1.231e+05
    max|Quu|=1.772e+01, cond(Quu)=1.231e+05
    max|Quu|=1.772e+01, cond(Quu)=1.231e+05
    max|Quu|=1.773e+01, cond(Quu)=1.232e+05
    max|Quu|=1.773e+01, cond(Quu)=1.232e+05
    max|Quu|=1.773e+01, cond(Quu)=1.232e+05
    max|Quu|=1.773e+01, cond(Quu)=1.232e+05
    max|Quu|=1.773e+01, cond(Quu)=1.232e+05
    max|Quu|=1.773e+01, cond(Quu)=1.233e+05
    max|Quu|=1.773e+01, cond(Quu)=1.232e+05
    max|Quu|=1.773e+01, cond(Quu)=1.232e+05
    max|Quu|=1.773e+01, cond(Quu)=1.232e+05
    max|Quu|=1.773e+01, cond(Quu)=1.232e+05
    max|Quu|=1.773e+01, cond(Quu)=1.232e+05
    max|Quu|=1.773e+01, cond(Quu)=1.232e+05
    max|Quu|=1.773e+01, cond(Quu)=1.232e+05
    max|Quu|=1.773e+01, cond(Quu)=1.232e+05
    max|Quu|=1.774e+01, cond(Quu)=1.232e+05
    max|Quu|=1.774e+01, cond(Quu)=1.232e+05
    max|Quu|=1.774e+01, cond(Quu)=1.232e+05
    max|Quu|=1.774e+01, cond(Quu)=1.232e+05
    max|Quu|=1.773e+01, cond(Quu)=1.232e+05
    max|Quu|=1.773e+01, cond(Quu)=1.231e+05
    max|Quu|=1.773e+01, cond(Quu)=1.231e+05
    max|Quu|=1.772e+01, cond(Quu)=1.230e+05
    max|Quu|=1.771e+01, cond(Quu)=1.229e+05
    max|Quu|=1.770e+01, cond(Quu)=1.228e+05
    max|Quu|=1.767e+01, cond(Quu)=1.226e+05
    max|Quu|=1.764e+01, cond(Quu)=1.223e+05
    max|Quu|=1.759e+01, cond(Quu)=1.218e+05
    max|Quu|=1.751e+01, cond(Quu)=1.212e+05
    max|Quu|=1.739e+01, cond(Quu)=1.202e+05
    max|Quu|=1.722e+01, cond(Quu)=1.187e+05
    max|Quu|=1.695e+01, cond(Quu)=1.163e+05
    max|Quu|=1.653e+01, cond(Quu)=1.125e+05
    max|Quu|=1.586e+01, cond(Quu)=1.060e+05
    max|Quu|=1.475e+01, cond(Quu)=9.413e+04
    max|Quu|=1.279e+01, cond(Quu)=7.076e+04
    max|Quu|=9.164e+00, cond(Quu)=2.920e+04
    max|Quu|=3.655e+00, cond(Quu)=1.748e+03
    max|Quu|=1.955e+00, cond(Quu)=1.086e+02
    max|Quu|=2.849e+00, cond(Quu)=5.032e+01
    max|Quu|=2.874e+00, cond(Quu)=1.261e+01
    max|Quu|=2.906e+00, cond(Quu)=4.150e+00
    max|Quu|=4.013e+00, cond(Quu)=2.047e+00
    max|Quu|=8.556e+00, cond(Quu)=1.411e+00
    max|Quu|=1.822e+01, cond(Quu)=1.178e+00
    max|Quu|=3.874e+01, cond(Quu)=1.081e+00
    max|Quu|=8.230e+01, cond(Quu)=1.038e+00
    max|Quu|=1.746e+02, cond(Quu)=1.018e+00
    max|Quu|=3.701e+02, cond(Quu)=1.008e+00
    max|Quu|=7.837e+02, cond(Quu)=1.004e+00
    max|Quu|=1.658e+03, cond(Quu)=1.002e+00
    max|Quu|=3.504e+03, cond(Quu)=1.001e+00
    max|Quu|=7.396e+03, cond(Quu)=1.000e+00
    max|Quu|=1.560e+04, cond(Quu)=1.000e+00
    max|Quu|=3.287e+04, cond(Quu)=1.000e+00
    max|Quu|=6.920e+04, cond(Quu)=1.000e+00
    max|Quu|=1.455e+05, cond(Quu)=1.000e+00
    max|Quu|=3.059e+05, cond(Quu)=1.000e+00
    max|Quu|=6.423e+05, cond(Quu)=1.000e+00
    max|Quu|=1.348e+06, cond(Quu)=1.000e+00
    max|Quu|=2.826e+06, cond(Quu)=1.000e+00
    max|Quu|=5.921e+06, cond(Quu)=1.000e+00
    max|Quu|=1.240e+07, cond(Quu)=1.000e+00
    max|Quu|=2.594e+07, cond(Quu)=1.000e+00
    max|Quu|=5.422e+07, cond(Quu)=1.000e+00
    max|Quu|=1.133e+08, cond(Quu)=1.000e+00
    max|Quu|=2.365e+08, cond(Quu)=1.000e+00
    max|Quu|=4.933e+08, cond(Quu)=1.000e+00
    max|Quu|=1.029e+09, cond(Quu)=1.000e+00
    max|Quu|=2.143e+09, cond(Quu)=1.000e+00
    max|Quu|=4.463e+09, cond(Quu)=1.000e+00
    max|Quu|=9.284e+09, cond(Quu)=1.000e+00
    max|Quu|=1.930e+10, cond(Quu)=1.000e+00
    max|Quu|=4.011e+10, cond(Quu)=1.000e+00
    max|Quu|=8.330e+10, cond(Quu)=1.000e+00
    max|Quu|=1.729e+11, cond(Quu)=1.000e+00
    max|Quu|=3.587e+11, cond(Quu)=1.000e+00
    max|Quu|=7.436e+11, cond(Quu)=1.000e+00
    max|Quu|=1.540e+12, cond(Quu)=1.000e+00
    max|Quu|=3.190e+12, cond(Quu)=1.000e+00
    max|Quu|=6.600e+12, cond(Quu)=1.000e+00
    max|Quu|=1.365e+13, cond(Quu)=1.000e+00
    max|Quu|=2.822e+13, cond(Quu)=1.000e+00
    max|Quu|=5.829e+13, cond(Quu)=1.000e+00
    max|Quu|=1.204e+14, cond(Quu)=1.000e+00
    max|Quu|=2.483e+14, cond(Quu)=1.000e+00
    max|Quu|=5.120e+14, cond(Quu)=1.000e+00
    max|Quu|=1.055e+15, cond(Quu)=1.000e+00
    max|Quu|=2.174e+15, cond(Quu)=1.000e+00
    max|Quu|=4.478e+15, cond(Quu)=1.000e+00
    max|Quu|=9.217e+15, cond(Quu)=1.000e+00
    max|Quu|=1.897e+16, cond(Quu)=1.000e+00
    max|Quu|=3.900e+16, cond(Quu)=1.000e+00
    max|Quu|=8.016e+16, cond(Quu)=1.000e+00
    max|Quu|=1.647e+17, cond(Quu)=1.000e+00
    max|Quu|=3.382e+17, cond(Quu)=1.000e+00
    max|Quu|=6.943e+17, cond(Quu)=1.000e+00
    max|Quu|=1.425e+18, cond(Quu)=1.000e+00
    max|Quu|=2.923e+18, cond(Quu)=1.000e+00
    max|Quu|=5.992e+18, cond(Quu)=1.000e+00
    max|Quu|=1.228e+19, cond(Quu)=1.000e+00
    max|Quu|=2.516e+19, cond(Quu)=1.000e+00
    max|Quu|=5.151e+19, cond(Quu)=1.000e+00
    max|Quu|=1.054e+20, cond(Quu)=1.000e+00
    max|Quu|=2.157e+20, cond(Quu)=1.000e+00
    max|Quu|=4.413e+20, cond(Quu)=1.000e+00
    max|Quu|=9.022e+20, cond(Quu)=1.000e+00
    max|Quu|=1.844e+21, cond(Quu)=1.000e+00
    max|Quu|=3.767e+21, cond(Quu)=1.000e+00
    max|Quu|=7.693e+21, cond(Quu)=1.000e+00
    max|Quu|=1.570e+22, cond(Quu)=1.000e+00
    max|Quu|=3.204e+22, cond(Quu)=1.000e+00
    max|Quu|=6.537e+22, cond(Quu)=1.000e+00
    max|Quu|=1.333e+23, cond(Quu)=1.000e+00
    max|Quu|=2.717e+23, cond(Quu)=1.000e+00
    max|Quu|=5.537e+23, cond(Quu)=1.000e+00
    max|Quu|=1.128e+24, cond(Quu)=1.000e+00
    max|Quu|=2.297e+24, cond(Quu)=1.000e+00
    max|Quu|=4.675e+24, cond(Quu)=1.000e+00
    max|Quu|=9.514e+24, cond(Quu)=1.000e+00
    max|Quu|=1.935e+25, cond(Quu)=1.000e+00
    max|Quu|=3.935e+25, cond(Quu)=1.000e+00
    max|Quu|=8.000e+25, cond(Quu)=1.000e+00
    max|Quu|=1.626e+26, cond(Quu)=1.000e+00
    max|Quu|=3.302e+26, cond(Quu)=1.000e+00
    max|Quu|=6.707e+26, cond(Quu)=1.000e+00
    max|Quu|=1.362e+27, cond(Quu)=1.000e+00
    max|Quu|=2.763e+27, cond(Quu)=1.000e+00
    max|Quu|=5.607e+27, cond(Quu)=1.000e+00
    max|Quu|=1.137e+28, cond(Quu)=1.000e+00
    max|Quu|=2.306e+28, cond(Quu)=1.000e+00
    max|Quu|=4.675e+28, cond(Quu)=1.000e+00
    max|Quu|=9.473e+28, cond(Quu)=1.000e+00
    max|Quu|=1.919e+29, cond(Quu)=1.000e+00
    max|Quu|=3.887e+29, cond(Quu)=1.000e+00
    max|Quu|=7.870e+29, cond(Quu)=1.000e+00
    max|Quu|=1.593e+30, cond(Quu)=1.000e+00
    max|Quu|=3.223e+30, cond(Quu)=1.000e+00
    max|Quu|=6.520e+30, cond(Quu)=1.000e+00
    max|Quu|=1.319e+31, cond(Quu)=1.000e+00
    max|Quu|=2.666e+31, cond(Quu)=1.000e+00
    max|Quu|=5.388e+31, cond(Quu)=1.000e+00
    max|Quu|=1.089e+32, cond(Quu)=1.000e+00
    max|Quu|=2.199e+32, cond(Quu)=1.000e+00
    max|Quu|=4.441e+32, cond(Quu)=1.000e+00
    max|Quu|=8.965e+32, cond(Quu)=1.000e+00
    max|Quu|=1.809e+33, cond(Quu)=1.000e+00
    max|Quu|=3.651e+33, cond(Quu)=1.000e+00
    max|Quu|=7.365e+33, cond(Quu)=1.000e+00
    max|Quu|=1.485e+34, cond(Quu)=1.000e+00
    max|Quu|=2.994e+34, cond(Quu)=1.000e+00
    max|Quu|=6.036e+34, cond(Quu)=1.000e+00
    max|Quu|=1.216e+35, cond(Quu)=1.000e+00
    max|Quu|=2.450e+35, cond(Quu)=1.000e+00
    max|Quu|=4.934e+35, cond(Quu)=1.000e+00
    max|Quu|=9.935e+35, cond(Quu)=1.000e+00
    max|Quu|=2.000e+36, cond(Quu)=1.000e+00
    max|Quu|=4.025e+36, cond(Quu)=1.000e+00
    max|Quu|=8.098e+36, cond(Quu)=1.000e+00
    max|Quu|=1.629e+37, cond(Quu)=1.000e+00
    max|Quu|=3.275e+37, cond(Quu)=1.000e+00
    max|Quu|=6.584e+37, cond(Quu)=1.000e+00
    max|Quu|=1.323e+38, cond(Quu)=1.000e+00
    max|Quu|=2.659e+38, cond(Quu)=1.000e+00
    max|Quu|=5.341e+38, cond(Quu)=1.000e+00
    max|Quu|=1.073e+39, cond(Quu)=1.000e+00
    max|Quu|=2.154e+39, cond(Quu)=1.000e+00
    max|Quu|=4.323e+39, cond(Quu)=1.000e+00
    max|Quu|=8.675e+39, cond(Quu)=1.000e+00
    max|Quu|=1.740e+40, cond(Quu)=1.000e+00
    max|Quu|=3.491e+40, cond(Quu)=1.000e+00
    max|Quu|=7.000e+40, cond(Quu)=1.000e+00
    max|Quu|=1.403e+41, cond(Quu)=1.000e+00
    max|Quu|=2.812e+41, cond(Quu)=1.000e+00
    max|Quu|=5.634e+41, cond(Quu)=1.000e+00
    max|Quu|=1.128e+42, cond(Quu)=1.000e+00
    max|Quu|=2.259e+42, cond(Quu)=1.000e+00
    max|Quu|=4.523e+42, cond(Quu)=1.000e+00
    max|Quu|=9.050e+42, cond(Quu)=1.000e+00
    max|Quu|=1.811e+43, cond(Quu)=1.000e+00
    max|Quu|=3.621e+43, cond(Quu)=1.000e+00
    max|Quu|=7.239e+43, cond(Quu)=1.000e+00
    max|Quu|=1.447e+44, cond(Quu)=1.000e+00
    max|Quu|=2.891e+44, cond(Quu)=1.000e+00
    max|Quu|=5.775e+44, cond(Quu)=1.000e+00
    max|Quu|=1.153e+45, cond(Quu)=1.000e+00
    max|Quu|=2.302e+45, cond(Quu)=1.000e+00
    max|Quu|=4.594e+45, cond(Quu)=1.000e+00
    max|Quu|=9.165e+45, cond(Quu)=1.000e+00
    max|Quu|=1.828e+46, cond(Quu)=1.000e+00
    max|Quu|=3.644e+46, cond(Quu)=1.000e+00
    max|Quu|=7.262e+46, cond(Quu)=1.000e+00
    max|Quu|=1.447e+47, cond(Quu)=1.000e+00
    max|Quu|=2.881e+47, cond(Quu)=1.000e+00
    max|Quu|=5.737e+47, cond(Quu)=1.000e+00
    max|Quu|=1.142e+48, cond(Quu)=1.000e+00
    max|Quu|=2.271e+48, cond(Quu)=1.000e+00
    max|Quu|=4.517e+48, cond(Quu)=1.000e+00
    max|Quu|=8.979e+48, cond(Quu)=1.000e+00
    max|Quu|=1.784e+49, cond(Quu)=1.000e+00
    max|Quu|=3.544e+49, cond(Quu)=1.000e+00
    max|Quu|=7.037e+49, cond(Quu)=1.000e+00
    max|Quu|=1.396e+50, cond(Quu)=1.000e+00
    max|Quu|=2.770e+50, cond(Quu)=1.000e+00
    max|Quu|=5.491e+50, cond(Quu)=1.000e+00
    max|Quu|=1.088e+51, cond(Quu)=1.000e+00
    max|Quu|=2.155e+51, cond(Quu)=1.000e+00
    max|Quu|=4.267e+51, cond(Quu)=1.000e+00
    max|Quu|=8.442e+51, cond(Quu)=1.000e+00
    max|Quu|=1.669e+52, cond(Quu)=1.000e+00
    max|Quu|=3.299e+52, cond(Quu)=1.000e+00
    max|Quu|=6.516e+52, cond(Quu)=1.000e+00
    max|Quu|=1.286e+53, cond(Quu)=1.000e+00
    max|Quu|=2.537e+53, cond(Quu)=1.000e+00
    max|Quu|=5.001e+53, cond(Quu)=1.000e+00
    max|Quu|=9.849e+53, cond(Quu)=1.000e+00
    max|Quu|=1.938e+54, cond(Quu)=1.000e+00
    max|Quu|=3.812e+54, cond(Quu)=1.000e+00
    max|Quu|=7.489e+54, cond(Quu)=1.000e+00
    max|Quu|=1.470e+55, cond(Quu)=1.000e+00
    max|Quu|=2.883e+55, cond(Quu)=1.000e+00
    max|Quu|=5.650e+55, cond(Quu)=1.000e+00
    max|Quu|=1.106e+56, cond(Quu)=1.000e+00
    max|Quu|=2.161e+56, cond(Quu)=1.000e+00
    max|Quu|=4.219e+56, cond(Quu)=1.000e+00
    max|Quu|=8.227e+56, cond(Quu)=1.000e+00
    max|Quu|=1.602e+57, cond(Quu)=1.000e+00
    max|Quu|=3.114e+57, cond(Quu)=1.000e+00
    max|Quu|=6.045e+57, cond(Quu)=1.000e+00
    max|Quu|=1.171e+58, cond(Quu)=1.000e+00
    max|Quu|=2.264e+58, cond(Quu)=1.000e+00
    max|Quu|=4.367e+58, cond(Quu)=1.000e+00
    max|Quu|=8.408e+58, cond(Quu)=1.000e+00
    max|Quu|=1.615e+59, cond(Quu)=1.000e+00
    max|Quu|=3.093e+59, cond(Quu)=1.000e+00
    max|Quu|=5.906e+59, cond(Quu)=1.000e+00
    max|Quu|=1.124e+60, cond(Quu)=1.000e+00
    max|Quu|=2.128e+60, cond(Quu)=1.000e+00
    max|Quu|=4.014e+60, cond(Quu)=1.000e+00
    max|Quu|=7.535e+60, cond(Quu)=1.000e+00
    max|Quu|=1.407e+61, cond(Quu)=1.000e+00
    max|Quu|=2.608e+61, cond(Quu)=1.000e+00
    max|Quu|=4.800e+61, cond(Quu)=1.000e+00
    max|Quu|=8.752e+61, cond(Quu)=1.000e+00
    max|Quu|=1.578e+62, cond(Quu)=1.000e+00
    max|Quu|=2.805e+62, cond(Quu)=1.000e+00
    max|Quu|=4.896e+62, cond(Quu)=1.000e+00
    max|Quu|=8.343e+62, cond(Quu)=1.000e+00
    max|Quu|=1.374e+63, cond(Quu)=1.000e+00
    max|Quu|=2.148e+63, cond(Quu)=1.000e+00
    max|Quu|=3.079e+63, cond(Quu)=1.000e+00
    max|Quu|=3.683e+63, cond(Quu)=1.000e+00
    max|Quu|=2.338e+63, cond(Quu)=1.000e+00
    max|Quu|=5.535e+63, cond(Quu)=1.000e+00
    max|Quu|=3.179e+64, cond(Quu)=1.000e+00
    max|Quu|=1.055e+65, cond(Quu)=1.000e+00
    max|Quu|=2.955e+65, cond(Quu)=1.000e+00
    max|Quu|=7.601e+65, cond(Quu)=1.000e+00
    max|Quu|=1.863e+66, cond(Quu)=1.000e+00
    max|Quu|=4.420e+66, cond(Quu)=1.000e+00
    max|Quu|=1.024e+67, cond(Quu)=1.000e+00
    max|Quu|=2.332e+67, cond(Quu)=1.000e+00
    max|Quu|=5.234e+67, cond(Quu)=1.000e+00
    max|Quu|=1.161e+68, cond(Quu)=1.000e+00
    max|Quu|=2.552e+68, cond(Quu)=1.000e+00
    max|Quu|=5.562e+68, cond(Quu)=1.000e+00
    max|Quu|=1.205e+69, cond(Quu)=1.000e+00
    max|Quu|=2.595e+69, cond(Quu)=1.000e+00
    max|Quu|=5.563e+69, cond(Quu)=1.000e+00
    max|Quu|=1.187e+70, cond(Quu)=1.000e+00
    max|Quu|=2.525e+70, cond(Quu)=1.000e+00
    max|Quu|=5.350e+70, cond(Quu)=1.000e+00
    max|Quu|=1.130e+71, cond(Quu)=1.000e+00
    max|Quu|=2.381e+71, cond(Quu)=1.000e+00
    max|Quu|=5.001e+71, cond(Quu)=1.000e+00
    max|Quu|=1.048e+72, cond(Quu)=1.000e+00
    max|Quu|=2.191e+72, cond(Quu)=1.000e+00
    max|Quu|=4.572e+72, cond(Quu)=1.000e+00
    max|Quu|=9.525e+72, cond(Quu)=1.000e+00
    max|Quu|=1.981e+73, cond(Quu)=1.000e+00
    max|Quu|=4.114e+73, cond(Quu)=1.000e+00
    max|Quu|=8.530e+73, cond(Quu)=1.000e+00
    max|Quu|=1.766e+74, cond(Quu)=1.000e+00
    max|Quu|=3.653e+74, cond(Quu)=1.000e+00
    max|Quu|=7.547e+74, cond(Quu)=1.000e+00
    max|Quu|=1.557e+75, cond(Quu)=1.000e+00
    max|Quu|=3.210e+75, cond(Quu)=1.000e+00
    max|Quu|=6.610e+75, cond(Quu)=1.000e+00
    max|Quu|=1.360e+76, cond(Quu)=1.000e+00
    max|Quu|=2.795e+76, cond(Quu)=1.000e+00
    max|Quu|=5.741e+76, cond(Quu)=1.000e+00
    max|Quu|=1.178e+77, cond(Quu)=1.000e+00
    max|Quu|=2.416e+77, cond(Quu)=1.000e+00
    max|Quu|=4.951e+77, cond(Quu)=1.000e+00
    max|Quu|=1.014e+78, cond(Quu)=1.000e+00
    max|Quu|=2.075e+78, cond(Quu)=1.000e+00
    max|Quu|=4.243e+78, cond(Quu)=1.000e+00
    max|Quu|=8.672e+78, cond(Quu)=1.000e+00
    max|Quu|=1.772e+79, cond(Quu)=1.000e+00
    max|Quu|=3.617e+79, cond(Quu)=1.000e+00
    max|Quu|=7.381e+79, cond(Quu)=1.000e+00
    max|Quu|=1.505e+80, cond(Quu)=1.000e+00
    max|Quu|=3.069e+80, cond(Quu)=1.000e+00
    max|Quu|=6.253e+80, cond(Quu)=1.000e+00
    max|Quu|=1.274e+81, cond(Quu)=1.000e+00
    max|Quu|=2.593e+81, cond(Quu)=1.000e+00
    max|Quu|=5.277e+81, cond(Quu)=1.000e+00
    max|Quu|=1.073e+82, cond(Quu)=1.000e+00
    max|Quu|=2.183e+82, cond(Quu)=1.000e+00
    max|Quu|=4.437e+82, cond(Quu)=1.000e+00
    max|Quu|=9.016e+82, cond(Quu)=1.000e+00
    max|Quu|=1.831e+83, cond(Quu)=1.000e+00
    max|Quu|=3.719e+83, cond(Quu)=1.000e+00
    max|Quu|=7.550e+83, cond(Quu)=1.000e+00
    max|Quu|=1.532e+84, cond(Quu)=1.000e+00
    max|Quu|=3.109e+84, cond(Quu)=1.000e+00
    max|Quu|=6.305e+84, cond(Quu)=1.000e+00
    max|Quu|=1.279e+85, cond(Quu)=1.000e+00
    max|Quu|=2.592e+85, cond(Quu)=1.000e+00
    max|Quu|=5.255e+85, cond(Quu)=1.000e+00
    max|Quu|=1.065e+86, cond(Quu)=1.000e+00
    max|Quu|=2.158e+86, cond(Quu)=1.000e+00
    max|Quu|=4.371e+86, cond(Quu)=1.000e+00
    max|Quu|=8.854e+86, cond(Quu)=1.000e+00
    max|Quu|=1.793e+87, cond(Quu)=1.000e+00
    max|Quu|=3.630e+87, cond(Quu)=1.000e+00
    max|Quu|=7.347e+87, cond(Quu)=1.000e+00
    max|Quu|=1.487e+88, cond(Quu)=1.000e+00
    max|Quu|=3.009e+88, cond(Quu)=1.000e+00
    max|Quu|=6.087e+88, cond(Quu)=1.000e+00
    max|Quu|=1.231e+89, cond(Quu)=1.000e+00
    max|Quu|=2.490e+89, cond(Quu)=1.000e+00
    max|Quu|=5.036e+89, cond(Quu)=1.000e+00
    max|Quu|=1.019e+90, cond(Quu)=1.000e+00
    max|Quu|=2.060e+90, cond(Quu)=1.000e+00
    max|Quu|=4.164e+90, cond(Quu)=1.000e+00
    max|Quu|=8.418e+90, cond(Quu)=1.000e+00
    max|Quu|=1.702e+91, cond(Quu)=1.000e+00
    max|Quu|=3.439e+91, cond(Quu)=1.000e+00
    max|Quu|=6.950e+91, cond(Quu)=1.000e+00
    max|Quu|=1.404e+92, cond(Quu)=1.000e+00
    max|Quu|=2.838e+92, cond(Quu)=1.000e+00
    max|Quu|=5.734e+92, cond(Quu)=1.000e+00
    max|Quu|=1.158e+93, cond(Quu)=1.000e+00
    max|Quu|=2.340e+93, cond(Quu)=1.000e+00
    max|Quu|=4.728e+93, cond(Quu)=1.000e+00
    max|Quu|=9.551e+93, cond(Quu)=1.000e+00
    max|Quu|=1.929e+94, cond(Quu)=1.000e+00
    max|Quu|=3.898e+94, cond(Quu)=1.000e+00
    max|Quu|=7.874e+94, cond(Quu)=1.000e+00
    max|Quu|=1.591e+95, cond(Quu)=1.000e+00
    max|Quu|=3.213e+95, cond(Quu)=1.000e+00
    max|Quu|=6.491e+95, cond(Quu)=1.000e+00
    max|Quu|=1.311e+96, cond(Quu)=1.000e+00
    max|Quu|=2.649e+96, cond(Quu)=1.000e+00
    max|Quu|=5.352e+96, cond(Quu)=1.000e+00
    max|Quu|=1.081e+97, cond(Quu)=1.000e+00
    max|Quu|=2.184e+97, cond(Quu)=1.000e+00
    max|Quu|=4.412e+97, cond(Quu)=1.000e+00
    max|Quu|=8.914e+97, cond(Quu)=1.000e+00
    max|Quu|=1.801e+98, cond(Quu)=1.000e+00
    max|Quu|=3.638e+98, cond(Quu)=1.000e+00
    max|Quu|=7.351e+98, cond(Quu)=1.000e+00
    max|Quu|=1.485e+99, cond(Quu)=1.000e+00
    max|Quu|=3.001e+99, cond(Quu)=1.000e+00
    max|Quu|=6.065e+99, cond(Quu)=1.000e+00
    max|Quu|=1.226e+100, cond(Quu)=1.000e+00
    max|Quu|=2.477e+100, cond(Quu)=1.000e+00
    max|Quu|=5.006e+100, cond(Quu)=1.000e+00
    max|Quu|=1.012e+101, cond(Quu)=1.000e+00
    max|Quu|=2.045e+101, cond(Quu)=1.000e+00
    max|Quu|=4.132e+101, cond(Quu)=1.000e+00
    max|Quu|=8.351e+101, cond(Quu)=1.000e+00
    max|Quu|=1.688e+102, cond(Quu)=1.000e+00
    max|Quu|=3.412e+102, cond(Quu)=1.000e+00
    max|Quu|=6.897e+102, cond(Quu)=1.000e+00
    max|Quu|=1.394e+103, cond(Quu)=1.000e+00
    max|Quu|=2.819e+103, cond(Quu)=1.000e+00
    max|Quu|=5.699e+103, cond(Quu)=1.000e+00
    max|Quu|=1.152e+104, cond(Quu)=1.000e+00
    max|Quu|=2.330e+104, cond(Quu)=1.000e+00
    max|Quu|=4.711e+104, cond(Quu)=1.000e+00
    max|Quu|=9.526e+104, cond(Quu)=1.000e+00
    max|Quu|=1.926e+105, cond(Quu)=1.000e+00
    max|Quu|=3.896e+105, cond(Quu)=1.000e+00
    max|Quu|=7.879e+105, cond(Quu)=1.000e+00
    max|Quu|=1.594e+106, cond(Quu)=1.000e+00
    max|Quu|=3.223e+106, cond(Quu)=1.000e+00
    max|Quu|=6.520e+106, cond(Quu)=1.000e+00
    max|Quu|=1.319e+107, cond(Quu)=1.000e+00
    max|Quu|=2.668e+107, cond(Quu)=1.000e+00
    max|Quu|=5.398e+107, cond(Quu)=1.000e+00
    max|Quu|=1.092e+108, cond(Quu)=1.000e+00
    max|Quu|=2.209e+108, cond(Quu)=1.000e+00
    max|Quu|=4.470e+108, cond(Quu)=1.000e+00
    max|Quu|=9.044e+108, cond(Quu)=1.000e+00
    max|Quu|=1.830e+109, cond(Quu)=1.000e+00
    max|Quu|=3.703e+109, cond(Quu)=1.000e+00
    max|Quu|=7.493e+109, cond(Quu)=1.000e+00
    max|Quu|=1.516e+110, cond(Quu)=1.000e+00
    max|Quu|=3.069e+110, cond(Quu)=1.000e+00
    max|Quu|=6.210e+110, cond(Quu)=1.000e+00
    max|Quu|=1.257e+111, cond(Quu)=1.000e+00
    max|Quu|=2.543e+111, cond(Quu)=1.000e+00
    max|Quu|=5.147e+111, cond(Quu)=1.000e+00
    max|Quu|=1.042e+112, cond(Quu)=1.000e+00
    max|Quu|=2.108e+112, cond(Quu)=1.000e+00
    max|Quu|=4.267e+112, cond(Quu)=1.000e+00
    max|Quu|=8.637e+112, cond(Quu)=1.000e+00
    max|Quu|=1.748e+113, cond(Quu)=1.000e+00
    max|Quu|=3.538e+113, cond(Quu)=1.000e+00
    max|Quu|=7.161e+113, cond(Quu)=1.000e+00
    max|Quu|=1.449e+114, cond(Quu)=1.000e+00
    max|Quu|=2.933e+114, cond(Quu)=1.000e+00
    max|Quu|=5.938e+114, cond(Quu)=1.000e+00
    max|Quu|=1.202e+115, cond(Quu)=1.000e+00
    max|Quu|=2.433e+115, cond(Quu)=1.000e+00
    max|Quu|=4.924e+115, cond(Quu)=1.000e+00
    max|Quu|=9.965e+115, cond(Quu)=1.000e+00
    max|Quu|=2.017e+116, cond(Quu)=1.000e+00
    max|Quu|=4.082e+116, cond(Quu)=1.000e+00
    max|Quu|=8.260e+116, cond(Quu)=1.000e+00
    max|Quu|=1.671e+117, cond(Quu)=1.000e+00
    max|Quu|=3.382e+117, cond(Quu)=1.000e+00
    max|Quu|=6.843e+117, cond(Quu)=1.000e+00
    max|Quu|=1.385e+118, cond(Quu)=1.000e+00
    max|Quu|=2.801e+118, cond(Quu)=1.000e+00
    max|Quu|=5.667e+118, cond(Quu)=1.000e+00
    max|Quu|=1.146e+119, cond(Quu)=1.000e+00
    max|Quu|=2.319e+119, cond(Quu)=1.000e+00
    max|Quu|=4.690e+119, cond(Quu)=1.000e+00
    max|Quu|=9.485e+119, cond(Quu)=1.000e+00
    max|Quu|=1.918e+120, cond(Quu)=1.000e+00
    max|Quu|=3.878e+120, cond(Quu)=1.000e+00
    max|Quu|=7.839e+120, cond(Quu)=1.000e+00
    max|Quu|=1.585e+121, cond(Quu)=1.000e+00
    max|Quu|=3.202e+121, cond(Quu)=1.000e+00
    max|Quu|=6.471e+121, cond(Quu)=1.000e+00
    max|Quu|=1.307e+122, cond(Quu)=1.000e+00
    max|Quu|=2.642e+122, cond(Quu)=1.000e+00
    max|Quu|=5.336e+122, cond(Quu)=1.000e+00
    max|Quu|=1.078e+123, cond(Quu)=1.000e+00
    max|Quu|=2.177e+123, cond(Quu)=1.000e+00
    max|Quu|=4.397e+123, cond(Quu)=1.000e+00
    max|Quu|=8.879e+123, cond(Quu)=1.000e+00
    max|Quu|=1.793e+124, cond(Quu)=1.000e+00
    max|Quu|=3.621e+124, cond(Quu)=1.000e+00
    max|Quu|=7.311e+124, cond(Quu)=1.000e+00
    max|Quu|=1.476e+125, cond(Quu)=1.000e+00
    max|Quu|=2.980e+125, cond(Quu)=1.000e+00
    max|Quu|=6.017e+125, cond(Quu)=1.000e+00
    max|Quu|=1.215e+126, cond(Quu)=1.000e+00
    max|Quu|=2.452e+126, cond(Quu)=1.000e+00
    max|Quu|=4.950e+126, cond(Quu)=1.000e+00
    max|Quu|=9.991e+126, cond(Quu)=1.000e+00
    max|Quu|=2.017e+127, cond(Quu)=1.000e+00
    max|Quu|=4.071e+127, cond(Quu)=1.000e+00
    max|Quu|=8.216e+127, cond(Quu)=1.000e+00
    max|Quu|=1.658e+128, cond(Quu)=1.000e+00
    max|Quu|=3.346e+128, cond(Quu)=1.000e+00
    max|Quu|=6.753e+128, cond(Quu)=1.000e+00
    max|Quu|=1.363e+129, cond(Quu)=1.000e+00
    max|Quu|=2.750e+129, cond(Quu)=1.000e+00
    max|Quu|=5.550e+129, cond(Quu)=1.000e+00
    max|Quu|=1.120e+130, cond(Quu)=1.000e+00
    max|Quu|=2.259e+130, cond(Quu)=1.000e+00
    max|Quu|=4.559e+130, cond(Quu)=1.000e+00
    max|Quu|=9.198e+130, cond(Quu)=1.000e+00
    max|Quu|=1.856e+131, cond(Quu)=1.000e+00
    max|Quu|=3.744e+131, cond(Quu)=1.000e+00
    max|Quu|=7.553e+131, cond(Quu)=1.000e+00
    max|Quu|=1.524e+132, cond(Quu)=1.000e+00
    max|Quu|=3.074e+132, cond(Quu)=1.000e+00
    max|Quu|=6.200e+132, cond(Quu)=1.000e+00
    max|Quu|=1.251e+133, cond(Quu)=1.000e+00
    max|Quu|=2.522e+133, cond(Quu)=1.000e+00
    max|Quu|=5.087e+133, cond(Quu)=1.000e+00
    max|Quu|=1.026e+134, cond(Quu)=1.000e+00
    max|Quu|=2.069e+134, cond(Quu)=1.000e+00
    max|Quu|=4.172e+134, cond(Quu)=1.000e+00
    max|Quu|=8.414e+134, cond(Quu)=1.000e+00
    max|Quu|=1.697e+135, cond(Quu)=1.000e+00
    max|Quu|=3.421e+135, cond(Quu)=1.000e+00
    max|Quu|=6.897e+135, cond(Quu)=1.000e+00
    max|Quu|=1.390e+136, cond(Quu)=1.000e+00
    max|Quu|=2.803e+136, cond(Quu)=1.000e+00
    max|Quu|=5.651e+136, cond(Quu)=1.000e+00
    max|Quu|=1.139e+137, cond(Quu)=1.000e+00
    max|Quu|=2.296e+137, cond(Quu)=1.000e+00
    max|Quu|=4.627e+137, cond(Quu)=1.000e+00
    max|Quu|=9.325e+137, cond(Quu)=1.000e+00
    max|Quu|=1.879e+138, cond(Quu)=1.000e+00
    max|Quu|=3.787e+138, cond(Quu)=1.000e+00
    max|Quu|=7.631e+138, cond(Quu)=1.000e+00
    max|Quu|=1.537e+139, cond(Quu)=1.000e+00
    max|Quu|=3.098e+139, cond(Quu)=1.000e+00
    max|Quu|=6.241e+139, cond(Quu)=1.000e+00
    max|Quu|=1.257e+140, cond(Quu)=1.000e+00
    max|Quu|=2.533e+140, cond(Quu)=1.000e+00
    max|Quu|=5.102e+140, cond(Quu)=1.000e+00
    max|Quu|=1.028e+141, cond(Quu)=1.000e+00
    max|Quu|=2.070e+141, cond(Quu)=1.000e+00
    max|Quu|=4.168e+141, cond(Quu)=1.000e+00
    max|Quu|=8.395e+141, cond(Quu)=1.000e+00
    max|Quu|=1.691e+142, cond(Quu)=1.000e+00
    max|Quu|=3.404e+142, cond(Quu)=1.000e+00
    max|Quu|=6.855e+142, cond(Quu)=1.000e+00
    max|Quu|=1.380e+143, cond(Quu)=1.000e+00
    max|Quu|=2.779e+143, cond(Quu)=1.000e+00
    max|Quu|=5.594e+143, cond(Quu)=1.000e+00
    max|Quu|=1.126e+144, cond(Quu)=1.000e+00
    max|Quu|=2.267e+144, cond(Quu)=1.000e+00
    max|Quu|=4.564e+144, cond(Quu)=1.000e+00
    max|Quu|=9.186e+144, cond(Quu)=1.000e+00
    max|Quu|=1.849e+145, cond(Quu)=1.000e+00
    max|Quu|=3.721e+145, cond(Quu)=1.000e+00
    max|Quu|=7.490e+145, cond(Quu)=1.000e+00
    max|Quu|=1.507e+146, cond(Quu)=1.000e+00
    max|Quu|=3.033e+146, cond(Quu)=1.000e+00
    max|Quu|=6.104e+146, cond(Quu)=1.000e+00
    max|Quu|=1.228e+147, cond(Quu)=1.000e+00
    max|Quu|=2.472e+147, cond(Quu)=1.000e+00
    max|Quu|=4.974e+147, cond(Quu)=1.000e+00
    max|Quu|=1.001e+148, cond(Quu)=1.000e+00
    max|Quu|=2.014e+148, cond(Quu)=1.000e+00
    max|Quu|=4.053e+148, cond(Quu)=1.000e+00
    max|Quu|=8.154e+148, cond(Quu)=1.000e+00
    max|Quu|=1.641e+149, cond(Quu)=1.000e+00
    max|Quu|=3.301e+149, cond(Quu)=1.000e+00
    max|Quu|=6.643e+149, cond(Quu)=1.000e+00
    max|Quu|=1.337e+150, cond(Quu)=1.000e+00
    max|Quu|=2.689e+150, cond(Quu)=1.000e+00
    max|Quu|=5.411e+150, cond(Quu)=1.000e+00
    max|Quu|=1.089e+151, cond(Quu)=1.000e+00
    max|Quu|=2.191e+151, cond(Quu)=1.000e+00
    max|Quu|=4.408e+151, cond(Quu)=1.000e+00
    max|Quu|=8.868e+151, cond(Quu)=1.000e+00
    max|Quu|=1.784e+152, cond(Quu)=1.000e+00
    max|Quu|=3.590e+152, cond(Quu)=1.000e+00
    max|Quu|=7.223e+152, cond(Quu)=1.000e+00
    max|Quu|=1.453e+153, cond(Quu)=1.000e+00
    max|Quu|=2.924e+153, cond(Quu)=1.000e+00
    max|Quu|=5.883e+153, cond(Quu)=1.000e+00
    max|Quu|=1.184e+154, cond(Quu)=1.000e+00
    max|Quu|=2.381e+154, cond(Quu)=1.000e+00
    max|Quu|=4.792e+154, cond(Quu)=1.000e+00
    max|Quu|=9.640e+154, cond(Quu)=1.000e+00
    max|Quu|=1.940e+155, cond(Quu)=1.000e+00
    max|Quu|=3.902e+155, cond(Quu)=1.000e+00
    max|Quu|=7.851e+155, cond(Quu)=1.000e+00
    max|Quu|=1.580e+156, cond(Quu)=1.000e+00
    max|Quu|=3.178e+156, cond(Quu)=1.000e+00
    max|Quu|=6.394e+156, cond(Quu)=1.000e+00
    max|Quu|=1.287e+157, cond(Quu)=1.000e+00
    max|Quu|=2.588e+157, cond(Quu)=1.000e+00
Measured previous rollout {"cost": 424.6474000959754, "position_rmse": 0.2503246028269985}
Defect construction {"mean_absolute": 0.016489596420513973, "max_absolute": 0.6402338892963932, "max_timestep": 741, "max_state_dimension": 6, "max_state_name": "wheel_speed", "per_state_max_absolute": [0.011201130260354297, 0.011321427962835084, 0.007501660889913886, 0.027806428774785265, 0.07187136911182722, 0.10641532380403196, 0.6402338892963932, 7.105427357601002e-15, 5.551115123125783e-17]}
Defect reconstruction {"mean_absolute": 3.3942754358168023e-16, "max_absolute": 4.440892098500626e-15, "max_timestep": 594, "max_state_dimension": 0, "max_state_name": "x", "per_state_max_absolute": [4.440892098500626e-15, 3.1086244689504383e-15, 4.683753385137379e-16, 1.734723475976807e-18, 3.2526065174565133e-19, 1.3877787807814457e-17, 5.551115123125783e-17, 0.0, 0.0]}
alpha=0 max |U_forward - U_old|: 1.734501431371882e-12
Unchanged control baseline {"unchanged_defect": {"cost": 424.6474000959745, "position_rmse": 0.2503246028269981}, "unchanged_nominal": {"cost": 20722.422725987264, "position_rmse": 2.2436934251786367}}
Alpha candidate {"alpha": 0.5, "defect": {"cost": 415.7382737269161, "position_rmse": 0.24649356515192583}, "nominal": {"cost": 20518.282538142397, "position_rmse": 2.233504755236406}, "defect_improvement": 8.909126369058413, "nominal_improvement": 204.1401878448669}
Final selection {"status": "ACCEPT", "alpha": 0.5, "cost": 415.7382737269161, "reason": "Strictly lower defect-aware cost than unchanged-control prediction"}
STOP: candidate prepared; no actual rollout executed.
TRIAL {"trial": 10, "cost": 424.6474000959754, "position_rmse": 0.2503246028269985, "lateness_max": 0.002215651002188679, "rate_hz": 39.99977296087963, "period_ms_min": 23.628548999113264, "period_ms_max": 26.82024800014915, "selection": "ACCEPT", "update_seconds": 3.5859029439998267, "retries": 0}
Reset succeeded: [0. 0. 0. 0. 0. 0.]
    max|Quu|=1.000e+01, cond(Quu)=1.000e+05
    max|Quu|=1.313e+01, cond(Quu)=1.200e+05
    max|Quu|=1.551e+01, cond(Quu)=1.314e+05
    max|Quu|=1.668e+01, cond(Quu)=1.336e+05
    max|Quu|=1.713e+01, cond(Quu)=1.323e+05
    max|Quu|=1.729e+01, cond(Quu)=1.305e+05
    max|Quu|=1.734e+01, cond(Quu)=1.292e+05
    max|Quu|=1.736e+01, cond(Quu)=1.283e+05
    max|Quu|=1.737e+01, cond(Quu)=1.277e+05
    max|Quu|=1.737e+01, cond(Quu)=1.273e+05
    max|Quu|=1.737e+01, cond(Quu)=1.270e+05
    max|Quu|=1.737e+01, cond(Quu)=1.268e+05
    max|Quu|=1.737e+01, cond(Quu)=1.266e+05
    max|Quu|=1.737e+01, cond(Quu)=1.264e+05
    max|Quu|=1.737e+01, cond(Quu)=1.262e+05
    max|Quu|=1.737e+01, cond(Quu)=1.260e+05
    max|Quu|=1.737e+01, cond(Quu)=1.258e+05
    max|Quu|=1.737e+01, cond(Quu)=1.256e+05
    max|Quu|=1.737e+01, cond(Quu)=1.253e+05
    max|Quu|=1.737e+01, cond(Quu)=1.251e+05
    max|Quu|=1.737e+01, cond(Quu)=1.249e+05
    max|Quu|=1.737e+01, cond(Quu)=1.247e+05
    max|Quu|=1.737e+01, cond(Quu)=1.245e+05
    max|Quu|=1.737e+01, cond(Quu)=1.242e+05
    max|Quu|=1.737e+01, cond(Quu)=1.240e+05
    max|Quu|=1.737e+01, cond(Quu)=1.238e+05
    max|Quu|=1.737e+01, cond(Quu)=1.236e+05
    max|Quu|=1.737e+01, cond(Quu)=1.233e+05
    max|Quu|=1.737e+01, cond(Quu)=1.231e+05
    max|Quu|=1.737e+01, cond(Quu)=1.230e+05
    max|Quu|=1.737e+01, cond(Quu)=1.228e+05
    max|Quu|=1.738e+01, cond(Quu)=1.226e+05
    max|Quu|=1.738e+01, cond(Quu)=1.225e+05
    max|Quu|=1.738e+01, cond(Quu)=1.223e+05
    max|Quu|=1.738e+01, cond(Quu)=1.222e+05
    max|Quu|=1.738e+01, cond(Quu)=1.221e+05
    max|Quu|=1.738e+01, cond(Quu)=1.220e+05
    max|Quu|=1.738e+01, cond(Quu)=1.219e+05
    max|Quu|=1.738e+01, cond(Quu)=1.218e+05
    max|Quu|=1.739e+01, cond(Quu)=1.218e+05
    max|Quu|=1.739e+01, cond(Quu)=1.217e+05
    max|Quu|=1.739e+01, cond(Quu)=1.216e+05
    max|Quu|=1.739e+01, cond(Quu)=1.216e+05
    max|Quu|=1.740e+01, cond(Quu)=1.215e+05
    max|Quu|=1.740e+01, cond(Quu)=1.215e+05
    max|Quu|=1.740e+01, cond(Quu)=1.215e+05
    max|Quu|=1.741e+01, cond(Quu)=1.214e+05
    max|Quu|=1.741e+01, cond(Quu)=1.214e+05
    max|Quu|=1.741e+01, cond(Quu)=1.214e+05
    max|Quu|=1.742e+01, cond(Quu)=1.214e+05
    max|Quu|=1.742e+01, cond(Quu)=1.214e+05
    max|Quu|=1.743e+01, cond(Quu)=1.214e+05
    max|Quu|=1.743e+01, cond(Quu)=1.213e+05
    max|Quu|=1.743e+01, cond(Quu)=1.214e+05
    max|Quu|=1.744e+01, cond(Quu)=1.214e+05
    max|Quu|=1.745e+01, cond(Quu)=1.214e+05
    max|Quu|=1.745e+01, cond(Quu)=1.214e+05
    max|Quu|=1.746e+01, cond(Quu)=1.214e+05
    max|Quu|=1.746e+01, cond(Quu)=1.214e+05
    max|Quu|=1.747e+01, cond(Quu)=1.214e+05
    max|Quu|=1.747e+01, cond(Quu)=1.214e+05
    max|Quu|=1.748e+01, cond(Quu)=1.215e+05
    max|Quu|=1.749e+01, cond(Quu)=1.215e+05
    max|Quu|=1.749e+01, cond(Quu)=1.215e+05
    max|Quu|=1.750e+01, cond(Quu)=1.215e+05
    max|Quu|=1.751e+01, cond(Quu)=1.216e+05
    max|Quu|=1.751e+01, cond(Quu)=1.216e+05
    max|Quu|=1.752e+01, cond(Quu)=1.216e+05
    max|Quu|=1.752e+01, cond(Quu)=1.217e+05
    max|Quu|=1.753e+01, cond(Quu)=1.217e+05
    max|Quu|=1.754e+01, cond(Quu)=1.217e+05
    max|Quu|=1.754e+01, cond(Quu)=1.218e+05
    max|Quu|=1.755e+01, cond(Quu)=1.218e+05
    max|Quu|=1.756e+01, cond(Quu)=1.218e+05
    max|Quu|=1.756e+01, cond(Quu)=1.219e+05
    max|Quu|=1.757e+01, cond(Quu)=1.219e+05
    max|Quu|=1.758e+01, cond(Quu)=1.219e+05
    max|Quu|=1.758e+01, cond(Quu)=1.220e+05
    max|Quu|=1.759e+01, cond(Quu)=1.220e+05
    max|Quu|=1.760e+01, cond(Quu)=1.221e+05
    max|Quu|=1.760e+01, cond(Quu)=1.221e+05
    max|Quu|=1.761e+01, cond(Quu)=1.221e+05
    max|Quu|=1.762e+01, cond(Quu)=1.222e+05
    max|Quu|=1.762e+01, cond(Quu)=1.222e+05
    max|Quu|=1.763e+01, cond(Quu)=1.222e+05
    max|Quu|=1.763e+01, cond(Quu)=1.222e+05
    max|Quu|=1.764e+01, cond(Quu)=1.223e+05
    max|Quu|=1.764e+01, cond(Quu)=1.223e+05
    max|Quu|=1.765e+01, cond(Quu)=1.223e+05
    max|Quu|=1.766e+01, cond(Quu)=1.224e+05
    max|Quu|=1.766e+01, cond(Quu)=1.224e+05
    max|Quu|=1.766e+01, cond(Quu)=1.224e+05
    max|Quu|=1.767e+01, cond(Quu)=1.224e+05
    max|Quu|=1.767e+01, cond(Quu)=1.224e+05
    max|Quu|=1.767e+01, cond(Quu)=1.224e+05
    max|Quu|=1.768e+01, cond(Quu)=1.224e+05
    max|Quu|=1.768e+01, cond(Quu)=1.224e+05
    max|Quu|=1.768e+01, cond(Quu)=1.224e+05
    max|Quu|=1.768e+01, cond(Quu)=1.223e+05
    max|Quu|=1.768e+01, cond(Quu)=1.223e+05
    max|Quu|=1.769e+01, cond(Quu)=1.223e+05
    max|Quu|=1.769e+01, cond(Quu)=1.223e+05
    max|Quu|=1.769e+01, cond(Quu)=1.222e+05
    max|Quu|=1.768e+01, cond(Quu)=1.222e+05
    max|Quu|=1.768e+01, cond(Quu)=1.221e+05
    max|Quu|=1.768e+01, cond(Quu)=1.220e+05
    max|Quu|=1.767e+01, cond(Quu)=1.220e+05
    max|Quu|=1.767e+01, cond(Quu)=1.219e+05
    max|Quu|=1.767e+01, cond(Quu)=1.219e+05
    max|Quu|=1.767e+01, cond(Quu)=1.218e+05
    max|Quu|=1.767e+01, cond(Quu)=1.218e+05
    max|Quu|=1.767e+01, cond(Quu)=1.217e+05
    max|Quu|=1.767e+01, cond(Quu)=1.217e+05
    max|Quu|=1.766e+01, cond(Quu)=1.216e+05
    max|Quu|=1.766e+01, cond(Quu)=1.216e+05
    max|Quu|=1.766e+01, cond(Quu)=1.216e+05
    max|Quu|=1.765e+01, cond(Quu)=1.215e+05
    max|Quu|=1.765e+01, cond(Quu)=1.215e+05
    max|Quu|=1.764e+01, cond(Quu)=1.215e+05
    max|Quu|=1.764e+01, cond(Quu)=1.215e+05
    max|Quu|=1.764e+01, cond(Quu)=1.216e+05
    max|Quu|=1.764e+01, cond(Quu)=1.217e+05
    max|Quu|=1.764e+01, cond(Quu)=1.218e+05
    max|Quu|=1.764e+01, cond(Quu)=1.218e+05
    max|Quu|=1.764e+01, cond(Quu)=1.219e+05
    max|Quu|=1.764e+01, cond(Quu)=1.220e+05
    max|Quu|=1.764e+01, cond(Quu)=1.221e+05
    max|Quu|=1.764e+01, cond(Quu)=1.222e+05
    max|Quu|=1.764e+01, cond(Quu)=1.223e+05
    max|Quu|=1.764e+01, cond(Quu)=1.223e+05
    max|Quu|=1.763e+01, cond(Quu)=1.224e+05
    max|Quu|=1.763e+01, cond(Quu)=1.224e+05
    max|Quu|=1.763e+01, cond(Quu)=1.225e+05
    max|Quu|=1.763e+01, cond(Quu)=1.225e+05
    max|Quu|=1.763e+01, cond(Quu)=1.226e+05
    max|Quu|=1.763e+01, cond(Quu)=1.226e+05
    max|Quu|=1.763e+01, cond(Quu)=1.226e+05
    max|Quu|=1.763e+01, cond(Quu)=1.227e+05
    max|Quu|=1.763e+01, cond(Quu)=1.227e+05
    max|Quu|=1.763e+01, cond(Quu)=1.227e+05
    max|Quu|=1.763e+01, cond(Quu)=1.227e+05
    max|Quu|=1.763e+01, cond(Quu)=1.227e+05
    max|Quu|=1.763e+01, cond(Quu)=1.227e+05
    max|Quu|=1.763e+01, cond(Quu)=1.227e+05
    max|Quu|=1.763e+01, cond(Quu)=1.227e+05
    max|Quu|=1.763e+01, cond(Quu)=1.226e+05
    max|Quu|=1.763e+01, cond(Quu)=1.226e+05
    max|Quu|=1.763e+01, cond(Quu)=1.226e+05
    max|Quu|=1.763e+01, cond(Quu)=1.226e+05
    max|Quu|=1.763e+01, cond(Quu)=1.226e+05
    max|Quu|=1.764e+01, cond(Quu)=1.226e+05
    max|Quu|=1.764e+01, cond(Quu)=1.226e+05
    max|Quu|=1.764e+01, cond(Quu)=1.225e+05
    max|Quu|=1.764e+01, cond(Quu)=1.225e+05
    max|Quu|=1.764e+01, cond(Quu)=1.225e+05
    max|Quu|=1.764e+01, cond(Quu)=1.225e+05
    max|Quu|=1.764e+01, cond(Quu)=1.225e+05
    max|Quu|=1.764e+01, cond(Quu)=1.224e+05
    max|Quu|=1.765e+01, cond(Quu)=1.224e+05
    max|Quu|=1.765e+01, cond(Quu)=1.224e+05
    max|Quu|=1.765e+01, cond(Quu)=1.224e+05
    max|Quu|=1.765e+01, cond(Quu)=1.224e+05
    max|Quu|=1.765e+01, cond(Quu)=1.224e+05
    max|Quu|=1.765e+01, cond(Quu)=1.224e+05
    max|Quu|=1.766e+01, cond(Quu)=1.224e+05
    max|Quu|=1.766e+01, cond(Quu)=1.224e+05
    max|Quu|=1.766e+01, cond(Quu)=1.224e+05
    max|Quu|=1.766e+01, cond(Quu)=1.224e+05
    max|Quu|=1.766e+01, cond(Quu)=1.224e+05
    max|Quu|=1.766e+01, cond(Quu)=1.224e+05
    max|Quu|=1.767e+01, cond(Quu)=1.224e+05
    max|Quu|=1.767e+01, cond(Quu)=1.224e+05
    max|Quu|=1.767e+01, cond(Quu)=1.224e+05
    max|Quu|=1.767e+01, cond(Quu)=1.224e+05
    max|Quu|=1.768e+01, cond(Quu)=1.224e+05
    max|Quu|=1.768e+01, cond(Quu)=1.224e+05
    max|Quu|=1.768e+01, cond(Quu)=1.225e+05
    max|Quu|=1.768e+01, cond(Quu)=1.225e+05
    max|Quu|=1.768e+01, cond(Quu)=1.225e+05
    max|Quu|=1.769e+01, cond(Quu)=1.225e+05
    max|Quu|=1.769e+01, cond(Quu)=1.225e+05
    max|Quu|=1.769e+01, cond(Quu)=1.225e+05
    max|Quu|=1.769e+01, cond(Quu)=1.226e+05
    max|Quu|=1.770e+01, cond(Quu)=1.226e+05
    max|Quu|=1.770e+01, cond(Quu)=1.226e+05
    max|Quu|=1.770e+01, cond(Quu)=1.227e+05
    max|Quu|=1.771e+01, cond(Quu)=1.227e+05
    max|Quu|=1.771e+01, cond(Quu)=1.227e+05
    max|Quu|=1.771e+01, cond(Quu)=1.227e+05
    max|Quu|=1.771e+01, cond(Quu)=1.227e+05
    max|Quu|=1.771e+01, cond(Quu)=1.227e+05
    max|Quu|=1.771e+01, cond(Quu)=1.227e+05
    max|Quu|=1.771e+01, cond(Quu)=1.228e+05
    max|Quu|=1.771e+01, cond(Quu)=1.228e+05
    max|Quu|=1.771e+01, cond(Quu)=1.228e+05
    max|Quu|=1.771e+01, cond(Quu)=1.228e+05
    max|Quu|=1.772e+01, cond(Quu)=1.228e+05
    max|Quu|=1.772e+01, cond(Quu)=1.228e+05
    max|Quu|=1.772e+01, cond(Quu)=1.228e+05
    max|Quu|=1.772e+01, cond(Quu)=1.229e+05
    max|Quu|=1.772e+01, cond(Quu)=1.228e+05
    max|Quu|=1.772e+01, cond(Quu)=1.228e+05
    max|Quu|=1.772e+01, cond(Quu)=1.228e+05
    max|Quu|=1.772e+01, cond(Quu)=1.228e+05
    max|Quu|=1.772e+01, cond(Quu)=1.228e+05
    max|Quu|=1.772e+01, cond(Quu)=1.228e+05
    max|Quu|=1.772e+01, cond(Quu)=1.228e+05
    max|Quu|=1.771e+01, cond(Quu)=1.228e+05
    max|Quu|=1.771e+01, cond(Quu)=1.227e+05
    max|Quu|=1.771e+01, cond(Quu)=1.227e+05
    max|Quu|=1.771e+01, cond(Quu)=1.227e+05
    max|Quu|=1.771e+01, cond(Quu)=1.227e+05
    max|Quu|=1.771e+01, cond(Quu)=1.227e+05
    max|Quu|=1.771e+01, cond(Quu)=1.227e+05
    max|Quu|=1.771e+01, cond(Quu)=1.228e+05
    max|Quu|=1.772e+01, cond(Quu)=1.228e+05
    max|Quu|=1.772e+01, cond(Quu)=1.228e+05
    max|Quu|=1.772e+01, cond(Quu)=1.229e+05
    max|Quu|=1.772e+01, cond(Quu)=1.229e+05
    max|Quu|=1.772e+01, cond(Quu)=1.229e+05
    max|Quu|=1.772e+01, cond(Quu)=1.229e+05
    max|Quu|=1.772e+01, cond(Quu)=1.229e+05
    max|Quu|=1.772e+01, cond(Quu)=1.229e+05
    max|Quu|=1.772e+01, cond(Quu)=1.230e+05
    max|Quu|=1.772e+01, cond(Quu)=1.230e+05
    max|Quu|=1.772e+01, cond(Quu)=1.230e+05
    max|Quu|=1.772e+01, cond(Quu)=1.231e+05
    max|Quu|=1.772e+01, cond(Quu)=1.231e+05
    max|Quu|=1.772e+01, cond(Quu)=1.231e+05
    max|Quu|=1.773e+01, cond(Quu)=1.232e+05
    max|Quu|=1.773e+01, cond(Quu)=1.232e+05
    max|Quu|=1.773e+01, cond(Quu)=1.232e+05
    max|Quu|=1.773e+01, cond(Quu)=1.232e+05
    max|Quu|=1.773e+01, cond(Quu)=1.232e+05
    max|Quu|=1.773e+01, cond(Quu)=1.232e+05
    max|Quu|=1.773e+01, cond(Quu)=1.232e+05
    max|Quu|=1.773e+01, cond(Quu)=1.232e+05
    max|Quu|=1.773e+01, cond(Quu)=1.232e+05
    max|Quu|=1.773e+01, cond(Quu)=1.232e+05
    max|Quu|=1.773e+01, cond(Quu)=1.232e+05
    max|Quu|=1.773e+01, cond(Quu)=1.232e+05
    max|Quu|=1.773e+01, cond(Quu)=1.232e+05
    max|Quu|=1.773e+01, cond(Quu)=1.232e+05
    max|Quu|=1.773e+01, cond(Quu)=1.232e+05
    max|Quu|=1.773e+01, cond(Quu)=1.232e+05
    max|Quu|=1.774e+01, cond(Quu)=1.232e+05
    max|Quu|=1.774e+01, cond(Quu)=1.232e+05
    max|Quu|=1.773e+01, cond(Quu)=1.232e+05
    max|Quu|=1.773e+01, cond(Quu)=1.231e+05
    max|Quu|=1.773e+01, cond(Quu)=1.231e+05
    max|Quu|=1.773e+01, cond(Quu)=1.231e+05
    max|Quu|=1.772e+01, cond(Quu)=1.230e+05
    max|Quu|=1.771e+01, cond(Quu)=1.229e+05
    max|Quu|=1.770e+01, cond(Quu)=1.228e+05
    max|Quu|=1.768e+01, cond(Quu)=1.226e+05
    max|Quu|=1.765e+01, cond(Quu)=1.223e+05
    max|Quu|=1.761e+01, cond(Quu)=1.220e+05
    max|Quu|=1.754e+01, cond(Quu)=1.214e+05
    max|Quu|=1.744e+01, cond(Quu)=1.206e+05
    max|Quu|=1.730e+01, cond(Quu)=1.194e+05
    max|Quu|=1.709e+01, cond(Quu)=1.175e+05
    max|Quu|=1.675e+01, cond(Quu)=1.146e+05
    max|Quu|=1.624e+01, cond(Quu)=1.097e+05
    max|Quu|=1.540e+01, cond(Quu)=1.013e+05
    max|Quu|=1.397e+01, cond(Quu)=8.530e+04
    max|Quu|=1.137e+01, cond(Quu)=5.366e+04
    max|Quu|=6.700e+00, cond(Quu)=1.135e+04
    max|Quu|=1.955e+00, cond(Quu)=2.531e+02
    max|Quu|=2.469e+00, cond(Quu)=8.555e+01
    max|Quu|=2.816e+00, cond(Quu)=2.535e+01
    max|Quu|=2.811e+00, cond(Quu)=6.925e+00
    max|Quu|=2.846e+00, cond(Quu)=2.775e+00
    max|Quu|=5.709e+00, cond(Quu)=1.645e+00
    max|Quu|=1.218e+01, cond(Quu)=1.267e+00
    max|Quu|=2.595e+01, cond(Quu)=1.119e+00
    max|Quu|=5.523e+01, cond(Quu)=1.055e+00
    max|Quu|=1.174e+02, cond(Quu)=1.026e+00
    max|Quu|=2.493e+02, cond(Quu)=1.012e+00
    max|Quu|=5.287e+02, cond(Quu)=1.006e+00
    max|Quu|=1.120e+03, cond(Quu)=1.003e+00
    max|Quu|=2.371e+03, cond(Quu)=1.001e+00
    max|Quu|=5.012e+03, cond(Quu)=1.001e+00
    max|Quu|=1.059e+04, cond(Quu)=1.000e+00
    max|Quu|=2.234e+04, cond(Quu)=1.000e+00
    max|Quu|=4.709e+04, cond(Quu)=1.000e+00
    max|Quu|=9.917e+04, cond(Quu)=1.000e+00
    max|Quu|=2.087e+05, cond(Quu)=1.000e+00
    max|Quu|=4.387e+05, cond(Quu)=1.000e+00
    max|Quu|=9.218e+05, cond(Quu)=1.000e+00
    max|Quu|=1.935e+06, cond(Quu)=1.000e+00
    max|Quu|=4.060e+06, cond(Quu)=1.000e+00
    max|Quu|=8.509e+06, cond(Quu)=1.000e+00
    max|Quu|=1.782e+07, cond(Quu)=1.000e+00
    max|Quu|=3.729e+07, cond(Quu)=1.000e+00
    max|Quu|=7.798e+07, cond(Quu)=1.000e+00
    max|Quu|=1.630e+08, cond(Quu)=1.000e+00
    max|Quu|=3.404e+08, cond(Quu)=1.000e+00
    max|Quu|=7.103e+08, cond(Quu)=1.000e+00
    max|Quu|=1.481e+09, cond(Quu)=1.000e+00
    max|Quu|=3.087e+09, cond(Quu)=1.000e+00
    max|Quu|=6.427e+09, cond(Quu)=1.000e+00
    max|Quu|=1.338e+10, cond(Quu)=1.000e+00
    max|Quu|=2.782e+10, cond(Quu)=1.000e+00
    max|Quu|=5.783e+10, cond(Quu)=1.000e+00
    max|Quu|=1.201e+11, cond(Quu)=1.000e+00
    max|Quu|=2.494e+11, cond(Quu)=1.000e+00
    max|Quu|=5.173e+11, cond(Quu)=1.000e+00
    max|Quu|=1.073e+12, cond(Quu)=1.000e+00
    max|Quu|=2.222e+12, cond(Quu)=1.000e+00
    max|Quu|=4.601e+12, cond(Quu)=1.000e+00
    max|Quu|=9.522e+12, cond(Quu)=1.000e+00
    max|Quu|=1.969e+13, cond(Quu)=1.000e+00
    max|Quu|=4.070e+13, cond(Quu)=1.000e+00
    max|Quu|=8.406e+13, cond(Quu)=1.000e+00
    max|Quu|=1.735e+14, cond(Quu)=1.000e+00
    max|Quu|=3.579e+14, cond(Quu)=1.000e+00
    max|Quu|=7.381e+14, cond(Quu)=1.000e+00
    max|Quu|=1.521e+15, cond(Quu)=1.000e+00
    max|Quu|=3.134e+15, cond(Quu)=1.000e+00
    max|Quu|=6.452e+15, cond(Quu)=1.000e+00
    max|Quu|=1.328e+16, cond(Quu)=1.000e+00
    max|Quu|=2.731e+16, cond(Quu)=1.000e+00
    max|Quu|=5.613e+16, cond(Quu)=1.000e+00
    max|Quu|=1.153e+17, cond(Quu)=1.000e+00
    max|Quu|=2.369e+17, cond(Quu)=1.000e+00
    max|Quu|=4.862e+17, cond(Quu)=1.000e+00
    max|Quu|=9.977e+17, cond(Quu)=1.000e+00
    max|Quu|=2.046e+18, cond(Quu)=1.000e+00
    max|Quu|=4.194e+18, cond(Quu)=1.000e+00
    max|Quu|=8.593e+18, cond(Quu)=1.000e+00
    max|Quu|=1.760e+19, cond(Quu)=1.000e+00
    max|Quu|=3.602e+19, cond(Quu)=1.000e+00
    max|Quu|=7.372e+19, cond(Quu)=1.000e+00
    max|Quu|=1.508e+20, cond(Quu)=1.000e+00
    max|Quu|=3.083e+20, cond(Quu)=1.000e+00
    max|Quu|=6.300e+20, cond(Quu)=1.000e+00
    max|Quu|=1.287e+21, cond(Quu)=1.000e+00
    max|Quu|=2.627e+21, cond(Quu)=1.000e+00
    max|Quu|=5.362e+21, cond(Quu)=1.000e+00
    max|Quu|=1.094e+22, cond(Quu)=1.000e+00
    max|Quu|=2.231e+22, cond(Quu)=1.000e+00
    max|Quu|=4.548e+22, cond(Quu)=1.000e+00
    max|Quu|=9.268e+22, cond(Quu)=1.000e+00
    max|Quu|=1.888e+23, cond(Quu)=1.000e+00
    max|Quu|=3.844e+23, cond(Quu)=1.000e+00
    max|Quu|=7.825e+23, cond(Quu)=1.000e+00
    max|Quu|=1.592e+24, cond(Quu)=1.000e+00
    max|Quu|=3.238e+24, cond(Quu)=1.000e+00
    max|Quu|=6.583e+24, cond(Quu)=1.000e+00
    max|Quu|=1.338e+25, cond(Quu)=1.000e+00
    max|Quu|=2.718e+25, cond(Quu)=1.000e+00
    max|Quu|=5.520e+25, cond(Quu)=1.000e+00
    max|Quu|=1.121e+26, cond(Quu)=1.000e+00
    max|Quu|=2.274e+26, cond(Quu)=1.000e+00
    max|Quu|=4.614e+26, cond(Quu)=1.000e+00
    max|Quu|=9.356e+26, cond(Quu)=1.000e+00
    max|Quu|=1.897e+27, cond(Quu)=1.000e+00
    max|Quu|=3.844e+27, cond(Quu)=1.000e+00
    max|Quu|=7.789e+27, cond(Quu)=1.000e+00
    max|Quu|=1.577e+28, cond(Quu)=1.000e+00
    max|Quu|=3.194e+28, cond(Quu)=1.000e+00
    max|Quu|=6.464e+28, cond(Quu)=1.000e+00
    max|Quu|=1.308e+29, cond(Quu)=1.000e+00
    max|Quu|=2.646e+29, cond(Quu)=1.000e+00
    max|Quu|=5.349e+29, cond(Quu)=1.000e+00
    max|Quu|=1.081e+30, cond(Quu)=1.000e+00
    max|Quu|=2.185e+30, cond(Quu)=1.000e+00
    max|Quu|=4.414e+30, cond(Quu)=1.000e+00
    max|Quu|=8.913e+30, cond(Quu)=1.000e+00
    max|Quu|=1.799e+31, cond(Quu)=1.000e+00
    max|Quu|=3.631e+31, cond(Quu)=1.000e+00
    max|Quu|=7.326e+31, cond(Quu)=1.000e+00
    max|Quu|=1.477e+32, cond(Quu)=1.000e+00
    max|Quu|=2.979e+32, cond(Quu)=1.000e+00
    max|Quu|=6.004e+32, cond(Quu)=1.000e+00
    max|Quu|=1.210e+33, cond(Quu)=1.000e+00
    max|Quu|=2.437e+33, cond(Quu)=1.000e+00
    max|Quu|=4.908e+33, cond(Quu)=1.000e+00
    max|Quu|=9.880e+33, cond(Quu)=1.000e+00
    max|Quu|=1.988e+34, cond(Quu)=1.000e+00
    max|Quu|=4.000e+34, cond(Quu)=1.000e+00
    max|Quu|=8.046e+34, cond(Quu)=1.000e+00
    max|Quu|=1.618e+35, cond(Quu)=1.000e+00
    max|Quu|=3.252e+35, cond(Quu)=1.000e+00
    max|Quu|=6.535e+35, cond(Quu)=1.000e+00
    max|Quu|=1.313e+36, cond(Quu)=1.000e+00
    max|Quu|=2.637e+36, cond(Quu)=1.000e+00
    max|Quu|=5.293e+36, cond(Quu)=1.000e+00
    max|Quu|=1.062e+37, cond(Quu)=1.000e+00
    max|Quu|=2.132e+37, cond(Quu)=1.000e+00
    max|Quu|=4.276e+37, cond(Quu)=1.000e+00
    max|Quu|=8.575e+37, cond(Quu)=1.000e+00
    max|Quu|=1.719e+38, cond(Quu)=1.000e+00
    max|Quu|=3.445e+38, cond(Quu)=1.000e+00
    max|Quu|=6.902e+38, cond(Quu)=1.000e+00
    max|Quu|=1.382e+39, cond(Quu)=1.000e+00
    max|Quu|=2.768e+39, cond(Quu)=1.000e+00
    max|Quu|=5.540e+39, cond(Quu)=1.000e+00
    max|Quu|=1.109e+40, cond(Quu)=1.000e+00
    max|Quu|=2.217e+40, cond(Quu)=1.000e+00
    max|Quu|=4.434e+40, cond(Quu)=1.000e+00
    max|Quu|=8.864e+40, cond(Quu)=1.000e+00
    max|Quu|=1.771e+41, cond(Quu)=1.000e+00
    max|Quu|=3.538e+41, cond(Quu)=1.000e+00
    max|Quu|=7.065e+41, cond(Quu)=1.000e+00
    max|Quu|=1.410e+42, cond(Quu)=1.000e+00
    max|Quu|=2.814e+42, cond(Quu)=1.000e+00
    max|Quu|=5.612e+42, cond(Quu)=1.000e+00
    max|Quu|=1.119e+43, cond(Quu)=1.000e+00
    max|Quu|=2.230e+43, cond(Quu)=1.000e+00
    max|Quu|=4.443e+43, cond(Quu)=1.000e+00
    max|Quu|=8.848e+43, cond(Quu)=1.000e+00
    max|Quu|=1.761e+44, cond(Quu)=1.000e+00
    max|Quu|=3.505e+44, cond(Quu)=1.000e+00
    max|Quu|=6.971e+44, cond(Quu)=1.000e+00
    max|Quu|=1.386e+45, cond(Quu)=1.000e+00
    max|Quu|=2.754e+45, cond(Quu)=1.000e+00
    max|Quu|=5.470e+45, cond(Quu)=1.000e+00
    max|Quu|=1.086e+46, cond(Quu)=1.000e+00
    max|Quu|=2.155e+46, cond(Quu)=1.000e+00
    max|Quu|=4.275e+46, cond(Quu)=1.000e+00
    max|Quu|=8.476e+46, cond(Quu)=1.000e+00
    max|Quu|=1.680e+47, cond(Quu)=1.000e+00
    max|Quu|=3.326e+47, cond(Quu)=1.000e+00
    max|Quu|=6.584e+47, cond(Quu)=1.000e+00
    max|Quu|=1.303e+48, cond(Quu)=1.000e+00
    max|Quu|=2.575e+48, cond(Quu)=1.000e+00
    max|Quu|=5.089e+48, cond(Quu)=1.000e+00
    max|Quu|=1.005e+49, cond(Quu)=1.000e+00
    max|Quu|=1.983e+49, cond(Quu)=1.000e+00
    max|Quu|=3.911e+49, cond(Quu)=1.000e+00
    max|Quu|=7.706e+49, cond(Quu)=1.000e+00
    max|Quu|=1.517e+50, cond(Quu)=1.000e+00
    max|Quu|=2.985e+50, cond(Quu)=1.000e+00
    max|Quu|=5.867e+50, cond(Quu)=1.000e+00
    max|Quu|=1.152e+51, cond(Quu)=1.000e+00
    max|Quu|=2.261e+51, cond(Quu)=1.000e+00
    max|Quu|=4.433e+51, cond(Quu)=1.000e+00
    max|Quu|=8.680e+51, cond(Quu)=1.000e+00
    max|Quu|=1.698e+52, cond(Quu)=1.000e+00
    max|Quu|=3.318e+52, cond(Quu)=1.000e+00
    max|Quu|=6.475e+52, cond(Quu)=1.000e+00
    max|Quu|=1.262e+53, cond(Quu)=1.000e+00
    max|Quu|=2.455e+53, cond(Quu)=1.000e+00
    max|Quu|=4.770e+53, cond(Quu)=1.000e+00
    max|Quu|=9.252e+53, cond(Quu)=1.000e+00
    max|Quu|=1.791e+54, cond(Quu)=1.000e+00
    max|Quu|=3.462e+54, cond(Quu)=1.000e+00
    max|Quu|=6.676e+54, cond(Quu)=1.000e+00
    max|Quu|=1.285e+55, cond(Quu)=1.000e+00
    max|Quu|=2.465e+55, cond(Quu)=1.000e+00
    max|Quu|=4.717e+55, cond(Quu)=1.000e+00
    max|Quu|=8.996e+55, cond(Quu)=1.000e+00
    max|Quu|=1.709e+56, cond(Quu)=1.000e+00
    max|Quu|=3.236e+56, cond(Quu)=1.000e+00
    max|Quu|=6.098e+56, cond(Quu)=1.000e+00
    max|Quu|=1.143e+57, cond(Quu)=1.000e+00
    max|Quu|=2.130e+57, cond(Quu)=1.000e+00
    max|Quu|=3.936e+57, cond(Quu)=1.000e+00
    max|Quu|=7.215e+57, cond(Quu)=1.000e+00
    max|Quu|=1.309e+58, cond(Quu)=1.000e+00
    max|Quu|=2.346e+58, cond(Quu)=1.000e+00
    max|Quu|=4.137e+58, cond(Quu)=1.000e+00
    max|Quu|=7.141e+58, cond(Quu)=1.000e+00
    max|Quu|=1.195e+59, cond(Quu)=1.000e+00
    max|Quu|=1.913e+59, cond(Quu)=1.000e+00
    max|Quu|=2.857e+59, cond(Quu)=1.000e+00
    max|Quu|=3.745e+59, cond(Quu)=1.000e+00
    max|Quu|=3.490e+59, cond(Quu)=1.000e+00
    max|Quu|=1.143e+59, cond(Quu)=1.000e+00
    max|Quu|=1.878e+60, cond(Quu)=1.000e+00
    max|Quu|=7.103e+60, cond(Quu)=1.000e+00
    max|Quu|=2.100e+61, cond(Quu)=1.000e+00
    max|Quu|=5.576e+61, cond(Quu)=1.000e+00
    max|Quu|=1.394e+62, cond(Quu)=1.000e+00
    max|Quu|=3.355e+62, cond(Quu)=1.000e+00
    max|Quu|=7.859e+62, cond(Quu)=1.000e+00
    max|Quu|=1.805e+63, cond(Quu)=1.000e+00
    max|Quu|=4.083e+63, cond(Quu)=1.000e+00
    max|Quu|=9.125e+63, cond(Quu)=1.000e+00
    max|Quu|=2.020e+64, cond(Quu)=1.000e+00
    max|Quu|=4.433e+64, cond(Quu)=1.000e+00
    max|Quu|=9.666e+64, cond(Quu)=1.000e+00
    max|Quu|=2.095e+65, cond(Quu)=1.000e+00
    max|Quu|=4.513e+65, cond(Quu)=1.000e+00
    max|Quu|=9.675e+65, cond(Quu)=1.000e+00
    max|Quu|=2.066e+66, cond(Quu)=1.000e+00
    max|Quu|=4.399e+66, cond(Quu)=1.000e+00
    max|Quu|=9.334e+66, cond(Quu)=1.000e+00
    max|Quu|=1.975e+67, cond(Quu)=1.000e+00
    max|Quu|=4.167e+67, cond(Quu)=1.000e+00
    max|Quu|=8.771e+67, cond(Quu)=1.000e+00
    max|Quu|=1.841e+68, cond(Quu)=1.000e+00
    max|Quu|=3.857e+68, cond(Quu)=1.000e+00
    max|Quu|=8.064e+68, cond(Quu)=1.000e+00
    max|Quu|=1.683e+69, cond(Quu)=1.000e+00
    max|Quu|=3.508e+69, cond(Quu)=1.000e+00
    max|Quu|=7.298e+69, cond(Quu)=1.000e+00
    max|Quu|=1.516e+70, cond(Quu)=1.000e+00
    max|Quu|=3.146e+70, cond(Quu)=1.000e+00
    max|Quu|=6.520e+70, cond(Quu)=1.000e+00
    max|Quu|=1.349e+71, cond(Quu)=1.000e+00
    max|Quu|=2.789e+71, cond(Quu)=1.000e+00
    max|Quu|=5.757e+71, cond(Quu)=1.000e+00
    max|Quu|=1.187e+72, cond(Quu)=1.000e+00
    max|Quu|=2.446e+72, cond(Quu)=1.000e+00
    max|Quu|=5.035e+72, cond(Quu)=1.000e+00
    max|Quu|=1.035e+73, cond(Quu)=1.000e+00
    max|Quu|=2.128e+73, cond(Quu)=1.000e+00
    max|Quu|=4.369e+73, cond(Quu)=1.000e+00
    max|Quu|=8.963e+73, cond(Quu)=1.000e+00
    max|Quu|=1.838e+74, cond(Quu)=1.000e+00
    max|Quu|=3.765e+74, cond(Quu)=1.000e+00
    max|Quu|=7.709e+74, cond(Quu)=1.000e+00
    max|Quu|=1.577e+75, cond(Quu)=1.000e+00
    max|Quu|=3.225e+75, cond(Quu)=1.000e+00
    max|Quu|=6.592e+75, cond(Quu)=1.000e+00
    max|Quu|=1.346e+76, cond(Quu)=1.000e+00
    max|Quu|=2.749e+76, cond(Quu)=1.000e+00
    max|Quu|=5.609e+76, cond(Quu)=1.000e+00
    max|Quu|=1.144e+77, cond(Quu)=1.000e+00
    max|Quu|=2.332e+77, cond(Quu)=1.000e+00
    max|Quu|=4.751e+77, cond(Quu)=1.000e+00
    max|Quu|=9.677e+77, cond(Quu)=1.000e+00
    max|Quu|=1.970e+78, cond(Quu)=1.000e+00
    max|Quu|=4.009e+78, cond(Quu)=1.000e+00
    max|Quu|=8.155e+78, cond(Quu)=1.000e+00
    max|Quu|=1.658e+79, cond(Quu)=1.000e+00
    max|Quu|=3.370e+79, cond(Quu)=1.000e+00
    max|Quu|=6.848e+79, cond(Quu)=1.000e+00
    max|Quu|=1.391e+80, cond(Quu)=1.000e+00
    max|Quu|=2.825e+80, cond(Quu)=1.000e+00
    max|Quu|=5.734e+80, cond(Quu)=1.000e+00
    max|Quu|=1.164e+81, cond(Quu)=1.000e+00
    max|Quu|=2.361e+81, cond(Quu)=1.000e+00
    max|Quu|=4.787e+81, cond(Quu)=1.000e+00
    max|Quu|=9.707e+81, cond(Quu)=1.000e+00
    max|Quu|=1.968e+82, cond(Quu)=1.000e+00
    max|Quu|=3.987e+82, cond(Quu)=1.000e+00
    max|Quu|=8.078e+82, cond(Quu)=1.000e+00
    max|Quu|=1.636e+83, cond(Quu)=1.000e+00
    max|Quu|=3.313e+83, cond(Quu)=1.000e+00
    max|Quu|=6.708e+83, cond(Quu)=1.000e+00
    max|Quu|=1.358e+84, cond(Quu)=1.000e+00
    max|Quu|=2.748e+84, cond(Quu)=1.000e+00
    max|Quu|=5.559e+84, cond(Quu)=1.000e+00
    max|Quu|=1.125e+85, cond(Quu)=1.000e+00
    max|Quu|=2.275e+85, cond(Quu)=1.000e+00
    max|Quu|=4.602e+85, cond(Quu)=1.000e+00
    max|Quu|=9.305e+85, cond(Quu)=1.000e+00
    max|Quu|=1.881e+86, cond(Quu)=1.000e+00
    max|Quu|=3.803e+86, cond(Quu)=1.000e+00
    max|Quu|=7.687e+86, cond(Quu)=1.000e+00
    max|Quu|=1.553e+87, cond(Quu)=1.000e+00
    max|Quu|=3.139e+87, cond(Quu)=1.000e+00
    max|Quu|=6.342e+87, cond(Quu)=1.000e+00
    max|Quu|=1.281e+88, cond(Quu)=1.000e+00
    max|Quu|=2.588e+88, cond(Quu)=1.000e+00
    max|Quu|=5.226e+88, cond(Quu)=1.000e+00
    max|Quu|=1.055e+89, cond(Quu)=1.000e+00
    max|Quu|=2.131e+89, cond(Quu)=1.000e+00
    max|Quu|=4.304e+89, cond(Quu)=1.000e+00
    max|Quu|=8.690e+89, cond(Quu)=1.000e+00
    max|Quu|=1.754e+90, cond(Quu)=1.000e+00
    max|Quu|=3.542e+90, cond(Quu)=1.000e+00
    max|Quu|=7.150e+90, cond(Quu)=1.000e+00
    max|Quu|=1.443e+91, cond(Quu)=1.000e+00
    max|Quu|=2.913e+91, cond(Quu)=1.000e+00
    max|Quu|=5.879e+91, cond(Quu)=1.000e+00
    max|Quu|=1.186e+92, cond(Quu)=1.000e+00
    max|Quu|=2.394e+92, cond(Quu)=1.000e+00
    max|Quu|=4.832e+92, cond(Quu)=1.000e+00
    max|Quu|=9.750e+92, cond(Quu)=1.000e+00
    max|Quu|=1.967e+93, cond(Quu)=1.000e+00
    max|Quu|=3.970e+93, cond(Quu)=1.000e+00
    max|Quu|=8.012e+93, cond(Quu)=1.000e+00
    max|Quu|=1.617e+94, cond(Quu)=1.000e+00
    max|Quu|=3.263e+94, cond(Quu)=1.000e+00
    max|Quu|=6.585e+94, cond(Quu)=1.000e+00
    max|Quu|=1.329e+95, cond(Quu)=1.000e+00
    max|Quu|=2.683e+95, cond(Quu)=1.000e+00
    max|Quu|=5.415e+95, cond(Quu)=1.000e+00
    max|Quu|=1.093e+96, cond(Quu)=1.000e+00
    max|Quu|=2.206e+96, cond(Quu)=1.000e+00
    max|Quu|=4.453e+96, cond(Quu)=1.000e+00
    max|Quu|=8.988e+96, cond(Quu)=1.000e+00
    max|Quu|=1.814e+97, cond(Quu)=1.000e+00
    max|Quu|=3.663e+97, cond(Quu)=1.000e+00
    max|Quu|=7.395e+97, cond(Quu)=1.000e+00
    max|Quu|=1.493e+98, cond(Quu)=1.000e+00
    max|Quu|=3.015e+98, cond(Quu)=1.000e+00
    max|Quu|=6.088e+98, cond(Quu)=1.000e+00
    max|Quu|=1.230e+99, cond(Quu)=1.000e+00
    max|Quu|=2.483e+99, cond(Quu)=1.000e+00
    max|Quu|=5.016e+99, cond(Quu)=1.000e+00
    max|Quu|=1.013e+100, cond(Quu)=1.000e+00
    max|Quu|=2.047e+100, cond(Quu)=1.000e+00
    max|Quu|=4.134e+100, cond(Quu)=1.000e+00
    max|Quu|=8.351e+100, cond(Quu)=1.000e+00
    max|Quu|=1.687e+101, cond(Quu)=1.000e+00
    max|Quu|=3.409e+101, cond(Quu)=1.000e+00
    max|Quu|=6.887e+101, cond(Quu)=1.000e+00
    max|Quu|=1.392e+102, cond(Quu)=1.000e+00
    max|Quu|=2.812e+102, cond(Quu)=1.000e+00
    max|Quu|=5.683e+102, cond(Quu)=1.000e+00
    max|Quu|=1.149e+103, cond(Quu)=1.000e+00
    max|Quu|=2.322e+103, cond(Quu)=1.000e+00
    max|Quu|=4.693e+103, cond(Quu)=1.000e+00
    max|Quu|=9.488e+103, cond(Quu)=1.000e+00
    max|Quu|=1.918e+104, cond(Quu)=1.000e+00
    max|Quu|=3.878e+104, cond(Quu)=1.000e+00
    max|Quu|=7.842e+104, cond(Quu)=1.000e+00
    max|Quu|=1.586e+105, cond(Quu)=1.000e+00
    max|Quu|=3.207e+105, cond(Quu)=1.000e+00
    max|Quu|=6.485e+105, cond(Quu)=1.000e+00
    max|Quu|=1.312e+106, cond(Quu)=1.000e+00
    max|Quu|=2.653e+106, cond(Quu)=1.000e+00
    max|Quu|=5.366e+106, cond(Quu)=1.000e+00
    max|Quu|=1.086e+107, cond(Quu)=1.000e+00
    max|Quu|=2.196e+107, cond(Quu)=1.000e+00
    max|Quu|=4.443e+107, cond(Quu)=1.000e+00
    max|Quu|=8.989e+107, cond(Quu)=1.000e+00
    max|Quu|=1.819e+108, cond(Quu)=1.000e+00
    max|Quu|=3.680e+108, cond(Quu)=1.000e+00
    max|Quu|=7.446e+108, cond(Quu)=1.000e+00
    max|Quu|=1.507e+109, cond(Quu)=1.000e+00
    max|Quu|=3.049e+109, cond(Quu)=1.000e+00
    max|Quu|=6.171e+109, cond(Quu)=1.000e+00
    max|Quu|=1.249e+110, cond(Quu)=1.000e+00
    max|Quu|=2.528e+110, cond(Quu)=1.000e+00
    max|Quu|=5.116e+110, cond(Quu)=1.000e+00
    max|Quu|=1.036e+111, cond(Quu)=1.000e+00
    max|Quu|=2.096e+111, cond(Quu)=1.000e+00
    max|Quu|=4.243e+111, cond(Quu)=1.000e+00
    max|Quu|=8.588e+111, cond(Quu)=1.000e+00
    max|Quu|=1.738e+112, cond(Quu)=1.000e+00
    max|Quu|=3.519e+112, cond(Quu)=1.000e+00
    max|Quu|=7.123e+112, cond(Quu)=1.000e+00
    max|Quu|=1.442e+113, cond(Quu)=1.000e+00
    max|Quu|=2.919e+113, cond(Quu)=1.000e+00
    max|Quu|=5.909e+113, cond(Quu)=1.000e+00
    max|Quu|=1.196e+114, cond(Quu)=1.000e+00
    max|Quu|=2.422e+114, cond(Quu)=1.000e+00
    max|Quu|=4.903e+114, cond(Quu)=1.000e+00
    max|Quu|=9.925e+114, cond(Quu)=1.000e+00
    max|Quu|=2.009e+115, cond(Quu)=1.000e+00
    max|Quu|=4.067e+115, cond(Quu)=1.000e+00
    max|Quu|=8.233e+115, cond(Quu)=1.000e+00
    max|Quu|=1.666e+116, cond(Quu)=1.000e+00
    max|Quu|=3.373e+116, cond(Quu)=1.000e+00
    max|Quu|=6.826e+116, cond(Quu)=1.000e+00
    max|Quu|=1.381e+117, cond(Quu)=1.000e+00
    max|Quu|=2.796e+117, cond(Quu)=1.000e+00
    max|Quu|=5.658e+117, cond(Quu)=1.000e+00
    max|Quu|=1.145e+118, cond(Quu)=1.000e+00
    max|Quu|=2.317e+118, cond(Quu)=1.000e+00
    max|Quu|=4.687e+118, cond(Quu)=1.000e+00
    max|Quu|=9.482e+118, cond(Quu)=1.000e+00
    max|Quu|=1.918e+119, cond(Quu)=1.000e+00
    max|Quu|=3.880e+119, cond(Quu)=1.000e+00
    max|Quu|=7.847e+119, cond(Quu)=1.000e+00
    max|Quu|=1.587e+120, cond(Quu)=1.000e+00
    max|Quu|=3.208e+120, cond(Quu)=1.000e+00
    max|Quu|=6.485e+120, cond(Quu)=1.000e+00
    max|Quu|=1.311e+121, cond(Quu)=1.000e+00
    max|Quu|=2.649e+121, cond(Quu)=1.000e+00
    max|Quu|=5.353e+121, cond(Quu)=1.000e+00
    max|Quu|=1.081e+122, cond(Quu)=1.000e+00
    max|Quu|=2.185e+122, cond(Quu)=1.000e+00
    max|Quu|=4.414e+122, cond(Quu)=1.000e+00
    max|Quu|=8.915e+122, cond(Quu)=1.000e+00
    max|Quu|=1.801e+123, cond(Quu)=1.000e+00
    max|Quu|=3.637e+123, cond(Quu)=1.000e+00
    max|Quu|=7.344e+123, cond(Quu)=1.000e+00
    max|Quu|=1.483e+124, cond(Quu)=1.000e+00
    max|Quu|=2.995e+124, cond(Quu)=1.000e+00
    max|Quu|=6.048e+124, cond(Quu)=1.000e+00
    max|Quu|=1.221e+125, cond(Quu)=1.000e+00
    max|Quu|=2.466e+125, cond(Quu)=1.000e+00
    max|Quu|=4.977e+125, cond(Quu)=1.000e+00
    max|Quu|=1.005e+126, cond(Quu)=1.000e+00
    max|Quu|=2.028e+126, cond(Quu)=1.000e+00
    max|Quu|=4.094e+126, cond(Quu)=1.000e+00
    max|Quu|=8.264e+126, cond(Quu)=1.000e+00
    max|Quu|=1.668e+127, cond(Quu)=1.000e+00
    max|Quu|=3.367e+127, cond(Quu)=1.000e+00
    max|Quu|=6.795e+127, cond(Quu)=1.000e+00
    max|Quu|=1.371e+128, cond(Quu)=1.000e+00
    max|Quu|=2.768e+128, cond(Quu)=1.000e+00
    max|Quu|=5.585e+128, cond(Quu)=1.000e+00
    max|Quu|=1.127e+129, cond(Quu)=1.000e+00
    max|Quu|=2.274e+129, cond(Quu)=1.000e+00
    max|Quu|=4.589e+129, cond(Quu)=1.000e+00
    max|Quu|=9.259e+129, cond(Quu)=1.000e+00
    max|Quu|=1.868e+130, cond(Quu)=1.000e+00
    max|Quu|=3.769e+130, cond(Quu)=1.000e+00
    max|Quu|=7.604e+130, cond(Quu)=1.000e+00
    max|Quu|=1.534e+131, cond(Quu)=1.000e+00
    max|Quu|=3.095e+131, cond(Quu)=1.000e+00
    max|Quu|=6.243e+131, cond(Quu)=1.000e+00
    max|Quu|=1.259e+132, cond(Quu)=1.000e+00
    max|Quu|=2.540e+132, cond(Quu)=1.000e+00
    max|Quu|=5.123e+132, cond(Quu)=1.000e+00
    max|Quu|=1.033e+133, cond(Quu)=1.000e+00
    max|Quu|=2.083e+133, cond(Quu)=1.000e+00
    max|Quu|=4.201e+133, cond(Quu)=1.000e+00
    max|Quu|=8.472e+133, cond(Quu)=1.000e+00
    max|Quu|=1.708e+134, cond(Quu)=1.000e+00
    max|Quu|=3.444e+134, cond(Quu)=1.000e+00
    max|Quu|=6.944e+134, cond(Quu)=1.000e+00
    max|Quu|=1.400e+135, cond(Quu)=1.000e+00
    max|Quu|=2.822e+135, cond(Quu)=1.000e+00
    max|Quu|=5.690e+135, cond(Quu)=1.000e+00
    max|Quu|=1.147e+136, cond(Quu)=1.000e+00
    max|Quu|=2.312e+136, cond(Quu)=1.000e+00
    max|Quu|=4.659e+136, cond(Quu)=1.000e+00
    max|Quu|=9.389e+136, cond(Quu)=1.000e+00
    max|Quu|=1.892e+137, cond(Quu)=1.000e+00
    max|Quu|=3.812e+137, cond(Quu)=1.000e+00
    max|Quu|=7.681e+137, cond(Quu)=1.000e+00
    max|Quu|=1.548e+138, cond(Quu)=1.000e+00
    max|Quu|=3.118e+138, cond(Quu)=1.000e+00
    max|Quu|=6.281e+138, cond(Quu)=1.000e+00
    max|Quu|=1.265e+139, cond(Quu)=1.000e+00
    max|Quu|=2.549e+139, cond(Quu)=1.000e+00
    max|Quu|=5.133e+139, cond(Quu)=1.000e+00
    max|Quu|=1.034e+140, cond(Quu)=1.000e+00
    max|Quu|=2.082e+140, cond(Quu)=1.000e+00
    max|Quu|=4.193e+140, cond(Quu)=1.000e+00
    max|Quu|=8.443e+140, cond(Quu)=1.000e+00
    max|Quu|=1.700e+141, cond(Quu)=1.000e+00
    max|Quu|=3.423e+141, cond(Quu)=1.000e+00
    max|Quu|=6.892e+141, cond(Quu)=1.000e+00
    max|Quu|=1.388e+142, cond(Quu)=1.000e+00
    max|Quu|=2.793e+142, cond(Quu)=1.000e+00
    max|Quu|=5.623e+142, cond(Quu)=1.000e+00
    max|Quu|=1.132e+143, cond(Quu)=1.000e+00
    max|Quu|=2.278e+143, cond(Quu)=1.000e+00
    max|Quu|=4.585e+143, cond(Quu)=1.000e+00
    max|Quu|=9.228e+143, cond(Quu)=1.000e+00
    max|Quu|=1.857e+144, cond(Quu)=1.000e+00
    max|Quu|=3.737e+144, cond(Quu)=1.000e+00
    max|Quu|=7.521e+144, cond(Quu)=1.000e+00
    max|Quu|=1.513e+145, cond(Quu)=1.000e+00
    max|Quu|=3.045e+145, cond(Quu)=1.000e+00
    max|Quu|=6.127e+145, cond(Quu)=1.000e+00
    max|Quu|=1.233e+146, cond(Quu)=1.000e+00
    max|Quu|=2.480e+146, cond(Quu)=1.000e+00
    max|Quu|=4.990e+146, cond(Quu)=1.000e+00
    max|Quu|=1.004e+147, cond(Quu)=1.000e+00
    max|Quu|=2.019e+147, cond(Quu)=1.000e+00
    max|Quu|=4.063e+147, cond(Quu)=1.000e+00
    max|Quu|=8.173e+147, cond(Quu)=1.000e+00
    max|Quu|=1.644e+148, cond(Quu)=1.000e+00
    max|Quu|=3.307e+148, cond(Quu)=1.000e+00
    max|Quu|=6.654e+148, cond(Quu)=1.000e+00
    max|Quu|=1.338e+149, cond(Quu)=1.000e+00
    max|Quu|=2.693e+149, cond(Quu)=1.000e+00
    max|Quu|=5.416e+149, cond(Quu)=1.000e+00
    max|Quu|=1.090e+150, cond(Quu)=1.000e+00
    max|Quu|=2.192e+150, cond(Quu)=1.000e+00
    max|Quu|=4.409e+150, cond(Quu)=1.000e+00
    max|Quu|=8.869e+150, cond(Quu)=1.000e+00
    max|Quu|=1.784e+151, cond(Quu)=1.000e+00
    max|Quu|=3.589e+151, cond(Quu)=1.000e+00
    max|Quu|=7.219e+151, cond(Quu)=1.000e+00
    max|Quu|=1.452e+152, cond(Quu)=1.000e+00
    max|Quu|=2.921e+152, cond(Quu)=1.000e+00
    max|Quu|=5.876e+152, cond(Quu)=1.000e+00
    max|Quu|=1.182e+153, cond(Quu)=1.000e+00
    max|Quu|=2.378e+153, cond(Quu)=1.000e+00
    max|Quu|=4.782e+153, cond(Quu)=1.000e+00
    max|Quu|=9.620e+153, cond(Quu)=1.000e+00
    max|Quu|=1.935e+154, cond(Quu)=1.000e+00
    max|Quu|=3.893e+154, cond(Quu)=1.000e+00
    max|Quu|=7.830e+154, cond(Quu)=1.000e+00
    max|Quu|=1.575e+155, cond(Quu)=1.000e+00
    max|Quu|=3.168e+155, cond(Quu)=1.000e+00
    max|Quu|=6.373e+155, cond(Quu)=1.000e+00
    max|Quu|=1.282e+156, cond(Quu)=1.000e+00
    max|Quu|=2.579e+156, cond(Quu)=1.000e+00
    max|Quu|=5.187e+156, cond(Quu)=1.000e+00
    max|Quu|=1.043e+157, cond(Quu)=1.000e+00
Measured previous rollout {"cost": 421.15324991501194, "position_rmse": 0.24922289332281564}
Defect construction {"mean_absolute": 0.016417953573703032, "max_absolute": 0.6451546972458146, "max_timestep": 742, "max_state_dimension": 6, "max_state_name": "wheel_speed", "per_state_max_absolute": [0.011182974432244253, 0.011327438926617805, 0.007723737518039009, 0.030118184176945333, 0.07160269528036907, 0.10685307958382118, 0.6451546972458146, 7.105427357601002e-15, 8.326672684688674e-17]}
Defect reconstruction {"mean_absolute": 1.8595116178663632e-16, "max_absolute": 2.220446049250313e-15, "max_timestep": 698, "max_state_dimension": 0, "max_state_name": "x", "per_state_max_absolute": [2.220446049250313e-15, 1.0495077029659683e-15, 4.440892098500626e-16, 1.734723475976807e-18, 2.168404344971009e-19, 1.3877787807814457e-17, 1.3877787807814457e-17, 0.0, 0.0]}
alpha=0 max |U_forward - U_old|: 3.682693039408491e-12
Unchanged control baseline {"unchanged_defect": {"cost": 421.1532499150123, "position_rmse": 0.2492228933228158}, "unchanged_nominal": {"cost": 20518.282538142397, "position_rmse": 2.233504755236406}}
Alpha candidate {"alpha": 0.5, "defect": {"cost": 442.6229375587197, "position_rmse": 0.2578190777043964}, "nominal": {"cost": 20074.63922580461, "position_rmse": 2.2090936034128075}, "defect_improvement": -21.469687643707402, "nominal_improvement": 443.6433123377865}
Final selection {"status": "REJECT", "alpha": 0.0, "cost": 421.1532499150123, "reason": "No candidate improves unchanged-control model prediction; keeping previous controls."}
No candidate improves unchanged-control model prediction; keeping previous controls.
STOP: candidate prepared; no actual rollout executed.
TRIAL {"trial": 11, "cost": 421.15324991501194, "position_rmse": 0.24922289332281564, "lateness_max": 0.0022499049991893116, "rate_hz": 40.00031230525343, "period_ms_min": 23.386085998936323, "period_ms_max": 26.825942997675156, "selection": "REJECT", "update_seconds": 3.5798412959993584, "retries": 0}
